======================================================================
PATRICIA v4.3 + AURORA v4.3 - Multi-Model Agents
======================================================================

📊 Activating Patricia v4.3...
📊🧠🔄 Patricia v4.3
Role: Multi-Model Process Excellence Officer
🧠🔄 Brain v4.3 initializing...
Active model: antoniohudnall/Mort_II:latest
Available models: 5
  ✅ ACTIVE Mort_II (Primary) (antoniohudnall/Mort_II:latest)
  ⏳ standby Phi-3 (Fast) (phi3:latest)
  ⏳ standby TinyLlama (Tiny) (tinyllama:latest)
  ⏳ standby Qwen 2.5 (qwen2.5:3b)
  ⏳ standby Llama 3.2 (llama3.2:latest)
🎓 Continuous learning with multi-model support

✅ Brain v4.3 ready

To switch models:
  brain.switch_to_model('phi3:latest')
  brain.switch_to_model('tinyllama:latest')

----------------------------------------------------------------------
MODEL SWITCHING DEMO
----------------------------------------------------------------------

📋 Available Models:
  🟢 Mort_II (Primary) (antoniohudnall/Mort_II:latest)
  ⚪ Phi-3 (Fast) (phi3:latest)
  ⚪ TinyLlama (Tiny) (tinyllama:latest)
  ⚪ Qwen 2.5 (qwen2.5:3b)
  ⚪ Llama 3.2 (llama3.2:latest)

======================================================================
DOWNLOAD INSTRUCTIONS
======================================================================

To download a model:

1. Check available models:
   ollama list

2. Download a model:
   ollama pull phi3:latest
   ollama pull tinyllama:latest
   ollama pull qwen2.5:3b

3. Verify download:
   ollama list

4. Test the model:
   ollama run phi3:latest "Hello world"


======================================================================
STANDALONE TEST
======================================================================

To test phi3 standalone:
  python patricia_v4_3_multi_model.py test phi3

To test tinyllama standalone:
  python patricia_v4_3_multi_model.py test tinyllama
[2026-06-17 20:16:31] Patricia v4.3 Service starting...
[2026-06-17 20:16:31] Patricia v4.3 Service starting...
🧠🔄 Brain v4.3 initializing...
Active model: antoniohudnall/Mort_II:latest
Available models: 5
  ✅ ACTIVE Mort_II (Primary) (antoniohudnall/Mort_II:latest)
  ⏳ standby Phi-3 (Fast) (phi3:latest)
  ⏳ standby TinyLlama (Tiny) (tinyllama:latest)
  ⏳ standby Qwen 2.5 (qwen2.5:3b)
  ⏳ standby Llama 3.2 (llama3.2:latest)
🎓 Continuous learning with multi-model support

✅ Brain v4.3 ready

To switch models:
  brain.switch_to_model('phi3:latest')
  brain.switch_to_model('tinyllama:latest')
[2026-06-17 20:16:31] ✅ Brain ready - Active model: antoniohudnall/Mort_II:latest
[2026-06-17 20:16:31] ✅ Brain ready - Active model: antoniohudnall/Mort_II:latest
[2026-06-17 20:16:31] 💓 Heartbeat - Brain active
[2026-06-17 20:16:31] 💓 Heartbeat - Brain active
[2026-06-17 20:21:31] 💓 Heartbeat - Brain active
[2026-06-17 20:21:31] 💓 Heartbeat - Brain active
[2026-06-17 20:26:31] 💓 Heartbeat - Brain active
[2026-06-17 20:26:31] 💓 Heartbeat - Brain active
[2026-06-17 20:31:31] 💓 Heartbeat - Brain active
[2026-06-17 20:31:31] 💓 Heartbeat - Brain active
[2026-06-17 20:36:32] 💓 Heartbeat - Brain active
[2026-06-17 20:36:32] 💓 Heartbeat - Brain active
[2026-06-17 20:41:32] 💓 Heartbeat - Brain active
[2026-06-17 20:41:32] 💓 Heartbeat - Brain active
[2026-06-17 20:46:32] 💓 Heartbeat - Brain active
[2026-06-17 20:46:32] 💓 Heartbeat - Brain active
[2026-06-17 20:51:32] 💓 Heartbeat - Brain active
[2026-06-17 20:51:32] 💓 Heartbeat - Brain active
[2026-06-17 20:56:32] 💓 Heartbeat - Brain active
[2026-06-17 20:56:32] 💓 Heartbeat - Brain active
[2026-06-17 21:01:32] 💓 Heartbeat - Brain active
[2026-06-17 21:01:32] 💓 Heartbeat - Brain active
[2026-06-17 21:06:32] 💓 Heartbeat - Brain active
[2026-06-17 21:06:32] 💓 Heartbeat - Brain active
[2026-06-17 21:11:32] 💓 Heartbeat - Brain active
[2026-06-17 21:11:32] 💓 Heartbeat - Brain active
[2026-06-17 21:16:32] 💓 Heartbeat - Brain active
[2026-06-17 21:16:32] 💓 Heartbeat - Brain active
[2026-06-17 21:21:32] 💓 Heartbeat - Brain active
[2026-06-17 21:21:32] 💓 Heartbeat - Brain active
[2026-06-17 21:26:32] 💓 Heartbeat - Brain active
[2026-06-17 21:26:32] 💓 Heartbeat - Brain active
[2026-06-17 21:31:32] 💓 Heartbeat - Brain active
[2026-06-17 21:31:32] 💓 Heartbeat - Brain active
[2026-06-17 21:36:48] 💓 Heartbeat - Brain active
[2026-06-17 21:36:48] 💓 Heartbeat - Brain active
[2026-06-17 21:41:48] 💓 Heartbeat - Brain active
[2026-06-17 21:41:48] 💓 Heartbeat - Brain active
[2026-06-17 21:51:52] 💓 Heartbeat - Brain active
[2026-06-17 21:51:52] 💓 Heartbeat - Brain active
[2026-06-17 21:56:52] 💓 Heartbeat - Brain active
[2026-06-17 21:56:52] 💓 Heartbeat - Brain active
[2026-06-17 22:01:52] 💓 Heartbeat - Brain active
[2026-06-17 22:01:52] 💓 Heartbeat - Brain active
[2026-06-17 22:06:52] 💓 Heartbeat - Brain active
[2026-06-17 22:06:52] 💓 Heartbeat - Brain active
[2026-06-17 22:11:52] 💓 Heartbeat - Brain active
[2026-06-17 22:11:52] 💓 Heartbeat - Brain active
[2026-06-17 22:16:52] 💓 Heartbeat - Brain active
[2026-06-17 22:16:52] 💓 Heartbeat - Brain active
[2026-06-17 22:21:52] 💓 Heartbeat - Brain active
[2026-06-17 22:21:52] 💓 Heartbeat - Brain active
[2026-06-17 22:26:52] 💓 Heartbeat - Brain active
[2026-06-17 22:26:52] 💓 Heartbeat - Brain active
[2026-06-17 22:31:52] 💓 Heartbeat - Brain active
[2026-06-17 22:31:52] 💓 Heartbeat - Brain active
[2026-06-17 22:36:52] 💓 Heartbeat - Brain active
[2026-06-17 22:36:52] 💓 Heartbeat - Brain active
[2026-06-17 22:41:52] 💓 Heartbeat - Brain active
[2026-06-17 22:41:52] 💓 Heartbeat - Brain active
[2026-06-17 22:46:52] 💓 Heartbeat - Brain active
[2026-06-17 22:46:52] 💓 Heartbeat - Brain active
[2026-06-17 22:51:52] 💓 Heartbeat - Brain active
[2026-06-17 22:51:52] 💓 Heartbeat - Brain active
[2026-06-17 22:56:52] 💓 Heartbeat - Brain active
[2026-06-17 22:56:52] 💓 Heartbeat - Brain active
[2026-06-17 23:01:52] 💓 Heartbeat - Brain active
[2026-06-17 23:01:52] 💓 Heartbeat - Brain active
[2026-06-17 23:06:52] 💓 Heartbeat - Brain active
[2026-06-17 23:06:52] 💓 Heartbeat - Brain active
[2026-06-17 23:11:52] 💓 Heartbeat - Brain active
[2026-06-17 23:11:52] 💓 Heartbeat - Brain active
[2026-06-17 23:16:52] 💓 Heartbeat - Brain active
[2026-06-17 23:16:52] 💓 Heartbeat - Brain active
[2026-06-17 23:21:52] 💓 Heartbeat - Brain active
[2026-06-17 23:21:52] 💓 Heartbeat - Brain active
[2026-06-17 23:26:52] 💓 Heartbeat - Brain active
[2026-06-17 23:26:52] 💓 Heartbeat - Brain active
[2026-06-17 23:31:52] 💓 Heartbeat - Brain active
[2026-06-17 23:31:52] 💓 Heartbeat - Brain active
[2026-06-17 23:36:52] 💓 Heartbeat - Brain active
[2026-06-17 23:36:52] 💓 Heartbeat - Brain active
[2026-06-17 23:41:52] 💓 Heartbeat - Brain active
[2026-06-17 23:41:52] 💓 Heartbeat - Brain active
[2026-06-17 23:46:52] 💓 Heartbeat - Brain active
[2026-06-17 23:46:52] 💓 Heartbeat - Brain active
[2026-06-17 23:51:52] 💓 Heartbeat - Brain active
[2026-06-17 23:51:52] 💓 Heartbeat - Brain active
[2026-06-17 23:56:52] 💓 Heartbeat - Brain active
[2026-06-17 23:56:52] 💓 Heartbeat - Brain active
[2026-06-18 00:01:52] 💓 Heartbeat - Brain active
[2026-06-18 00:01:52] 💓 Heartbeat - Brain active
[2026-06-18 00:06:52] 💓 Heartbeat - Brain active
[2026-06-18 00:06:52] 💓 Heartbeat - Brain active
[2026-06-18 00:11:52] 💓 Heartbeat - Brain active
[2026-06-18 00:11:52] 💓 Heartbeat - Brain active
[2026-06-18 00:16:52] 💓 Heartbeat - Brain active
[2026-06-18 00:16:52] 💓 Heartbeat - Brain active
[2026-06-18 00:21:52] 💓 Heartbeat - Brain active
[2026-06-18 00:21:52] 💓 Heartbeat - Brain active
[2026-06-18 00:26:52] 💓 Heartbeat - Brain active
[2026-06-18 00:26:52] 💓 Heartbeat - Brain active
[2026-06-18 00:31:52] 💓 Heartbeat - Brain active
[2026-06-18 00:31:52] 💓 Heartbeat - Brain active
[2026-06-18 00:36:52] 💓 Heartbeat - Brain active
[2026-06-18 00:36:52] 💓 Heartbeat - Brain active
[2026-06-18 00:41:52] 💓 Heartbeat - Brain active
[2026-06-18 00:41:52] 💓 Heartbeat - Brain active
[2026-06-18 00:46:52] 💓 Heartbeat - Brain active
[2026-06-18 00:46:52] 💓 Heartbeat - Brain active
[2026-06-18 00:51:52] 💓 Heartbeat - Brain active
[2026-06-18 00:51:52] 💓 Heartbeat - Brain active
[2026-06-18 00:56:52] 💓 Heartbeat - Brain active
[2026-06-18 00:56:52] 💓 Heartbeat - Brain active
[2026-06-18 01:01:52] 💓 Heartbeat - Brain active
[2026-06-18 01:01:52] 💓 Heartbeat - Brain active
[2026-06-18 01:06:52] 💓 Heartbeat - Brain active
[2026-06-18 01:06:52] 💓 Heartbeat - Brain active
[2026-06-18 01:11:52] 💓 Heartbeat - Brain active
[2026-06-18 01:11:52] 💓 Heartbeat - Brain active
[2026-06-18 01:16:52] 💓 Heartbeat - Brain active
[2026-06-18 01:16:52] 💓 Heartbeat - Brain active
[2026-06-18 01:21:52] 💓 Heartbeat - Brain active
[2026-06-18 01:21:52] 💓 Heartbeat - Brain active
[2026-06-18 01:26:52] 💓 Heartbeat - Brain active
[2026-06-18 01:26:52] 💓 Heartbeat - Brain active
[2026-06-18 01:31:52] 💓 Heartbeat - Brain active
[2026-06-18 01:31:52] 💓 Heartbeat - Brain active
[2026-06-18 01:36:52] 💓 Heartbeat - Brain active
[2026-06-18 01:36:52] 💓 Heartbeat - Brain active
[2026-06-18 01:41:52] 💓 Heartbeat - Brain active
[2026-06-18 01:41:52] 💓 Heartbeat - Brain active
[2026-06-18 01:46:52] 💓 Heartbeat - Brain active
[2026-06-18 01:46:52] 💓 Heartbeat - Brain active
[2026-06-18 01:51:52] 💓 Heartbeat - Brain active
[2026-06-18 01:51:52] 💓 Heartbeat - Brain active
[2026-06-18 01:56:52] 💓 Heartbeat - Brain active
[2026-06-18 01:56:52] 💓 Heartbeat - Brain active
[2026-06-18 02:01:52] 💓 Heartbeat - Brain active
[2026-06-18 02:01:52] 💓 Heartbeat - Brain active
[2026-06-18 02:06:52] 💓 Heartbeat - Brain active
[2026-06-18 02:06:52] 💓 Heartbeat - Brain active
[2026-06-18 02:11:52] 💓 Heartbeat - Brain active
[2026-06-18 02:11:52] 💓 Heartbeat - Brain active
[2026-06-18 02:16:52] 💓 Heartbeat - Brain active
[2026-06-18 02:16:52] 💓 Heartbeat - Brain active
[2026-06-18 02:21:52] 💓 Heartbeat - Brain active
[2026-06-18 02:21:52] 💓 Heartbeat - Brain active
[2026-06-18 02:26:52] 💓 Heartbeat - Brain active
[2026-06-18 02:26:52] 💓 Heartbeat - Brain active
[2026-06-18 02:31:52] 💓 Heartbeat - Brain active
[2026-06-18 02:31:52] 💓 Heartbeat - Brain active
[2026-06-18 02:36:52] 💓 Heartbeat - Brain active
[2026-06-18 02:36:52] 💓 Heartbeat - Brain active
[2026-06-18 02:41:52] 💓 Heartbeat - Brain active
[2026-06-18 02:41:52] 💓 Heartbeat - Brain active
[2026-06-18 02:46:52] 💓 Heartbeat - Brain active
[2026-06-18 02:46:52] 💓 Heartbeat - Brain active
[2026-06-18 02:51:52] 💓 Heartbeat - Brain active
[2026-06-18 02:51:52] 💓 Heartbeat - Brain active
[2026-06-18 02:56:52] 💓 Heartbeat - Brain active
[2026-06-18 02:56:52] 💓 Heartbeat - Brain active
[2026-06-18 03:01:52] 💓 Heartbeat - Brain active
[2026-06-18 03:01:52] 💓 Heartbeat - Brain active
[2026-06-18 03:06:52] 💓 Heartbeat - Brain active
[2026-06-18 03:06:52] 💓 Heartbeat - Brain active
[2026-06-18 03:11:52] 💓 Heartbeat - Brain active
[2026-06-18 03:11:52] 💓 Heartbeat - Brain active
[2026-06-18 03:16:52] 💓 Heartbeat - Brain active
[2026-06-18 03:16:52] 💓 Heartbeat - Brain active
[2026-06-18 03:21:52] 💓 Heartbeat - Brain active
[2026-06-18 03:21:52] 💓 Heartbeat - Brain active
[2026-06-18 03:26:52] 💓 Heartbeat - Brain active
[2026-06-18 03:26:52] 💓 Heartbeat - Brain active
[2026-06-18 03:31:52] 💓 Heartbeat - Brain active
[2026-06-18 03:31:52] 💓 Heartbeat - Brain active
[2026-06-18 03:36:52] 💓 Heartbeat - Brain active
[2026-06-18 03:36:52] 💓 Heartbeat - Brain active
[2026-06-18 03:41:52] 💓 Heartbeat - Brain active
[2026-06-18 03:41:52] 💓 Heartbeat - Brain active
[2026-06-18 03:46:52] 💓 Heartbeat - Brain active
[2026-06-18 03:46:52] 💓 Heartbeat - Brain active
[2026-06-18 03:51:52] 💓 Heartbeat - Brain active
[2026-06-18 03:51:52] 💓 Heartbeat - Brain active
[2026-06-18 03:56:52] 💓 Heartbeat - Brain active
[2026-06-18 03:56:52] 💓 Heartbeat - Brain active
[2026-06-18 04:01:52] 💓 Heartbeat - Brain active
[2026-06-18 04:01:52] 💓 Heartbeat - Brain active
[2026-06-18 04:06:52] 💓 Heartbeat - Brain active
[2026-06-18 04:06:52] 💓 Heartbeat - Brain active
[2026-06-18 04:11:52] 💓 Heartbeat - Brain active
[2026-06-18 04:11:52] 💓 Heartbeat - Brain active
[2026-06-18 04:16:52] 💓 Heartbeat - Brain active
[2026-06-18 04:16:52] 💓 Heartbeat - Brain active
[2026-06-18 04:21:52] 💓 Heartbeat - Brain active
[2026-06-18 04:21:52] 💓 Heartbeat - Brain active
[2026-06-18 04:26:52] 💓 Heartbeat - Brain active
[2026-06-18 04:26:52] 💓 Heartbeat - Brain active
[2026-06-18 04:31:52] 💓 Heartbeat - Brain active
[2026-06-18 04:31:52] 💓 Heartbeat - Brain active
[2026-06-18 04:36:52] 💓 Heartbeat - Brain active
[2026-06-18 04:36:52] 💓 Heartbeat - Brain active
[2026-06-18 04:41:52] 💓 Heartbeat - Brain active
[2026-06-18 04:41:52] 💓 Heartbeat - Brain active
[2026-06-18 04:46:52] 💓 Heartbeat - Brain active
[2026-06-18 04:46:52] 💓 Heartbeat - Brain active
[2026-06-18 04:51:52] 💓 Heartbeat - Brain active
[2026-06-18 04:51:52] 💓 Heartbeat - Brain active
[2026-06-18 04:56:52] 💓 Heartbeat - Brain active
[2026-06-18 04:56:52] 💓 Heartbeat - Brain active
[2026-06-18 05:01:52] 💓 Heartbeat - Brain active
[2026-06-18 05:01:52] 💓 Heartbeat - Brain active
[2026-06-18 05:06:52] 💓 Heartbeat - Brain active
[2026-06-18 05:06:52] 💓 Heartbeat - Brain active
[2026-06-18 05:11:52] 💓 Heartbeat - Brain active
[2026-06-18 05:11:52] 💓 Heartbeat - Brain active
[2026-06-18 05:16:52] 💓 Heartbeat - Brain active
[2026-06-18 05:16:52] 💓 Heartbeat - Brain active
[2026-06-18 05:21:52] 💓 Heartbeat - Brain active
[2026-06-18 05:21:52] 💓 Heartbeat - Brain active
[2026-06-18 05:26:53] 💓 Heartbeat - Brain active
[2026-06-18 05:26:53] 💓 Heartbeat - Brain active
[2026-06-18 05:31:53] 💓 Heartbeat - Brain active
[2026-06-18 05:31:53] 💓 Heartbeat - Brain active
[2026-06-18 05:36:53] 💓 Heartbeat - Brain active
[2026-06-18 05:36:53] 💓 Heartbeat - Brain active
[2026-06-18 05:41:53] 💓 Heartbeat - Brain active
[2026-06-18 05:41:53] 💓 Heartbeat - Brain active
[2026-06-18 05:46:53] 💓 Heartbeat - Brain active
[2026-06-18 05:46:53] 💓 Heartbeat - Brain active
[2026-06-18 05:51:53] 💓 Heartbeat - Brain active
[2026-06-18 05:51:53] 💓 Heartbeat - Brain active
[2026-06-18 05:56:53] 💓 Heartbeat - Brain active
[2026-06-18 05:56:53] 💓 Heartbeat - Brain active
[2026-06-18 06:01:53] 💓 Heartbeat - Brain active
[2026-06-18 06:01:53] 💓 Heartbeat - Brain active
[2026-06-18 06:06:53] 💓 Heartbeat - Brain active
[2026-06-18 06:06:53] 💓 Heartbeat - Brain active
[2026-06-18 06:11:53] 💓 Heartbeat - Brain active
[2026-06-18 06:11:53] 💓 Heartbeat - Brain active
[2026-06-18 06:16:53] 💓 Heartbeat - Brain active
[2026-06-18 06:16:53] 💓 Heartbeat - Brain active
[2026-06-18 06:21:53] 💓 Heartbeat - Brain active
[2026-06-18 06:21:53] 💓 Heartbeat - Brain active
[2026-06-18 06:26:53] 💓 Heartbeat - Brain active
[2026-06-18 06:26:53] 💓 Heartbeat - Brain active
[2026-06-18 06:31:53] 💓 Heartbeat - Brain active
[2026-06-18 06:31:53] 💓 Heartbeat - Brain active
[2026-06-18 06:36:53] 💓 Heartbeat - Brain active
[2026-06-18 06:36:53] 💓 Heartbeat - Brain active
[2026-06-18 06:41:53] 💓 Heartbeat - Brain active
[2026-06-18 06:41:53] 💓 Heartbeat - Brain active
[2026-06-18 06:46:53] 💓 Heartbeat - Brain active
[2026-06-18 06:46:53] 💓 Heartbeat - Brain active
[2026-06-18 06:51:53] 💓 Heartbeat - Brain active
[2026-06-18 06:51:53] 💓 Heartbeat - Brain active
[2026-06-18 06:56:53] 💓 Heartbeat - Brain active
[2026-06-18 06:56:53] 💓 Heartbeat - Brain active
[2026-06-18 07:01:53] 💓 Heartbeat - Brain active
[2026-06-18 07:01:53] 💓 Heartbeat - Brain active
[2026-06-18 07:06:53] 💓 Heartbeat - Brain active
[2026-06-18 07:06:53] 💓 Heartbeat - Brain active
[2026-06-18 07:11:53] 💓 Heartbeat - Brain active
[2026-06-18 07:11:53] 💓 Heartbeat - Brain active
[2026-06-18 07:16:53] 💓 Heartbeat - Brain active
[2026-06-18 07:16:53] 💓 Heartbeat - Brain active
[2026-06-18 07:21:53] 💓 Heartbeat - Brain active
[2026-06-18 07:21:53] 💓 Heartbeat - Brain active
[2026-06-18 07:26:53] 💓 Heartbeat - Brain active
[2026-06-18 07:26:53] 💓 Heartbeat - Brain active
[2026-06-18 07:31:53] 💓 Heartbeat - Brain active
[2026-06-18 07:31:53] 💓 Heartbeat - Brain active
[2026-06-18 07:36:53] 💓 Heartbeat - Brain active
[2026-06-18 07:36:53] 💓 Heartbeat - Brain active
[2026-06-18 07:41:53] 💓 Heartbeat - Brain active
[2026-06-18 07:41:53] 💓 Heartbeat - Brain active
[2026-06-18 07:54:46] 💓 Heartbeat - Brain active
[2026-06-18 07:54:46] 💓 Heartbeat - Brain active
[2026-06-18 08:00:47] 💓 Heartbeat - Brain active
[2026-06-18 08:00:47] 💓 Heartbeat - Brain active
[2026-06-18 08:10:42] 💓 Heartbeat - Brain active
[2026-06-18 08:10:42] 💓 Heartbeat - Brain active
[2026-06-18 08:19:45] 💓 Heartbeat - Brain active
[2026-06-18 08:19:45] 💓 Heartbeat - Brain active
[2026-06-18 08:24:46] 💓 Heartbeat - Brain active
[2026-06-18 08:24:46] 💓 Heartbeat - Brain active
[2026-06-18 08:29:46] 💓 Heartbeat - Brain active
[2026-06-18 08:29:46] 💓 Heartbeat - Brain active
[2026-06-18 08:34:46] 💓 Heartbeat - Brain active
[2026-06-18 08:34:46] 💓 Heartbeat - Brain active
[2026-06-18 08:39:50] 💓 Heartbeat - Brain active
[2026-06-18 08:39:50] 💓 Heartbeat - Brain active
[2026-06-18 08:44:50] 💓 Heartbeat - Brain active
[2026-06-18 08:44:50] 💓 Heartbeat - Brain active
[2026-06-18 08:49:50] 💓 Heartbeat - Brain active
[2026-06-18 08:49:50] 💓 Heartbeat - Brain active
[2026-06-18 08:56:25] 💓 Heartbeat - Brain active
[2026-06-18 08:56:25] 💓 Heartbeat - Brain active
[2026-06-18 09:02:00] 💓 Heartbeat - Brain active
[2026-06-18 09:02:00] 💓 Heartbeat - Brain active
[2026-06-18 09:07:05] 💓 Heartbeat - Brain active
[2026-06-18 09:07:05] 💓 Heartbeat - Brain active
[2026-06-18 09:15:21] 💓 Heartbeat - Brain active
[2026-06-18 09:15:21] 💓 Heartbeat - Brain active
[2026-06-18 09:20:21] 💓 Heartbeat - Brain active
[2026-06-18 09:20:21] 💓 Heartbeat - Brain active
[2026-06-18 09:25:21] 💓 Heartbeat - Brain active
[2026-06-18 09:25:21] 💓 Heartbeat - Brain active
[2026-06-18 09:30:21] 💓 Heartbeat - Brain active
[2026-06-18 09:30:21] 💓 Heartbeat - Brain active
[2026-06-18 09:35:21] 💓 Heartbeat - Brain active
[2026-06-18 09:35:21] 💓 Heartbeat - Brain active
[2026-06-18 09:41:02] 💓 Heartbeat - Brain active
[2026-06-18 09:41:02] 💓 Heartbeat - Brain active
[2026-06-18 09:46:02] 💓 Heartbeat - Brain active
[2026-06-18 09:46:02] 💓 Heartbeat - Brain active
[2026-06-18 09:51:02] 💓 Heartbeat - Brain active
[2026-06-18 09:51:02] 💓 Heartbeat - Brain active
[2026-06-18 09:56:20] 💓 Heartbeat - Brain active
[2026-06-18 09:56:20] 💓 Heartbeat - Brain active
[2026-06-18 10:04:26] 💓 Heartbeat - Brain active
[2026-06-18 10:04:26] 💓 Heartbeat - Brain active
[2026-06-18 10:09:31] 💓 Heartbeat - Brain active
[2026-06-18 10:09:31] 💓 Heartbeat - Brain active
[2026-06-18 10:14:43] 💓 Heartbeat - Brain active
[2026-06-18 10:14:43] 💓 Heartbeat - Brain active
[2026-06-18 10:19:45] 💓 Heartbeat - Brain active
[2026-06-18 10:19:45] 💓 Heartbeat - Brain active
[2026-06-18 10:24:58] 💓 Heartbeat - Brain active
[2026-06-18 10:24:58] 💓 Heartbeat - Brain active
[2026-06-18 10:29:58] 💓 Heartbeat - Brain active
[2026-06-18 10:29:58] 💓 Heartbeat - Brain active
[2026-06-18 10:34:59] 💓 Heartbeat - Brain active
[2026-06-18 10:34:59] 💓 Heartbeat - Brain active
[2026-06-18 10:40:06] 💓 Heartbeat - Brain active
[2026-06-18 10:40:06] 💓 Heartbeat - Brain active
[2026-06-18 10:46:25] 💓 Heartbeat - Brain active
[2026-06-18 10:46:25] 💓 Heartbeat - Brain active
[2026-06-18 10:51:29] 💓 Heartbeat - Brain active
[2026-06-18 10:51:29] 💓 Heartbeat - Brain active
[2026-06-18 10:57:18] 💓 Heartbeat - Brain active
[2026-06-18 10:57:18] 💓 Heartbeat - Brain active
[2026-06-18 11:03:06] 💓 Heartbeat - Brain active
[2026-06-18 11:03:06] 💓 Heartbeat - Brain active
[2026-06-18 11:08:06] 💓 Heartbeat - Brain active
[2026-06-18 11:08:06] 💓 Heartbeat - Brain active
[2026-06-18 11:13:06] 💓 Heartbeat - Brain active
[2026-06-18 11:13:06] 💓 Heartbeat - Brain active
[2026-06-18 11:18:07] 💓 Heartbeat - Brain active
[2026-06-18 11:18:07] 💓 Heartbeat - Brain active
[2026-06-18 11:23:07] 💓 Heartbeat - Brain active
[2026-06-18 11:23:07] 💓 Heartbeat - Brain active
[2026-06-18 11:28:08] 💓 Heartbeat - Brain active
[2026-06-18 11:28:08] 💓 Heartbeat - Brain active
[2026-06-18 11:33:08] 💓 Heartbeat - Brain active
[2026-06-18 11:33:08] 💓 Heartbeat - Brain active
[2026-06-18 11:38:08] 💓 Heartbeat - Brain active
[2026-06-18 11:38:08] 💓 Heartbeat - Brain active
[2026-06-18 11:43:09] 💓 Heartbeat - Brain active
[2026-06-18 11:43:09] 💓 Heartbeat - Brain active
[2026-06-18 11:48:14] 💓 Heartbeat - Brain active
[2026-06-18 11:48:14] 💓 Heartbeat - Brain active
[2026-06-18 11:53:16] 💓 Heartbeat - Brain active
[2026-06-18 11:53:16] 💓 Heartbeat - Brain active
[2026-06-18 11:58:16] 💓 Heartbeat - Brain active
[2026-06-18 11:58:16] 💓 Heartbeat - Brain active
[2026-06-18 12:03:47] 💓 Heartbeat - Brain active
[2026-06-18 12:03:47] 💓 Heartbeat - Brain active
[2026-06-18 12:08:49] 💓 Heartbeat - Brain active
[2026-06-18 12:08:49] 💓 Heartbeat - Brain active
[2026-06-18 12:13:49] 💓 Heartbeat - Brain active
[2026-06-18 12:13:49] 💓 Heartbeat - Brain active
[2026-06-18 12:19:12] 💓 Heartbeat - Brain active
[2026-06-18 12:19:12] 💓 Heartbeat - Brain active
[2026-06-18 12:24:17] 💓 Heartbeat - Brain active
[2026-06-18 12:24:17] 💓 Heartbeat - Brain active
[2026-06-18 12:29:17] 💓 Heartbeat - Brain active
[2026-06-18 12:29:17] 💓 Heartbeat - Brain active
[2026-06-18 12:34:18] 💓 Heartbeat - Brain active
[2026-06-18 12:34:18] 💓 Heartbeat - Brain active
[2026-06-18 12:39:18] 💓 Heartbeat - Brain active
[2026-06-18 12:39:18] 💓 Heartbeat - Brain active
[2026-06-18 12:44:18] 💓 Heartbeat - Brain active
[2026-06-18 12:44:18] 💓 Heartbeat - Brain active
[2026-06-18 12:49:18] 💓 Heartbeat - Brain active
[2026-06-18 12:49:18] 💓 Heartbeat - Brain active
[2026-06-18 12:54:33] 💓 Heartbeat - Brain active
[2026-06-18 12:54:33] 💓 Heartbeat - Brain active
[2026-06-18 13:00:01] 💓 Heartbeat - Brain active
[2026-06-18 13:00:01] 💓 Heartbeat - Brain active
[2026-06-18 13:05:18] 💓 Heartbeat - Brain active
[2026-06-18 13:05:18] 💓 Heartbeat - Brain active
[2026-06-18 13:10:19] 💓 Heartbeat - Brain active
[2026-06-18 13:10:19] 💓 Heartbeat - Brain active
[2026-06-18 13:16:04] 💓 Heartbeat - Brain active
[2026-06-18 13:16:04] 💓 Heartbeat - Brain active
[2026-06-18 13:21:53] 💓 Heartbeat - Brain active
[2026-06-18 13:21:53] 💓 Heartbeat - Brain active
[2026-06-18 13:28:27] 💓 Heartbeat - Brain active
[2026-06-18 13:28:27] 💓 Heartbeat - Brain active
[2026-06-18 13:33:55] 💓 Heartbeat - Brain active
[2026-06-18 13:33:55] 💓 Heartbeat - Brain active
[2026-06-18 13:38:59] 💓 Heartbeat - Brain active
[2026-06-18 13:38:59] 💓 Heartbeat - Brain active
[2026-06-18 13:45:00] 💓 Heartbeat - Brain active
[2026-06-18 13:45:00] 💓 Heartbeat - Brain active
[2026-06-18 13:52:00] 💓 Heartbeat - Brain active
[2026-06-18 13:52:00] 💓 Heartbeat - Brain active
[2026-06-18 13:57:41] 💓 Heartbeat - Brain active
[2026-06-18 13:57:41] 💓 Heartbeat - Brain active
[2026-06-18 14:02:42] 💓 Heartbeat - Brain active
[2026-06-18 14:02:42] 💓 Heartbeat - Brain active
[2026-06-18 14:15:47] 💓 Heartbeat - Brain active
[2026-06-18 14:15:47] 💓 Heartbeat - Brain active
[2026-06-18 14:21:44] 💓 Heartbeat - Brain active
[2026-06-18 14:21:44] 💓 Heartbeat - Brain active
[2026-06-18 14:26:44] 💓 Heartbeat - Brain active
[2026-06-18 14:26:44] 💓 Heartbeat - Brain active
[2026-06-18 14:31:44] 💓 Heartbeat - Brain active
[2026-06-18 14:31:44] 💓 Heartbeat - Brain active
[2026-06-18 14:36:44] 💓 Heartbeat - Brain active
[2026-06-18 14:36:44] 💓 Heartbeat - Brain active
[2026-06-18 14:41:44] 💓 Heartbeat - Brain active
[2026-06-18 14:41:44] 💓 Heartbeat - Brain active
[2026-06-18 14:46:44] 💓 Heartbeat - Brain active
[2026-06-18 14:46:44] 💓 Heartbeat - Brain active
[2026-06-18 14:51:45] 💓 Heartbeat - Brain active
[2026-06-18 14:51:45] 💓 Heartbeat - Brain active
[2026-06-18 14:56:50] 💓 Heartbeat - Brain active
[2026-06-18 14:56:50] 💓 Heartbeat - Brain active
[2026-06-18 15:02:06] 💓 Heartbeat - Brain active
[2026-06-18 15:02:06] 💓 Heartbeat - Brain active
[2026-06-18 15:07:06] 💓 Heartbeat - Brain active
[2026-06-18 15:07:06] 💓 Heartbeat - Brain active
[2026-06-18 15:12:14] 💓 Heartbeat - Brain active
[2026-06-18 15:12:14] 💓 Heartbeat - Brain active
[2026-06-18 15:18:01] 💓 Heartbeat - Brain active
[2026-06-18 15:18:01] 💓 Heartbeat - Brain active
[2026-06-18 15:24:40] 💓 Heartbeat - Brain active
[2026-06-18 15:24:40] 💓 Heartbeat - Brain active
[2026-06-18 15:30:11] 💓 Heartbeat - Brain active
[2026-06-18 15:30:11] 💓 Heartbeat - Brain active
[2026-06-18 15:35:15] 💓 Heartbeat - Brain active
[2026-06-18 15:35:15] 💓 Heartbeat - Brain active
[2026-06-18 15:40:40] 💓 Heartbeat - Brain active
[2026-06-18 15:40:40] 💓 Heartbeat - Brain active
[2026-06-18 15:45:40] 💓 Heartbeat - Brain active
[2026-06-18 15:45:40] 💓 Heartbeat - Brain active
[2026-06-18 15:50:43] 💓 Heartbeat - Brain active
[2026-06-18 15:50:43] 💓 Heartbeat - Brain active
[2026-06-18 15:56:35] 💓 Heartbeat - Brain active
[2026-06-18 15:56:35] 💓 Heartbeat - Brain active
[2026-06-18 16:02:58] 💓 Heartbeat - Brain active
[2026-06-18 16:02:58] 💓 Heartbeat - Brain active
[2026-06-18 16:08:14] 💓 Heartbeat - Brain active
[2026-06-18 16:08:14] 💓 Heartbeat - Brain active
[2026-06-18 16:13:16] 💓 Heartbeat - Brain active
[2026-06-18 16:13:16] 💓 Heartbeat - Brain active
[2026-06-18 16:18:16] 💓 Heartbeat - Brain active
[2026-06-18 16:18:16] 💓 Heartbeat - Brain active
[2026-06-18 16:23:19] 💓 Heartbeat - Brain active
[2026-06-18 16:23:19] 💓 Heartbeat - Brain active
[2026-06-18 16:28:28] 💓 Heartbeat - Brain active
[2026-06-18 16:28:28] 💓 Heartbeat - Brain active
[2026-06-18 16:34:25] 💓 Heartbeat - Brain active
[2026-06-18 16:34:25] 💓 Heartbeat - Brain active
[2026-06-18 16:45:37] 💓 Heartbeat - Brain active
[2026-06-18 16:45:37] 💓 Heartbeat - Brain active
[2026-06-18 16:55:40] 💓 Heartbeat - Brain active
[2026-06-18 16:55:40] 💓 Heartbeat - Brain active
[2026-06-18 17:00:40] 💓 Heartbeat - Brain active
[2026-06-18 17:00:40] 💓 Heartbeat - Brain active
[2026-06-18 18:00:26] Patricia v4.3 Service starting...
[2026-06-18 18:00:26] ✅ Brain ready - Active model: antoniohudnall/Mort_II:latest
[2026-06-18 18:00:26] 💓 Heartbeat - Brain active
[2026-06-18 18:05:26] 💓 Heartbeat - Brain active
[2026-06-18 18:07:24] Patricia v4.3 Service starting...
[2026-06-18 18:07:24] ✅ Brain ready - Active model: antoniohudnall/Mort_II:latest
[2026-06-18 18:07:24] 💓 Heartbeat - Brain active
[2026-06-18 18:12:24] 💓 Heartbeat - Brain active
[2026-06-18 18:17:24] 💓 Heartbeat - Brain active
[2026-06-18 18:22:24] 💓 Heartbeat - Brain active
[2026-06-18 18:27:24] 💓 Heartbeat - Brain active
[2026-06-18 18:32:24] 💓 Heartbeat - Brain active
[2026-06-18 18:37:24] 💓 Heartbeat - Brain active
[2026-06-18 18:42:24] 💓 Heartbeat - Brain active
[2026-06-18 18:47:24] 💓 Heartbeat - Brain active
[2026-06-18 18:52:24] 💓 Heartbeat - Brain active
[2026-06-18 18:57:24] 💓 Heartbeat - Brain active
[2026-06-18 19:02:24] 💓 Heartbeat - Brain active
[2026-06-18 19:07:24] 💓 Heartbeat - Brain active
[2026-06-18 19:12:24] 💓 Heartbeat - Brain active
[2026-06-18 19:17:24] 💓 Heartbeat - Brain active
[2026-06-18 19:22:24] 💓 Heartbeat - Brain active
[2026-06-18 19:27:24] 💓 Heartbeat - Brain active
[2026-06-18 19:32:24] 💓 Heartbeat - Brain active
[2026-06-18 19:37:24] 💓 Heartbeat - Brain active
[2026-06-18 19:42:24] 💓 Heartbeat - Brain active
[2026-06-18 19:47:24] 💓 Heartbeat - Brain active
[2026-06-18 19:52:24] 💓 Heartbeat - Brain active
[2026-06-18 19:57:26] 💓 Heartbeat - Brain active
[2026-06-18 20:02:26] 💓 Heartbeat - Brain active
[2026-06-18 20:07:26] 💓 Heartbeat - Brain active
[2026-06-18 20:13:29] 💓 Heartbeat - Brain active
[2026-06-18 20:18:29] 💓 Heartbeat - Brain active
[2026-06-18 20:23:29] 💓 Heartbeat - Brain active
[2026-06-18 20:28:29] 💓 Heartbeat - Brain active
[2026-06-18 20:33:29] 💓 Heartbeat - Brain active
[2026-06-18 20:38:29] 💓 Heartbeat - Brain active
[2026-06-18 20:43:29] 💓 Heartbeat - Brain active
[2026-06-18 20:48:31] 💓 Heartbeat - Brain active
[2026-06-18 20:53:31] 💓 Heartbeat - Brain active
[2026-06-18 20:58:31] 💓 Heartbeat - Brain active
[2026-06-18 21:03:49] 💓 Heartbeat - Brain active
[2026-06-18 21:08:49] 💓 Heartbeat - Brain active
[2026-06-18 21:15:10] Patricia v4.3 Service starting...
[2026-06-18 21:15:10] ✅ Brain ready - Active model: antoniohudnall/Mort_II:latest
[2026-06-18 21:15:10] 💓 Heartbeat - Brain active
[2026-06-18 21:20:10] 💓 Heartbeat - Brain active
[2026-06-18 21:25:10] 💓 Heartbeat - Brain active
[2026-06-18 21:30:10] 💓 Heartbeat - Brain active
[2026-06-18 21:35:10] 💓 Heartbeat - Brain active
[2026-06-18 21:40:10] 💓 Heartbeat - Brain active
[2026-06-18 21:45:10] 💓 Heartbeat - Brain active
[2026-06-18 21:50:10] 💓 Heartbeat - Brain active
[2026-06-18 21:55:10] 💓 Heartbeat - Brain active
[2026-06-18 22:00:10] 💓 Heartbeat - Brain active
[2026-06-18 22:05:10] 💓 Heartbeat - Brain active
[2026-06-18 22:10:10] 💓 Heartbeat - Brain active
[2026-06-18 22:15:10] 💓 Heartbeat - Brain active
[2026-06-18 22:20:10] 💓 Heartbeat - Brain active
[2026-06-18 22:25:10] 💓 Heartbeat - Brain active
[2026-06-18 22:30:10] 💓 Heartbeat - Brain active
[2026-06-18 22:35:10] 💓 Heartbeat - Brain active
[2026-06-18 22:40:10] 💓 Heartbeat - Brain active
[2026-06-18 22:45:10] 💓 Heartbeat - Brain active
[2026-06-18 22:50:10] 💓 Heartbeat - Brain active
[2026-06-18 22:55:10] 💓 Heartbeat - Brain active
[2026-06-18 22:57:05] Patricia v4.3 Service starting...
[2026-06-18 22:57:05] ✅ Brain ready - Active model: antoniohudnall/Mort_II:latest
[2026-06-18 22:57:05] 💓 Heartbeat - Brain active
[2026-06-18 23:02:05] 💓 Heartbeat - Brain active
[2026-06-18 23:06:01] Patricia v4.3 Service starting...
[2026-06-18 23:06:01] ✅ Brain ready - Active model: antoniohudnall/Mort_II:latest
[2026-06-18 23:06:01] 💓 Heartbeat - Brain active
[2026-06-18 23:06:43] Patricia v4.3 Service starting...
[2026-06-18 23:06:43] ✅ Brain ready - Active model: antoniohudnall/Mort_II:latest
[2026-06-18 23:06:43] 💓 Heartbeat - Brain active
[2026-06-18 23:11:43] 💓 Heartbeat - Brain active
[2026-06-18 23:16:43] 💓 Heartbeat - Brain active
[2026-06-18 23:21:43] 💓 Heartbeat - Brain active
[2026-06-18 23:33:34] Patricia v4.3 Service starting...
[2026-06-18 23:33:34] ✅ Brain ready - Active model: antoniohudnall/Mort_II:latest
[2026-06-18 23:33:34] 💓 Heartbeat - Brain active
[2026-06-18 23:38:34] 💓 Heartbeat - Brain active
[2026-06-18 23:43:34] 💓 Heartbeat - Brain active
[2026-06-18 23:48:34] 💓 Heartbeat - Brain active
[2026-06-18 23:53:34] 💓 Heartbeat - Brain active
[2026-06-18 23:58:34] 💓 Heartbeat - Brain active
[2026-06-19 00:03:34] 💓 Heartbeat - Brain active
[2026-06-19 00:08:34] 💓 Heartbeat - Brain active
[2026-06-19 00:14:40] Patricia v4.3 Service starting...
======================================================================
PATRICIA v4.3 + AURORA v4.3 - Multi-Model Agents
======================================================================

📊 Activating Patricia v4.3...
📊🧠🔄 Patricia v4.3
Role: Multi-Model Process Excellence Officer
🧠🔄 Brain v4.3 initializing...
Active model: antoniohudnall/Mort_II:latest
Available models: 5
  ✅ ACTIVE Mort_II (Primary) (antoniohudnall/Mort_II:latest)
  ⏳ standby Phi-3 (Fast) (phi3:latest)
  ⏳ standby TinyLlama (Tiny) (tinyllama:latest)
  ⏳ standby Qwen 2.5 (qwen2.5:3b)
  ⏳ standby Llama 3.2 (llama3.2:latest)
🎓 Continuous learning with multi-model support

✅ Brain v4.3 ready

To switch models:
  brain.switch_to_model('phi3:latest')
  brain.switch_to_model('tinyllama:latest')

----------------------------------------------------------------------
MODEL SWITCHING DEMO
----------------------------------------------------------------------

📋 Available Models:
  🟢 Mort_II (Primary) (antoniohudnall/Mort_II:latest)
  ⚪ Phi-3 (Fast) (phi3:latest)
  ⚪ TinyLlama (Tiny) (tinyllama:latest)
  ⚪ Qwen 2.5 (qwen2.5:3b)
  ⚪ Llama 3.2 (llama3.2:latest)

======================================================================
DOWNLOAD INSTRUCTIONS
======================================================================

To download a model:

1. Check available models:
   ollama list

2. Download a model:
   ollama pull phi3:latest
   ollama pull tinyllama:latest
   ollama pull qwen2.5:3b

3. Verify download:
   ollama list

4. Test the model:
   ollama run phi3:latest "Hello world"


======================================================================
STANDALONE TEST
======================================================================

To test phi3 standalone:
  python patricia_v4_3_multi_model.py test phi3

To test tinyllama standalone:
  python patricia_v4_3_multi_model.py test tinyllama
[2026-06-19 00:14:40] Patricia v4.3 Service starting...
[2026-06-19 00:14:40] ✅ Brain ready - Active model: antoniohudnall/Mort_II:latest
[2026-06-19 00:14:40] 💓 Heartbeat - Brain active
[2026-06-19 00:14:40] ✅ Brain ready - Active model: antoniohudnall/Mort_II:latest
[2026-06-19 00:14:40] 💓 Heartbeat - Brain active
[2026-06-19 00:19:40] 💓 Heartbeat - Brain active
[2026-06-19 00:19:40] 💓 Heartbeat - Brain active
[2026-06-19 00:24:40] 💓 Heartbeat - Brain active
[2026-06-19 00:24:40] 💓 Heartbeat - Brain active
[2026-06-19 00:29:40] 💓 Heartbeat - Brain active
[2026-06-19 00:29:40] 💓 Heartbeat - Brain active
[2026-06-19 00:34:40] 💓 Heartbeat - Brain active
[2026-06-19 00:34:40] 💓 Heartbeat - Brain active
[2026-06-19 00:39:40] 💓 Heartbeat - Brain active
[2026-06-19 00:39:40] 💓 Heartbeat - Brain active
[2026-06-19 00:44:40] 💓 Heartbeat - Brain active
[2026-06-19 00:44:40] 💓 Heartbeat - Brain active
[2026-06-19 00:49:40] 💓 Heartbeat - Brain active
[2026-06-19 00:49:40] 💓 Heartbeat - Brain active
[2026-06-19 10:03:29] Patricia v4.3 Service starting...
[2026-06-19 10:03:29] ✅ Brain ready - Active model: antoniohudnall/Mort_II:latest
[2026-06-19 10:03:29] 💓 Heartbeat - Brain active
[2026-06-19 10:08:29] 💓 Heartbeat - Brain active
[2026-06-19 10:13:29] 💓 Heartbeat - Brain active
[2026-06-19 10:18:29] 💓 Heartbeat - Brain active
[2026-06-19 10:23:29] 💓 Heartbeat - Brain active
[2026-06-19 10:28:29] 💓 Heartbeat - Brain active
[2026-06-19 10:33:29] 💓 Heartbeat - Brain active
[2026-06-19 10:38:29] 💓 Heartbeat - Brain active
[2026-06-19 10:43:29] 💓 Heartbeat - Brain active
[2026-06-19 10:48:29] 💓 Heartbeat - Brain active
[2026-06-19 10:53:29] 💓 Heartbeat - Brain active
[2026-06-19 10:58:29] 💓 Heartbeat - Brain active
[2026-06-19 11:03:29] 💓 Heartbeat - Brain active
[2026-06-19 11:08:29] 💓 Heartbeat - Brain active
[2026-06-19 11:13:29] 💓 Heartbeat - Brain active
[2026-06-19 11:18:29] 💓 Heartbeat - Brain active
[2026-06-19 11:23:29] 💓 Heartbeat - Brain active
[2026-06-19 11:28:29] 💓 Heartbeat - Brain active
[2026-06-19 11:33:29] 💓 Heartbeat - Brain active
[2026-06-19 11:38:29] 💓 Heartbeat - Brain active
[2026-06-19 11:43:29] 💓 Heartbeat - Brain active
[2026-06-19 11:48:29] 💓 Heartbeat - Brain active
[2026-06-19 11:53:29] 💓 Heartbeat - Brain active
[2026-06-19 11:58:29] 💓 Heartbeat - Brain active
[2026-06-19 12:03:29] 💓 Heartbeat - Brain active
[2026-06-19 12:08:29] 💓 Heartbeat - Brain active
[2026-06-19 12:13:29] 💓 Heartbeat - Brain active
[2026-06-19 12:18:29] 💓 Heartbeat - Brain active
[2026-06-19 12:23:29] 💓 Heartbeat - Brain active
[2026-06-19 12:28:29] 💓 Heartbeat - Brain active
[2026-06-19 12:33:29] 💓 Heartbeat - Brain active
[2026-06-19 12:38:29] 💓 Heartbeat - Brain active
[2026-06-19 12:43:29] 💓 Heartbeat - Brain active
[2026-06-19 12:48:29] 💓 Heartbeat - Brain active
[2026-06-19 12:53:29] 💓 Heartbeat - Brain active
[2026-06-19 12:58:29] 💓 Heartbeat - Brain active
[2026-06-19 13:03:29] 💓 Heartbeat - Brain active
[2026-06-19 13:08:29] 💓 Heartbeat - Brain active
[2026-06-19 13:13:29] 💓 Heartbeat - Brain active
[2026-06-19 13:18:29] 💓 Heartbeat - Brain active
[2026-06-19 13:23:29] 💓 Heartbeat - Brain active
[2026-06-19 13:28:29] 💓 Heartbeat - Brain active
[2026-06-19 13:33:29] 💓 Heartbeat - Brain active
[2026-06-19 13:38:29] 💓 Heartbeat - Brain active
[2026-06-19 13:43:29] 💓 Heartbeat - Brain active
[2026-06-19 13:48:29] 💓 Heartbeat - Brain active
[2026-06-19 13:53:29] 💓 Heartbeat - Brain active
[2026-06-19 13:58:29] 💓 Heartbeat - Brain active
[2026-06-19 14:03:29] 💓 Heartbeat - Brain active
[2026-06-19 14:08:29] 💓 Heartbeat - Brain active
[2026-06-19 14:13:29] 💓 Heartbeat - Brain active
[2026-06-19 14:18:29] 💓 Heartbeat - Brain active
[2026-06-19 14:23:29] 💓 Heartbeat - Brain active
[2026-06-19 14:43:29] 💓 Heartbeat - Brain active
[2026-06-19 14:48:29] 💓 Heartbeat - Brain active
[2026-06-19 14:53:29] 💓 Heartbeat - Brain active
[2026-06-19 14:58:30] 💓 Heartbeat - Brain active
[2026-06-19 15:03:30] 💓 Heartbeat - Brain active
[2026-06-19 15:08:30] 💓 Heartbeat - Brain active
[2026-06-19 15:13:30] 💓 Heartbeat - Brain active
[2026-06-19 15:18:30] 💓 Heartbeat - Brain active
[2026-06-19 15:23:30] 💓 Heartbeat - Brain active
[2026-06-19 15:28:30] 💓 Heartbeat - Brain active
[2026-06-19 15:33:30] 💓 Heartbeat - Brain active
[2026-06-19 15:38:30] 💓 Heartbeat - Brain active
[2026-06-19 15:43:30] 💓 Heartbeat - Brain active
[2026-06-19 15:48:30] 💓 Heartbeat - Brain active
[2026-06-19 15:53:30] 💓 Heartbeat - Brain active
[2026-06-19 15:58:30] 💓 Heartbeat - Brain active
[2026-06-19 16:03:30] 💓 Heartbeat - Brain active
[2026-06-19 16:08:30] 💓 Heartbeat - Brain active
[2026-06-19 16:13:30] 💓 Heartbeat - Brain active
[2026-06-19 16:18:30] 💓 Heartbeat - Brain active
[2026-06-19 16:23:30] 💓 Heartbeat - Brain active
[2026-06-19 16:28:30] 💓 Heartbeat - Brain active
[2026-06-19 16:33:30] 💓 Heartbeat - Brain active
[2026-06-19 16:38:30] 💓 Heartbeat - Brain active
[2026-06-19 16:43:30] 💓 Heartbeat - Brain active
[2026-06-19 16:48:30] 💓 Heartbeat - Brain active
[2026-06-19 16:53:30] 💓 Heartbeat - Brain active
[2026-06-19 16:58:30] 💓 Heartbeat - Brain active
[2026-06-19 17:03:30] 💓 Heartbeat - Brain active
[2026-06-19 17:08:35] 💓 Heartbeat - Brain active
[2026-06-19 17:13:35] 💓 Heartbeat - Brain active
[2026-06-19 17:18:35] 💓 Heartbeat - Brain active
[2026-06-19 17:23:35] 💓 Heartbeat - Brain active
[2026-06-19 17:28:35] 💓 Heartbeat - Brain active
[2026-06-19 17:33:35] 💓 Heartbeat - Brain active
[2026-06-19 17:38:35] 💓 Heartbeat - Brain active
[2026-06-19 17:43:35] 💓 Heartbeat - Brain active
[2026-06-19 17:48:35] 💓 Heartbeat - Brain active
[2026-06-19 17:53:35] 💓 Heartbeat - Brain active
[2026-06-19 17:58:35] 💓 Heartbeat - Brain active
[2026-06-19 18:03:35] 💓 Heartbeat - Brain active
[2026-06-19 18:08:35] 💓 Heartbeat - Brain active
[2026-06-19 18:13:35] 💓 Heartbeat - Brain active
[2026-06-19 18:18:35] 💓 Heartbeat - Brain active
[2026-06-19 18:23:35] 💓 Heartbeat - Brain active
[2026-06-19 18:28:35] 💓 Heartbeat - Brain active
[2026-06-19 18:32:24] Patricia v4.3 Service starting...
[2026-06-19 18:32:24] ✅ Brain ready - Active model: antoniohudnall/Mort_II:latest
[2026-06-19 18:32:24] 💓 Heartbeat - Brain active
[2026-06-19 18:37:24] 💓 Heartbeat - Brain active
[2026-06-19 18:42:24] 💓 Heartbeat - Brain active
[2026-06-19 18:47:24] 💓 Heartbeat - Brain active
[2026-06-19 18:52:24] 💓 Heartbeat - Brain active
[2026-06-19 18:57:24] 💓 Heartbeat - Brain active
[2026-06-19 19:02:24] 💓 Heartbeat - Brain active
[2026-06-19 19:07:24] 💓 Heartbeat - Brain active
[2026-06-19 19:12:24] 💓 Heartbeat - Brain active
[2026-06-19 19:19:11] 💓 Heartbeat - Brain active
[2026-06-19 19:24:11] 💓 Heartbeat - Brain active
[2026-06-19 19:29:11] 💓 Heartbeat - Brain active
[2026-06-19 19:34:11] 💓 Heartbeat - Brain active
[2026-06-19 19:39:11] 💓 Heartbeat - Brain active
[2026-06-19 19:44:11] 💓 Heartbeat - Brain active
[2026-06-19 19:49:11] 💓 Heartbeat - Brain active
[2026-06-19 19:54:11] 💓 Heartbeat - Brain active
[2026-06-19 19:59:11] 💓 Heartbeat - Brain active
[2026-06-19 20:04:11] 💓 Heartbeat - Brain active
[2026-06-19 20:09:11] 💓 Heartbeat - Brain active
[2026-06-19 20:14:11] 💓 Heartbeat - Brain active
[2026-06-19 20:19:11] 💓 Heartbeat - Brain active
[2026-06-19 20:24:12] Patricia v4.3 Service starting...
[2026-06-19 20:24:12] ✅ Brain ready - Active model: antoniohudnall/Mort_II:latest
[2026-06-19 20:24:12] 💓 Heartbeat - Brain active
[2026-06-19 20:29:12] 💓 Heartbeat - Brain active
[2026-06-19 20:34:12] 💓 Heartbeat - Brain active
[2026-06-19 20:39:12] 💓 Heartbeat - Brain active
[2026-06-19 20:44:12] 💓 Heartbeat - Brain active
[2026-06-19 20:49:12] 💓 Heartbeat - Brain active
[2026-06-19 20:54:12] 💓 Heartbeat - Brain active
[2026-06-19 20:59:12] 💓 Heartbeat - Brain active
[2026-06-19 21:04:12] 💓 Heartbeat - Brain active
[2026-06-19 21:09:12] 💓 Heartbeat - Brain active
[2026-06-19 21:14:13] 💓 Heartbeat - Brain active
[2026-06-19 21:23:33] 💓 Heartbeat - Brain active
[2026-06-19 21:28:33] 💓 Heartbeat - Brain active
[2026-06-19 21:33:33] 💓 Heartbeat - Brain active
[2026-06-19 21:38:33] 💓 Heartbeat - Brain active
[2026-06-19 21:43:33] 💓 Heartbeat - Brain active
[2026-06-19 21:48:33] 💓 Heartbeat - Brain active
[2026-06-19 21:53:33] 💓 Heartbeat - Brain active
[2026-06-19 21:58:33] 💓 Heartbeat - Brain active
[2026-06-19 22:05:14] 💓 Heartbeat - Brain active
[2026-06-19 22:10:14] 💓 Heartbeat - Brain active
[2026-06-19 22:15:14] 💓 Heartbeat - Brain active
[2026-06-19 22:20:14] 💓 Heartbeat - Brain active
[2026-06-19 22:25:14] 💓 Heartbeat - Brain active
[2026-06-19 22:30:14] 💓 Heartbeat - Brain active
[2026-06-19 22:35:14] 💓 Heartbeat - Brain active
[2026-06-19 22:40:14] 💓 Heartbeat - Brain active
[2026-06-19 22:45:14] 💓 Heartbeat - Brain active
[2026-06-19 22:50:14] 💓 Heartbeat - Brain active
[2026-06-19 22:55:14] 💓 Heartbeat - Brain active
[2026-06-19 23:00:14] 💓 Heartbeat - Brain active
[2026-06-19 23:05:14] 💓 Heartbeat - Brain active
[2026-06-19 23:10:14] 💓 Heartbeat - Brain active
[2026-06-19 23:15:14] 💓 Heartbeat - Brain active
[2026-06-19 23:20:14] 💓 Heartbeat - Brain active
[2026-06-19 23:25:14] 💓 Heartbeat - Brain active
[2026-06-19 23:30:14] 💓 Heartbeat - Brain active
[2026-06-19 23:35:15] 💓 Heartbeat - Brain active
[2026-06-19 23:40:15] 💓 Heartbeat - Brain active
[2026-06-19 23:45:15] 💓 Heartbeat - Brain active
[2026-06-19 23:50:15] 💓 Heartbeat - Brain active
[2026-06-19 23:55:15] 💓 Heartbeat - Brain active
[2026-06-20 00:00:15] 💓 Heartbeat - Brain active
[2026-06-20 00:05:15] 💓 Heartbeat - Brain active
[2026-06-20 00:10:15] 💓 Heartbeat - Brain active
[2026-06-20 00:15:15] 💓 Heartbeat - Brain active
[2026-06-20 00:20:15] 💓 Heartbeat - Brain active
[2026-06-20 00:25:15] 💓 Heartbeat - Brain active
[2026-06-20 00:30:15] 💓 Heartbeat - Brain active
[2026-06-20 00:35:15] 💓 Heartbeat - Brain active
[2026-06-20 00:40:15] 💓 Heartbeat - Brain active
[2026-06-20 00:45:15] 💓 Heartbeat - Brain active
[2026-06-20 00:50:15] 💓 Heartbeat - Brain active
[2026-06-20 00:55:15] 💓 Heartbeat - Brain active
[2026-06-20 01:00:15] 💓 Heartbeat - Brain active
[2026-06-20 01:05:15] 💓 Heartbeat - Brain active
[2026-06-20 01:10:15] 💓 Heartbeat - Brain active
[2026-06-20 01:15:15] 💓 Heartbeat - Brain active
[2026-06-20 01:20:15] 💓 Heartbeat - Brain active
[2026-06-20 01:25:15] 💓 Heartbeat - Brain active
[2026-06-20 01:30:15] 💓 Heartbeat - Brain active
[2026-06-20 01:35:15] 💓 Heartbeat - Brain active
[2026-06-20 01:40:15] 💓 Heartbeat - Brain active
[2026-06-20 01:45:15] 💓 Heartbeat - Brain active
[2026-06-20 01:50:15] 💓 Heartbeat - Brain active
[2026-06-20 01:55:15] 💓 Heartbeat - Brain active
[2026-06-20 02:00:15] 💓 Heartbeat - Brain active
[2026-06-20 02:05:15] 💓 Heartbeat - Brain active
[2026-06-20 02:10:15] 💓 Heartbeat - Brain active
[2026-06-20 02:15:15] 💓 Heartbeat - Brain active
[2026-06-20 02:20:15] 💓 Heartbeat - Brain active
[2026-06-20 02:25:15] 💓 Heartbeat - Brain active
[2026-06-20 02:30:15] 💓 Heartbeat - Brain active
[2026-06-20 02:35:15] 💓 Heartbeat - Brain active
[2026-06-20 02:40:15] 💓 Heartbeat - Brain active
[2026-06-20 02:45:15] 💓 Heartbeat - Brain active
[2026-06-20 02:50:15] 💓 Heartbeat - Brain active
[2026-06-20 02:55:15] 💓 Heartbeat - Brain active
[2026-06-20 03:00:15] 💓 Heartbeat - Brain active
[2026-06-20 03:05:15] 💓 Heartbeat - Brain active
[2026-06-20 03:10:15] 💓 Heartbeat - Brain active
[2026-06-20 03:15:15] 💓 Heartbeat - Brain active
[2026-06-20 03:20:15] 💓 Heartbeat - Brain active
[2026-06-20 03:25:15] 💓 Heartbeat - Brain active
[2026-06-20 03:30:15] 💓 Heartbeat - Brain active
[2026-06-20 03:35:15] 💓 Heartbeat - Brain active
[2026-06-20 03:40:15] 💓 Heartbeat - Brain active
[2026-06-20 03:45:15] 💓 Heartbeat - Brain active
[2026-06-20 03:50:15] 💓 Heartbeat - Brain active
[2026-06-20 03:55:15] 💓 Heartbeat - Brain active
[2026-06-20 04:00:15] 💓 Heartbeat - Brain active
[2026-06-20 04:05:15] 💓 Heartbeat - Brain active
[2026-06-20 04:10:15] 💓 Heartbeat - Brain active
[2026-06-20 04:15:15] 💓 Heartbeat - Brain active
[2026-06-20 04:20:15] 💓 Heartbeat - Brain active
[2026-06-20 04:25:15] 💓 Heartbeat - Brain active
[2026-06-20 04:30:15] 💓 Heartbeat - Brain active
[2026-06-20 04:35:15] 💓 Heartbeat - Brain active
[2026-06-20 04:40:15] 💓 Heartbeat - Brain active
[2026-06-20 04:45:15] 💓 Heartbeat - Brain active
[2026-06-20 04:50:15] 💓 Heartbeat - Brain active
[2026-06-20 04:55:15] 💓 Heartbeat - Brain active
[2026-06-20 05:00:15] 💓 Heartbeat - Brain active
[2026-06-20 05:05:15] 💓 Heartbeat - Brain active
[2026-06-20 05:10:15] 💓 Heartbeat - Brain active
[2026-06-20 05:15:15] 💓 Heartbeat - Brain active
[2026-06-20 05:20:15] 💓 Heartbeat - Brain active
[2026-06-20 05:25:15] 💓 Heartbeat - Brain active
[2026-06-20 05:30:15] 💓 Heartbeat - Brain active
[2026-06-20 05:35:15] 💓 Heartbeat - Brain active
[2026-06-20 05:40:15] 💓 Heartbeat - Brain active
[2026-06-20 05:45:15] 💓 Heartbeat - Brain active
[2026-06-20 05:50:16] 💓 Heartbeat - Brain active
[2026-06-20 05:55:16] 💓 Heartbeat - Brain active
[2026-06-20 06:00:16] 💓 Heartbeat - Brain active
[2026-06-20 06:05:16] 💓 Heartbeat - Brain active
[2026-06-20 06:10:16] 💓 Heartbeat - Brain active
[2026-06-20 06:15:16] 💓 Heartbeat - Brain active
[2026-06-20 06:20:16] 💓 Heartbeat - Brain active
[2026-06-20 06:25:16] 💓 Heartbeat - Brain active
[2026-06-20 06:34:36] 💓 Heartbeat - Brain active
[2026-06-20 07:51:53] 💓 Heartbeat - Brain active
[2026-06-20 08:36:09] 💓 Heartbeat - Brain active
[2026-06-20 08:45:42] 💓 Heartbeat - Brain active
[2026-06-20 09:03:35] 💓 Heartbeat - Brain active
[2026-06-20 09:08:35] 💓 Heartbeat - Brain active
[2026-06-20 09:13:35] 💓 Heartbeat - Brain active
[2026-06-20 09:18:35] 💓 Heartbeat - Brain active
[2026-06-21 17:13:07] Patricia v4.3 Service starting...
[2026-06-21 17:13:07] ✅ Brain ready - Active model: antoniohudnall/Mort_II:latest
[2026-06-21 17:13:07] 💓 Heartbeat - Brain active
[2026-06-21 17:18:07] 💓 Heartbeat - Brain active
[2026-06-21 17:23:07] 💓 Heartbeat - Brain active
[2026-06-21 17:28:07] 💓 Heartbeat - Brain active
[2026-06-21 17:33:07] 💓 Heartbeat - Brain active
[2026-06-21 18:00:48] 💓 Heartbeat - Brain active
[2026-06-21 18:05:48] 💓 Heartbeat - Brain active
[2026-06-21 18:10:48] 💓 Heartbeat - Brain active
[2026-06-21 18:47:00] Patricia v4.3 Service starting...
[2026-06-21 18:47:00] ✅ Brain ready - Active model: antoniohudnall/Mort_II:latest
[2026-06-21 18:47:00] 💓 Heartbeat - Brain active
[2026-06-21 18:52:02] 💓 Heartbeat - Brain active
[2026-06-21 18:57:02] 💓 Heartbeat - Brain active
[2026-06-21 19:02:32] 💓 Heartbeat - Brain active
[2026-06-21 19:07:32] 💓 Heartbeat - Brain active
[2026-06-21 19:12:32] 💓 Heartbeat - Brain active
[2026-06-21 19:17:32] 💓 Heartbeat - Brain active
[2026-06-21 19:22:48] 💓 Heartbeat - Brain active
[2026-06-21 19:29:29] 💓 Heartbeat - Brain active
[2026-06-21 19:37:59] 💓 Heartbeat - Brain active
[2026-06-21 19:45:03] 💓 Heartbeat - Brain active
[2026-06-21 19:50:06] 💓 Heartbeat - Brain active
[2026-06-21 19:55:06] 💓 Heartbeat - Brain active
[2026-06-21 20:00:07] 💓 Heartbeat - Brain active
[2026-06-21 20:05:07] 💓 Heartbeat - Brain active
[2026-06-21 20:10:59] 💓 Heartbeat - Brain active
[2026-06-21 20:15:59] 💓 Heartbeat - Brain active
[2026-06-21 20:20:59] 💓 Heartbeat - Brain active
[2026-06-21 20:25:59] 💓 Heartbeat - Brain active
[2026-06-21 20:30:59] 💓 Heartbeat - Brain active
[2026-06-21 20:35:59] 💓 Heartbeat - Brain active
[2026-06-21 20:40:59] 💓 Heartbeat - Brain active
[2026-06-21 20:45:59] 💓 Heartbeat - Brain active
[2026-06-21 20:50:59] 💓 Heartbeat - Brain active
[2026-06-21 20:55:59] 💓 Heartbeat - Brain active
[2026-06-21 21:00:59] 💓 Heartbeat - Brain active
[2026-06-21 21:05:59] 💓 Heartbeat - Brain active
[2026-06-21 21:10:59] 💓 Heartbeat - Brain active
[2026-06-21 21:15:59] 💓 Heartbeat - Brain active
[2026-06-21 21:20:59] 💓 Heartbeat - Brain active
[2026-06-21 21:24:55] Patricia v4.3 Service starting...
[2026-06-21 21:24:55] ✅ Brain ready - Active model: antoniohudnall/Mort_II:latest
[2026-06-21 21:24:55] 💓 Heartbeat - Brain active
[2026-06-21 21:36:34] 💓 Heartbeat - Brain active
[2026-06-21 21:42:12] 💓 Heartbeat - Brain active
[2026-06-21 21:47:12] 💓 Heartbeat - Brain active
[2026-06-21 21:52:12] 💓 Heartbeat - Brain active
[2026-06-21 21:57:12] 💓 Heartbeat - Brain active
[2026-06-21 22:02:12] 💓 Heartbeat - Brain active
[2026-06-21 22:07:12] 💓 Heartbeat - Brain active
[2026-06-21 22:12:12] 💓 Heartbeat - Brain active
[2026-06-21 22:17:12] 💓 Heartbeat - Brain active
[2026-06-21 22:22:12] 💓 Heartbeat - Brain active
[2026-06-21 22:27:12] 💓 Heartbeat - Brain active
[2026-06-21 22:32:12] 💓 Heartbeat - Brain active
[2026-06-21 22:37:12] 💓 Heartbeat - Brain active
[2026-06-21 22:42:12] 💓 Heartbeat - Brain active
[2026-06-21 22:47:12] 💓 Heartbeat - Brain active
[2026-06-21 22:52:12] 💓 Heartbeat - Brain active
[2026-06-21 22:57:12] 💓 Heartbeat - Brain active
[2026-06-21 23:02:12] 💓 Heartbeat - Brain active
[2026-06-21 23:07:12] 💓 Heartbeat - Brain active
[2026-06-21 23:12:12] 💓 Heartbeat - Brain active
[2026-06-21 23:17:12] 💓 Heartbeat - Brain active
[2026-06-21 23:22:12] 💓 Heartbeat - Brain active
[2026-06-21 23:27:12] 💓 Heartbeat - Brain active
[2026-06-21 23:32:12] 💓 Heartbeat - Brain active
[2026-06-21 23:37:12] 💓 Heartbeat - Brain active
[2026-06-21 23:42:12] 💓 Heartbeat - Brain active
[2026-06-21 23:47:12] 💓 Heartbeat - Brain active
[2026-06-21 23:52:12] 💓 Heartbeat - Brain active
[2026-06-21 23:57:12] 💓 Heartbeat - Brain active
[2026-06-22 00:02:12] 💓 Heartbeat - Brain active
[2026-06-22 00:07:12] 💓 Heartbeat - Brain active
[2026-06-22 00:12:12] 💓 Heartbeat - Brain active
[2026-06-22 00:17:12] 💓 Heartbeat - Brain active
[2026-06-22 00:22:12] 💓 Heartbeat - Brain active
[2026-06-22 00:27:12] 💓 Heartbeat - Brain active
[2026-06-22 00:32:12] 💓 Heartbeat - Brain active
[2026-06-22 00:37:12] 💓 Heartbeat - Brain active
[2026-06-22 00:42:12] 💓 Heartbeat - Brain active
[2026-06-22 00:47:12] 💓 Heartbeat - Brain active
[2026-06-22 00:52:12] 💓 Heartbeat - Brain active
[2026-06-22 00:57:12] 💓 Heartbeat - Brain active
[2026-06-22 01:02:12] 💓 Heartbeat - Brain active
[2026-06-22 01:07:12] 💓 Heartbeat - Brain active
[2026-06-22 01:12:12] 💓 Heartbeat - Brain active
[2026-06-22 01:17:12] 💓 Heartbeat - Brain active
[2026-06-22 01:22:12] 💓 Heartbeat - Brain active
[2026-06-22 01:27:12] 💓 Heartbeat - Brain active
[2026-06-22 01:32:12] 💓 Heartbeat - Brain active
[2026-06-22 01:37:12] 💓 Heartbeat - Brain active
[2026-06-22 01:42:12] 💓 Heartbeat - Brain active
[2026-06-22 01:47:12] 💓 Heartbeat - Brain active
[2026-06-22 01:52:12] 💓 Heartbeat - Brain active
[2026-06-22 01:57:12] 💓 Heartbeat - Brain active
[2026-06-22 02:02:12] 💓 Heartbeat - Brain active
[2026-06-22 02:07:12] 💓 Heartbeat - Brain active
[2026-06-22 02:12:12] 💓 Heartbeat - Brain active
[2026-06-22 02:17:12] 💓 Heartbeat - Brain active
[2026-06-22 02:22:12] 💓 Heartbeat - Brain active
[2026-06-22 02:27:12] 💓 Heartbeat - Brain active
[2026-06-22 02:32:12] 💓 Heartbeat - Brain active
[2026-06-22 02:37:12] 💓 Heartbeat - Brain active
[2026-06-22 02:42:12] 💓 Heartbeat - Brain active
[2026-06-22 02:47:12] 💓 Heartbeat - Brain active
[2026-06-22 02:52:12] 💓 Heartbeat - Brain active
[2026-06-22 02:57:12] 💓 Heartbeat - Brain active
[2026-06-22 03:02:12] 💓 Heartbeat - Brain active
[2026-06-22 03:07:12] 💓 Heartbeat - Brain active
[2026-06-22 03:12:12] 💓 Heartbeat - Brain active
[2026-06-22 03:17:12] 💓 Heartbeat - Brain active
[2026-06-22 03:22:12] 💓 Heartbeat - Brain active
[2026-06-22 03:27:12] 💓 Heartbeat - Brain active
[2026-06-22 03:32:12] 💓 Heartbeat - Brain active
[2026-06-22 07:55:37] Patricia v4.3 Service starting...
[2026-06-22 07:55:37] ✅ Brain ready - Active model: antoniohudnall/Mort_II:latest
[2026-06-22 07:55:37] 💓 Heartbeat - Brain active
[2026-06-22 08:00:37] 💓 Heartbeat - Brain active
[2026-06-22 08:05:37] 💓 Heartbeat - Brain active
[2026-06-22 08:10:37] 💓 Heartbeat - Brain active
[2026-06-22 08:15:37] 💓 Heartbeat - Brain active
[2026-06-22 08:20:37] 💓 Heartbeat - Brain active
[2026-06-22 08:25:37] 💓 Heartbeat - Brain active
[2026-06-22 08:30:37] 💓 Heartbeat - Brain active
[2026-06-22 08:35:37] 💓 Heartbeat - Brain active
[2026-06-22 08:40:37] 💓 Heartbeat - Brain active
[2026-06-22 08:45:37] 💓 Heartbeat - Brain active
[2026-06-22 08:50:37] 💓 Heartbeat - Brain active
[2026-06-22 08:55:37] 💓 Heartbeat - Brain active
[2026-06-22 09:00:38] 💓 Heartbeat - Brain active
[2026-06-22 09:05:38] 💓 Heartbeat - Brain active
[2026-06-22 09:10:38] 💓 Heartbeat - Brain active
[2026-06-22 09:15:38] 💓 Heartbeat - Brain active
[2026-06-22 09:20:38] 💓 Heartbeat - Brain active
[2026-06-22 09:25:38] 💓 Heartbeat - Brain active
[2026-06-22 09:30:38] 💓 Heartbeat - Brain active
[2026-06-22 09:35:38] 💓 Heartbeat - Brain active
[2026-06-22 09:40:38] 💓 Heartbeat - Brain active
[2026-06-22 09:45:38] 💓 Heartbeat - Brain active
[2026-06-22 09:50:38] 💓 Heartbeat - Brain active
[2026-06-22 09:55:38] 💓 Heartbeat - Brain active
======================================================================
PATRICIA v4.3 + AURORA v4.3 - Multi-Model Agents
======================================================================

📊 Activating Patricia v4.3...
📊🧠🔄 Patricia v4.3
Role: Multi-Model Process Excellence Officer
🧠🔄 Brain v4.3 initializing...
Active model: antoniohudnall/Mort_II:latest
Available models: 5
  ✅ ACTIVE Mort_II (Primary) (antoniohudnall/Mort_II:latest)
  ⏳ standby Phi-3 (Fast) (phi3:latest)
  ⏳ standby TinyLlama (Tiny) (tinyllama:latest)
  ⏳ standby Qwen 2.5 (qwen2.5:3b)
  ⏳ standby Llama 3.2 (llama3.2:latest)
🎓 Continuous learning with multi-model support

✅ Brain v4.3 ready

To switch models:
  brain.switch_to_model('phi3:latest')
  brain.switch_to_model('tinyllama:latest')

----------------------------------------------------------------------
MODEL SWITCHING DEMO
----------------------------------------------------------------------

📋 Available Models:
  🟢 Mort_II (Primary) (antoniohudnall/Mort_II:latest)
  ⚪ Phi-3 (Fast) (phi3:latest)
  ⚪ TinyLlama (Tiny) (tinyllama:latest)
  ⚪ Qwen 2.5 (qwen2.5:3b)
  ⚪ Llama 3.2 (llama3.2:latest)

======================================================================
DOWNLOAD INSTRUCTIONS
======================================================================

To download a model:

1. Check available models:
   ollama list

2. Download a model:
   ollama pull phi3:latest
   ollama pull tinyllama:latest
   ollama pull qwen2.5:3b

3. Verify download:
   ollama list

4. Test the model:
   ollama run phi3:latest "Hello world"


======================================================================
STANDALONE TEST
======================================================================

To test phi3 standalone:
  python patricia_v4_3_multi_model.py test phi3

To test tinyllama standalone:
  python patricia_v4_3_multi_model.py test tinyllama
[2026-06-24 07:46:58] Patricia v4.3 Service starting...
[2026-06-24 07:46:58] ✅ Brain ready - Active model: antoniohudnall/Mort_II:latest
[2026-06-24 07:46:58] 💓 Heartbeat - Brain active
[2026-06-24 17:57:14] Patricia v4.3 Service starting...
[2026-06-24 17:57:14] ✅ Brain ready - Active model: antoniohudnall/Mort_II:latest
[2026-06-24 17:57:14] 💓 Heartbeat - Brain active
======================================================================
PATRICIA v4.3 + AURORA v4.3 - Multi-Model Agents
======================================================================

📊 Activating Patricia v4.3...
📊🧠🔄 Patricia v4.3
Role: Multi-Model Process Excellence Officer
🧠🔄 Brain v4.3 initializing...
Active model: antoniohudnall/Mort_II:latest
Available models: 5
  ✅ ACTIVE Mort_II (Primary) (antoniohudnall/Mort_II:latest)
  ⏳ standby Phi-3 (Fast) (phi3:latest)
  ⏳ standby TinyLlama (Tiny) (tinyllama:latest)
  ⏳ standby Qwen 2.5 (qwen2.5:3b)
  ⏳ standby Llama 3.2 (llama3.2:latest)
🎓 Continuous learning with multi-model support

✅ Brain v4.3 ready

To switch models:
  brain.switch_to_model('phi3:latest')
  brain.switch_to_model('tinyllama:latest')

----------------------------------------------------------------------
MODEL SWITCHING DEMO
----------------------------------------------------------------------

📋 Available Models:
  🟢 Mort_II (Primary) (antoniohudnall/Mort_II:latest)
  ⚪ Phi-3 (Fast) (phi3:latest)
  ⚪ TinyLlama (Tiny) (tinyllama:latest)
  ⚪ Qwen 2.5 (qwen2.5:3b)
  ⚪ Llama 3.2 (llama3.2:latest)

======================================================================
DOWNLOAD INSTRUCTIONS
======================================================================

To download a model:

1. Check available models:
   ollama list

2. Download a model:
   ollama pull phi3:latest
   ollama pull tinyllama:latest
   ollama pull qwen2.5:3b

3. Verify download:
   ollama list

4. Test the model:
   ollama run phi3:latest "Hello world"


======================================================================
STANDALONE TEST
======================================================================

To test phi3 standalone:
  python patricia_v4_3_multi_model.py test phi3

To test tinyllama standalone:
  python patricia_v4_3_multi_model.py test tinyllama
[2026-06-25 09:48:48] Patricia v4.3 Service starting...
[2026-06-25 09:48:48] ✅ Brain ready - Active model: antoniohudnall/Mort_II:latest
[2026-06-25 09:48:48] 💓 Heartbeat - Brain active
[2026-06-30 11:03:33] Patricia v4.3 Service starting...
[2026-06-30 11:03:33] ✅ Brain ready - Active model: antoniohudnall/Mort_II:latest
[2026-06-30 11:03:33] 💓 Heartbeat - Brain active
[2026-06-30 11:08:33] 💓 Heartbeat - Brain active
[2026-06-30 11:13:33] 💓 Heartbeat - Brain active
[2026-06-30 11:18:33] 💓 Heartbeat - Brain active
[2026-06-30 11:32:16] 💓 Heartbeat - Brain active
[2026-06-30 11:54:39] 💓 Heartbeat - Brain active
[2026-06-30 12:07:00] 💓 Heartbeat - Brain active
[2026-07-02 18:41:05] Patricia v4.3 Service starting...
[2026-07-02 18:41:05] ✅ Brain ready - Active model: antoniohudnall/Mort_II:latest
[2026-07-02 18:41:05] 💓 Heartbeat - Brain active
[2026-07-02 18:46:05] 💓 Heartbeat - Brain active
[2026-07-02 18:51:05] 💓 Heartbeat - Brain active
[2026-07-02 18:56:05] 💓 Heartbeat - Brain active
[2026-07-02 19:01:05] 💓 Heartbeat - Brain active
[2026-07-02 19:06:05] 💓 Heartbeat - Brain active
[2026-07-02 19:11:05] 💓 Heartbeat - Brain active
[2026-07-02 19:16:05] 💓 Heartbeat - Brain active
[2026-07-02 19:21:05] 💓 Heartbeat - Brain active
[2026-07-02 19:26:05] 💓 Heartbeat - Brain active
[2026-07-02 19:31:05] 💓 Heartbeat - Brain active
[2026-07-02 19:36:05] 💓 Heartbeat - Brain active
[2026-07-02 19:41:05] 💓 Heartbeat - Brain active
[2026-07-02 19:46:05] 💓 Heartbeat - Brain active
[2026-07-02 19:51:05] 💓 Heartbeat - Brain active
[2026-07-02 19:56:05] 💓 Heartbeat - Brain active
[2026-07-02 20:01:05] 💓 Heartbeat - Brain active
[2026-07-02 20:06:05] 💓 Heartbeat - Brain active
[2026-07-02 20:11:05] 💓 Heartbeat - Brain active
[2026-07-02 20:16:05] 💓 Heartbeat - Brain active
[2026-07-02 20:21:05] 💓 Heartbeat - Brain active
[2026-07-02 20:26:05] 💓 Heartbeat - Brain active
[2026-07-02 20:31:05] 💓 Heartbeat - Brain active
[2026-07-02 20:36:05] 💓 Heartbeat - Brain active
[2026-07-02 20:41:05] 💓 Heartbeat - Brain active
[2026-07-02 20:46:05] 💓 Heartbeat - Brain active
[2026-07-02 20:56:40] 💓 Heartbeat - Brain active
[2026-07-02 21:01:40] 💓 Heartbeat - Brain active
[2026-07-02 21:06:40] 💓 Heartbeat - Brain active
[2026-07-02 21:11:40] 💓 Heartbeat - Brain active
[2026-07-02 21:16:40] 💓 Heartbeat - Brain active
[2026-07-02 21:21:41] 💓 Heartbeat - Brain active
[2026-07-02 21:26:41] 💓 Heartbeat - Brain active
[2026-07-02 21:32:15] 💓 Heartbeat - Brain active
[2026-07-02 21:37:15] 💓 Heartbeat - Brain active
[2026-07-02 21:42:15] 💓 Heartbeat - Brain active
[2026-07-02 21:47:15] 💓 Heartbeat - Brain active
[2026-07-02 21:52:15] 💓 Heartbeat - Brain active
[2026-07-02 21:57:15] 💓 Heartbeat - Brain active
[2026-07-02 22:02:15] 💓 Heartbeat - Brain active
[2026-07-02 22:07:15] 💓 Heartbeat - Brain active
[2026-07-02 22:12:15] 💓 Heartbeat - Brain active
[2026-07-02 22:17:15] 💓 Heartbeat - Brain active
[2026-07-02 22:22:15] 💓 Heartbeat - Brain active
[2026-07-02 22:27:15] 💓 Heartbeat - Brain active
[2026-07-02 22:32:15] 💓 Heartbeat - Brain active
[2026-07-02 22:37:15] 💓 Heartbeat - Brain active
[2026-07-02 22:42:15] 💓 Heartbeat - Brain active
[2026-07-02 22:47:15] 💓 Heartbeat - Brain active
[2026-07-02 22:52:15] 💓 Heartbeat - Brain active
[2026-07-02 22:57:15] 💓 Heartbeat - Brain active
[2026-07-02 23:02:15] 💓 Heartbeat - Brain active
[2026-07-02 23:07:15] 💓 Heartbeat - Brain active
[2026-07-02 23:12:15] 💓 Heartbeat - Brain active
[2026-07-02 23:17:15] 💓 Heartbeat - Brain active
[2026-07-02 23:22:15] 💓 Heartbeat - Brain active
[2026-07-03 00:55:22] Patricia v4.3 Service starting...
[2026-07-03 00:55:22] ✅ Brain ready - Active model: antoniohudnall/Mort_II:latest
[2026-07-03 00:55:22] 💓 Heartbeat - Brain active
[2026-07-03 00:59:37] Patricia v4.3 Service starting...
[2026-07-03 00:59:37] ✅ Brain ready - Active model: antoniohudnall/Mort_II:latest
[2026-07-03 00:59:37] 💓 Heartbeat - Brain active
[2026-07-03 01:04:37] 💓 Heartbeat - Brain active
[2026-07-03 01:09:37] 💓 Heartbeat - Brain active
[2026-07-03 01:27:38] 💓 Heartbeat - Brain active
[2026-07-03 01:32:38] 💓 Heartbeat - Brain active
[2026-07-03 01:37:38] 💓 Heartbeat - Brain active
[2026-07-03 01:42:38] 💓 Heartbeat - Brain active
[2026-07-03 01:47:38] 💓 Heartbeat - Brain active
[2026-07-03 01:52:38] 💓 Heartbeat - Brain active
[2026-07-03 01:57:38] 💓 Heartbeat - Brain active
[2026-07-03 02:02:38] 💓 Heartbeat - Brain active
[2026-07-03 02:07:38] 💓 Heartbeat - Brain active
[2026-07-03 02:12:38] 💓 Heartbeat - Brain active
[2026-07-03 02:17:38] 💓 Heartbeat - Brain active
[2026-07-03 02:22:38] 💓 Heartbeat - Brain active
[2026-07-03 02:27:38] 💓 Heartbeat - Brain active
[2026-07-03 02:32:38] 💓 Heartbeat - Brain active
[2026-07-03 02:37:38] 💓 Heartbeat - Brain active
[2026-07-03 02:42:38] 💓 Heartbeat - Brain active
[2026-07-03 02:47:38] 💓 Heartbeat - Brain active
[2026-07-03 02:52:38] 💓 Heartbeat - Brain active
[2026-07-03 02:57:39] 💓 Heartbeat - Brain active
[2026-07-03 03:02:39] 💓 Heartbeat - Brain active
[2026-07-03 03:07:39] 💓 Heartbeat - Brain active
[2026-07-03 03:12:39] 💓 Heartbeat - Brain active
[2026-07-03 03:17:39] 💓 Heartbeat - Brain active
[2026-07-03 03:22:39] 💓 Heartbeat - Brain active
[2026-07-03 03:27:39] 💓 Heartbeat - Brain active
[2026-07-03 03:32:39] 💓 Heartbeat - Brain active
[2026-07-03 03:37:39] 💓 Heartbeat - Brain active
[2026-07-03 03:42:39] 💓 Heartbeat - Brain active
[2026-07-03 03:47:39] 💓 Heartbeat - Brain active
[2026-07-03 03:52:39] 💓 Heartbeat - Brain active
[2026-07-03 03:57:39] 💓 Heartbeat - Brain active
[2026-07-03 04:02:39] 💓 Heartbeat - Brain active
[2026-07-03 04:07:39] 💓 Heartbeat - Brain active
[2026-07-03 04:12:39] 💓 Heartbeat - Brain active
[2026-07-03 04:17:39] 💓 Heartbeat - Brain active
[2026-07-03 04:22:39] 💓 Heartbeat - Brain active
[2026-07-03 04:27:39] 💓 Heartbeat - Brain active
[2026-07-03 04:32:39] 💓 Heartbeat - Brain active
[2026-07-03 04:37:39] 💓 Heartbeat - Brain active
[2026-07-03 04:42:39] 💓 Heartbeat - Brain active
[2026-07-03 04:47:39] 💓 Heartbeat - Brain active
[2026-07-03 04:52:39] 💓 Heartbeat - Brain active
[2026-07-03 04:57:39] 💓 Heartbeat - Brain active
[2026-07-03 05:02:39] 💓 Heartbeat - Brain active
[2026-07-03 05:07:39] 💓 Heartbeat - Brain active
[2026-07-03 05:12:39] 💓 Heartbeat - Brain active
[2026-07-03 05:17:39] 💓 Heartbeat - Brain active
[2026-07-03 05:22:39] 💓 Heartbeat - Brain active
[2026-07-03 05:27:39] 💓 Heartbeat - Brain active
[2026-07-03 05:32:39] 💓 Heartbeat - Brain active
[2026-07-03 05:37:39] 💓 Heartbeat - Brain active
[2026-07-03 05:42:39] 💓 Heartbeat - Brain active
[2026-07-03 05:47:39] 💓 Heartbeat - Brain active
[2026-07-03 05:52:39] 💓 Heartbeat - Brain active
[2026-07-03 05:57:39] 💓 Heartbeat - Brain active
[2026-07-03 06:02:39] 💓 Heartbeat - Brain active
[2026-07-03 06:07:39] 💓 Heartbeat - Brain active
[2026-07-03 06:12:39] 💓 Heartbeat - Brain active
[2026-07-03 06:17:39] 💓 Heartbeat - Brain active
[2026-07-03 06:22:39] 💓 Heartbeat - Brain active
[2026-07-03 06:27:39] 💓 Heartbeat - Brain active
[2026-07-03 06:32:39] 💓 Heartbeat - Brain active
[2026-07-03 06:37:39] 💓 Heartbeat - Brain active
[2026-07-03 06:42:39] 💓 Heartbeat - Brain active
[2026-07-03 06:47:39] 💓 Heartbeat - Brain active
[2026-07-03 06:52:39] 💓 Heartbeat - Brain active
[2026-07-03 06:57:39] 💓 Heartbeat - Brain active
[2026-07-03 07:02:39] 💓 Heartbeat - Brain active
[2026-07-03 07:07:39] 💓 Heartbeat - Brain active
[2026-07-03 07:12:39] 💓 Heartbeat - Brain active
[2026-07-03 07:17:39] 💓 Heartbeat - Brain active
[2026-07-03 07:22:39] 💓 Heartbeat - Brain active
[2026-07-03 07:27:39] 💓 Heartbeat - Brain active
[2026-07-03 07:32:39] 💓 Heartbeat - Brain active
[2026-07-03 07:37:39] 💓 Heartbeat - Brain active
[2026-07-03 07:42:39] 💓 Heartbeat - Brain active
[2026-07-03 07:47:39] 💓 Heartbeat - Brain active
[2026-07-03 07:52:39] 💓 Heartbeat - Brain active
[2026-07-03 07:57:39] 💓 Heartbeat - Brain active
[2026-07-03 08:02:39] 💓 Heartbeat - Brain active
[2026-07-03 08:07:39] 💓 Heartbeat - Brain active
[2026-07-03 08:12:39] 💓 Heartbeat - Brain active
[2026-07-03 08:17:39] 💓 Heartbeat - Brain active
[2026-07-03 08:22:39] 💓 Heartbeat - Brain active
[2026-07-03 08:27:39] 💓 Heartbeat - Brain active
[2026-07-03 08:32:39] 💓 Heartbeat - Brain active
[2026-07-03 08:37:39] 💓 Heartbeat - Brain active
[2026-07-03 08:42:39] 💓 Heartbeat - Brain active
[2026-07-03 08:47:39] 💓 Heartbeat - Brain active
[2026-07-03 08:52:39] 💓 Heartbeat - Brain active
[2026-07-03 08:57:39] 💓 Heartbeat - Brain active
[2026-07-03 09:02:39] 💓 Heartbeat - Brain active
[2026-07-03 09:07:39] 💓 Heartbeat - Brain active
[2026-07-03 09:12:39] 💓 Heartbeat - Brain active
[2026-07-03 09:17:39] 💓 Heartbeat - Brain active
[2026-07-03 09:22:39] 💓 Heartbeat - Brain active
[2026-07-03 09:27:39] 💓 Heartbeat - Brain active
[2026-07-03 09:32:39] 💓 Heartbeat - Brain active
[2026-07-03 09:37:39] 💓 Heartbeat - Brain active
[2026-07-03 09:42:39] 💓 Heartbeat - Brain active
[2026-07-03 09:47:39] 💓 Heartbeat - Brain active
[2026-07-03 09:52:39] 💓 Heartbeat - Brain active
[2026-07-03 09:57:40] 💓 Heartbeat - Brain active
[2026-07-03 10:02:40] 💓 Heartbeat - Brain active
[2026-07-03 10:07:40] 💓 Heartbeat - Brain active
[2026-07-03 10:12:40] 💓 Heartbeat - Brain active
[2026-07-03 10:17:40] 💓 Heartbeat - Brain active
[2026-07-03 10:22:40] 💓 Heartbeat - Brain active
[2026-07-03 10:27:40] 💓 Heartbeat - Brain active
[2026-07-03 10:32:40] 💓 Heartbeat - Brain active
[2026-07-03 10:37:40] 💓 Heartbeat - Brain active
[2026-07-03 10:42:40] 💓 Heartbeat - Brain active
[2026-07-03 10:47:40] 💓 Heartbeat - Brain active
[2026-07-03 10:52:40] 💓 Heartbeat - Brain active
[2026-07-03 10:57:40] 💓 Heartbeat - Brain active
[2026-07-03 11:02:40] 💓 Heartbeat - Brain active
[2026-07-03 11:07:40] 💓 Heartbeat - Brain active
[2026-07-03 11:12:40] 💓 Heartbeat - Brain active
[2026-07-03 11:17:40] 💓 Heartbeat - Brain active
[2026-07-03 11:22:40] 💓 Heartbeat - Brain active
[2026-07-03 11:27:40] 💓 Heartbeat - Brain active
[2026-07-03 11:32:40] 💓 Heartbeat - Brain active
[2026-07-03 11:37:40] 💓 Heartbeat - Brain active
[2026-07-03 11:42:40] 💓 Heartbeat - Brain active
[2026-07-03 11:47:40] 💓 Heartbeat - Brain active
[2026-07-03 11:52:40] 💓 Heartbeat - Brain active
[2026-07-03 11:57:40] 💓 Heartbeat - Brain active
[2026-07-03 12:02:40] 💓 Heartbeat - Brain active
[2026-07-03 12:07:40] 💓 Heartbeat - Brain active
[2026-07-03 12:12:40] 💓 Heartbeat - Brain active
[2026-07-03 12:17:40] 💓 Heartbeat - Brain active
[2026-07-03 12:22:40] 💓 Heartbeat - Brain active
[2026-07-03 12:27:40] 💓 Heartbeat - Brain active
[2026-07-03 12:32:40] 💓 Heartbeat - Brain active
[2026-07-03 12:37:40] 💓 Heartbeat - Brain active
[2026-07-03 12:42:40] 💓 Heartbeat - Brain active
[2026-07-03 12:47:40] 💓 Heartbeat - Brain active
[2026-07-03 12:52:40] 💓 Heartbeat - Brain active
[2026-07-03 12:57:40] 💓 Heartbeat - Brain active
[2026-07-03 13:02:40] 💓 Heartbeat - Brain active
[2026-07-03 13:07:40] 💓 Heartbeat - Brain active
[2026-07-03 13:12:40] 💓 Heartbeat - Brain active
[2026-07-03 13:17:40] 💓 Heartbeat - Brain active
[2026-07-03 13:22:40] 💓 Heartbeat - Brain active
[2026-07-03 13:27:40] 💓 Heartbeat - Brain active
[2026-07-03 13:32:40] 💓 Heartbeat - Brain active
[2026-07-03 13:37:40] 💓 Heartbeat - Brain active
[2026-07-03 13:42:40] 💓 Heartbeat - Brain active
[2026-07-03 13:47:40] 💓 Heartbeat - Brain active
[2026-07-03 13:52:40] 💓 Heartbeat - Brain active
[2026-07-03 13:57:40] 💓 Heartbeat - Brain active
[2026-07-03 14:02:40] 💓 Heartbeat - Brain active
[2026-07-03 14:07:40] 💓 Heartbeat - Brain active
[2026-07-03 14:12:40] 💓 Heartbeat - Brain active
[2026-07-03 14:17:40] 💓 Heartbeat - Brain active
[2026-07-03 14:22:40] 💓 Heartbeat - Brain active
[2026-07-03 14:27:40] 💓 Heartbeat - Brain active
[2026-07-03 14:32:40] 💓 Heartbeat - Brain active
[2026-07-03 14:37:40] 💓 Heartbeat - Brain active
[2026-07-03 14:42:40] 💓 Heartbeat - Brain active
[2026-07-03 14:47:40] 💓 Heartbeat - Brain active
[2026-07-03 14:52:40] 💓 Heartbeat - Brain active
[2026-07-03 14:57:40] 💓 Heartbeat - Brain active
[2026-07-03 15:02:40] 💓 Heartbeat - Brain active
[2026-07-03 15:07:40] 💓 Heartbeat - Brain active
[2026-07-03 15:12:40] 💓 Heartbeat - Brain active
[2026-07-03 15:17:40] 💓 Heartbeat - Brain active
[2026-07-03 15:22:40] 💓 Heartbeat - Brain active
[2026-07-03 15:27:41] 💓 Heartbeat - Brain active
[2026-07-03 15:32:41] 💓 Heartbeat - Brain active
[2026-07-03 15:37:41] 💓 Heartbeat - Brain active
[2026-07-03 15:42:41] 💓 Heartbeat - Brain active
[2026-07-03 15:47:41] 💓 Heartbeat - Brain active
[2026-07-03 15:52:41] 💓 Heartbeat - Brain active
[2026-07-03 15:59:18] 💓 Heartbeat - Brain active
[2026-07-03 16:05:36] 💓 Heartbeat - Brain active
[2026-07-03 16:10:36] 💓 Heartbeat - Brain active
[2026-07-03 16:15:36] 💓 Heartbeat - Brain active
[2026-07-03 16:20:36] 💓 Heartbeat - Brain active
[2026-07-03 16:25:36] 💓 Heartbeat - Brain active
[2026-07-03 16:30:36] 💓 Heartbeat - Brain active
[2026-07-03 16:35:36] 💓 Heartbeat - Brain active
[2026-07-03 16:40:36] 💓 Heartbeat - Brain active
[2026-07-03 16:45:36] 💓 Heartbeat - Brain active
[2026-07-03 16:50:36] 💓 Heartbeat - Brain active
[2026-07-03 16:55:36] 💓 Heartbeat - Brain active
[2026-07-03 17:04:10] 💓 Heartbeat - Brain active
[2026-07-03 17:24:58] 💓 Heartbeat - Brain active
[2026-07-03 17:48:28] 💓 Heartbeat - Brain active
[2026-07-03 17:53:28] 💓 Heartbeat - Brain active
[2026-07-03 18:57:44] 💓 Heartbeat - Brain active
[2026-07-03 19:10:09] 💓 Heartbeat - Brain active
[2026-07-03 19:15:09] 💓 Heartbeat - Brain active
[2026-07-03 19:20:09] 💓 Heartbeat - Brain active
[2026-07-03 19:34:48] 💓 Heartbeat - Brain active
[2026-07-03 20:00:52] 💓 Heartbeat - Brain active
[2026-07-03 20:05:52] 💓 Heartbeat - Brain active
[2026-07-03 20:48:08] 💓 Heartbeat - Brain active
[2026-07-03 21:48:47] 💓 Heartbeat - Brain active
[2026-07-03 23:24:16] 💓 Heartbeat - Brain active
[2026-07-04 00:30:58] 💓 Heartbeat - Brain active
[2026-07-04 01:41:10] 💓 Heartbeat - Brain active
[2026-07-04 02:15:45] 💓 Heartbeat - Brain active
[2026-07-04 02:20:45] 💓 Heartbeat - Brain active
[2026-07-04 03:31:12] 💓 Heartbeat - Brain active
[2026-07-04 03:37:06] 💓 Heartbeat - Brain active
[2026-07-04 05:38:15] 💓 Heartbeat - Brain active
[2026-07-04 05:43:15] 💓 Heartbeat - Brain active
[2026-07-04 06:32:39] 💓 Heartbeat - Brain active
[2026-07-04 07:17:47] 💓 Heartbeat - Brain active
[2026-07-04 08:08:08] 💓 Heartbeat - Brain active
[2026-07-04 08:42:38] 💓 Heartbeat - Brain active
[2026-07-04 09:43:06] 💓 Heartbeat - Brain active
[2026-07-04 10:21:34] 💓 Heartbeat - Brain active
[2026-07-04 10:54:07] 💓 Heartbeat - Brain active
[2026-07-04 12:06:06] 💓 Heartbeat - Brain active
[2026-07-04 13:15:07] 💓 Heartbeat - Brain active
[2026-07-04 14:52:45] 💓 Heartbeat - Brain active
[2026-07-04 16:25:05] 💓 Heartbeat - Brain active
[2026-07-04 18:12:00] 💓 Heartbeat - Brain active
[2026-07-04 19:06:10] 💓 Heartbeat - Brain active
[2026-07-04 21:02:02] 💓 Heartbeat - Brain active
[2026-07-04 23:05:56] 💓 Heartbeat - Brain active
[2026-07-05 00:33:46] 💓 Heartbeat - Brain active
[2026-07-05 01:13:40] 💓 Heartbeat - Brain active
[2026-07-05 01:47:47] 💓 Heartbeat - Brain active
[2026-07-05 03:13:05] 💓 Heartbeat - Brain active
[2026-07-05 05:16:59] 💓 Heartbeat - Brain active
[2026-07-05 05:37:20] 💓 Heartbeat - Brain active
[2026-07-05 05:42:20] 💓 Heartbeat - Brain active
[2026-07-05 07:38:40] 💓 Heartbeat - Brain active
[2026-07-05 07:48:59] 💓 Heartbeat - Brain active
[2026-07-05 07:53:59] 💓 Heartbeat - Brain active
[2026-07-05 07:58:59] 💓 Heartbeat - Brain active
[2026-07-05 08:04:00] 💓 Heartbeat - Brain active
[2026-07-05 08:09:00] 💓 Heartbeat - Brain active
[2026-07-05 08:14:00] 💓 Heartbeat - Brain active
[2026-07-05 08:19:00] 💓 Heartbeat - Brain active
[2026-07-05 08:24:00] 💓 Heartbeat - Brain active
[2026-07-05 08:29:00] 💓 Heartbeat - Brain active
[2026-07-05 08:34:00] 💓 Heartbeat - Brain active
[2026-07-05 08:39:00] 💓 Heartbeat - Brain active
[2026-07-05 08:44:00] 💓 Heartbeat - Brain active
[2026-07-05 08:49:00] 💓 Heartbeat - Brain active
[2026-07-05 08:54:00] 💓 Heartbeat - Brain active
[2026-07-05 08:59:00] 💓 Heartbeat - Brain active
[2026-07-05 09:04:00] 💓 Heartbeat - Brain active
[2026-07-05 09:09:00] 💓 Heartbeat - Brain active
[2026-07-05 09:14:00] 💓 Heartbeat - Brain active
[2026-07-05 09:19:00] 💓 Heartbeat - Brain active
[2026-07-05 09:24:00] 💓 Heartbeat - Brain active
[2026-07-05 09:29:00] 💓 Heartbeat - Brain active
[2026-07-05 09:34:00] 💓 Heartbeat - Brain active
[2026-07-05 09:39:00] 💓 Heartbeat - Brain active
[2026-07-05 09:44:00] 💓 Heartbeat - Brain active
[2026-07-05 09:49:00] 💓 Heartbeat - Brain active
[2026-07-05 09:54:00] 💓 Heartbeat - Brain active
[2026-07-05 09:59:00] 💓 Heartbeat - Brain active
[2026-07-05 10:04:00] 💓 Heartbeat - Brain active
[2026-07-05 10:09:00] 💓 Heartbeat - Brain active
[2026-07-05 10:14:00] 💓 Heartbeat - Brain active
[2026-07-05 10:19:00] 💓 Heartbeat - Brain active
[2026-07-05 10:24:00] 💓 Heartbeat - Brain active
[2026-07-05 10:29:00] 💓 Heartbeat - Brain active
[2026-07-05 10:34:00] 💓 Heartbeat - Brain active
[2026-07-05 10:39:00] 💓 Heartbeat - Brain active
[2026-07-05 10:44:00] 💓 Heartbeat - Brain active
[2026-07-05 10:49:00] 💓 Heartbeat - Brain active
[2026-07-05 10:54:00] 💓 Heartbeat - Brain active
[2026-07-05 10:59:00] 💓 Heartbeat - Brain active
[2026-07-05 11:04:00] 💓 Heartbeat - Brain active
[2026-07-05 11:09:00] 💓 Heartbeat - Brain active
[2026-07-05 11:14:00] 💓 Heartbeat - Brain active
[2026-07-05 11:19:00] 💓 Heartbeat - Brain active
[2026-07-05 11:24:00] 💓 Heartbeat - Brain active
[2026-07-05 11:29:00] 💓 Heartbeat - Brain active
[2026-07-05 11:34:00] 💓 Heartbeat - Brain active
[2026-07-05 11:39:00] 💓 Heartbeat - Brain active
[2026-07-05 11:44:00] 💓 Heartbeat - Brain active
[2026-07-05 11:49:00] 💓 Heartbeat - Brain active
[2026-07-05 11:54:00] 💓 Heartbeat - Brain active
[2026-07-05 11:59:00] 💓 Heartbeat - Brain active
[2026-07-05 12:04:00] 💓 Heartbeat - Brain active
[2026-07-05 12:09:00] 💓 Heartbeat - Brain active
[2026-07-05 12:14:01] 💓 Heartbeat - Brain active
[2026-07-05 12:19:01] 💓 Heartbeat - Brain active
[2026-07-05 12:24:01] 💓 Heartbeat - Brain active
[2026-07-05 12:29:01] 💓 Heartbeat - Brain active
[2026-07-05 12:34:01] 💓 Heartbeat - Brain active
[2026-07-05 12:39:01] 💓 Heartbeat - Brain active
[2026-07-05 12:44:01] 💓 Heartbeat - Brain active
[2026-07-05 12:49:01] 💓 Heartbeat - Brain active
[2026-07-05 12:54:01] 💓 Heartbeat - Brain active
[2026-07-05 12:59:01] 💓 Heartbeat - Brain active
[2026-07-05 13:04:01] 💓 Heartbeat - Brain active
[2026-07-05 13:09:01] 💓 Heartbeat - Brain active
[2026-07-05 13:14:01] 💓 Heartbeat - Brain active
[2026-07-05 13:19:01] 💓 Heartbeat - Brain active
[2026-07-05 13:24:01] 💓 Heartbeat - Brain active
[2026-07-05 13:29:01] 💓 Heartbeat - Brain active
[2026-07-05 13:34:01] 💓 Heartbeat - Brain active
[2026-07-05 13:39:01] 💓 Heartbeat - Brain active
[2026-07-05 13:44:01] 💓 Heartbeat - Brain active
[2026-07-05 13:49:01] 💓 Heartbeat - Brain active
[2026-07-05 13:54:01] 💓 Heartbeat - Brain active
[2026-07-05 13:59:01] 💓 Heartbeat - Brain active
[2026-07-05 14:04:01] 💓 Heartbeat - Brain active
[2026-07-05 14:09:01] 💓 Heartbeat - Brain active
[2026-07-05 14:14:01] 💓 Heartbeat - Brain active
[2026-07-05 14:19:01] 💓 Heartbeat - Brain active
[2026-07-05 14:24:01] 💓 Heartbeat - Brain active
[2026-07-05 14:29:01] 💓 Heartbeat - Brain active
[2026-07-05 14:34:01] 💓 Heartbeat - Brain active
[2026-07-05 14:39:01] 💓 Heartbeat - Brain active
[2026-07-05 14:44:01] 💓 Heartbeat - Brain active
[2026-07-05 14:49:01] 💓 Heartbeat - Brain active
[2026-07-05 14:54:01] 💓 Heartbeat - Brain active
[2026-07-05 14:59:01] 💓 Heartbeat - Brain active
[2026-07-05 15:04:01] 💓 Heartbeat - Brain active
[2026-07-05 15:09:01] 💓 Heartbeat - Brain active
[2026-07-05 15:14:01] 💓 Heartbeat - Brain active
[2026-07-05 15:19:01] 💓 Heartbeat - Brain active
[2026-07-05 15:24:01] 💓 Heartbeat - Brain active
[2026-07-05 15:29:01] 💓 Heartbeat - Brain active
[2026-07-05 15:34:01] 💓 Heartbeat - Brain active
[2026-07-05 15:39:01] 💓 Heartbeat - Brain active
[2026-07-05 15:44:01] 💓 Heartbeat - Brain active
[2026-07-05 15:49:01] 💓 Heartbeat - Brain active
[2026-07-05 15:54:01] 💓 Heartbeat - Brain active
[2026-07-05 15:59:01] 💓 Heartbeat - Brain active
[2026-07-05 16:04:01] 💓 Heartbeat - Brain active
[2026-07-05 16:09:01] 💓 Heartbeat - Brain active
[2026-07-05 16:14:01] 💓 Heartbeat - Brain active
[2026-07-05 16:19:01] 💓 Heartbeat - Brain active
[2026-07-05 16:24:01] 💓 Heartbeat - Brain active
[2026-07-05 16:29:01] 💓 Heartbeat - Brain active
[2026-07-05 16:34:01] 💓 Heartbeat - Brain active
[2026-07-05 16:39:01] 💓 Heartbeat - Brain active
[2026-07-05 16:44:01] 💓 Heartbeat - Brain active
[2026-07-05 16:49:01] 💓 Heartbeat - Brain active
[2026-07-05 16:54:01] 💓 Heartbeat - Brain active
[2026-07-05 16:59:01] 💓 Heartbeat - Brain active
[2026-07-05 17:04:01] 💓 Heartbeat - Brain active
[2026-07-05 17:09:01] 💓 Heartbeat - Brain active
[2026-07-05 17:14:02] 💓 Heartbeat - Brain active
[2026-07-05 17:19:02] 💓 Heartbeat - Brain active
[2026-07-05 17:24:02] 💓 Heartbeat - Brain active
[2026-07-05 17:29:02] 💓 Heartbeat - Brain active
[2026-07-05 17:34:02] 💓 Heartbeat - Brain active
[2026-07-05 17:39:02] 💓 Heartbeat - Brain active
[2026-07-05 17:44:02] 💓 Heartbeat - Brain active
[2026-07-05 17:49:02] 💓 Heartbeat - Brain active
[2026-07-05 17:54:02] 💓 Heartbeat - Brain active
[2026-07-05 17:59:02] 💓 Heartbeat - Brain active
[2026-07-05 18:04:02] 💓 Heartbeat - Brain active
[2026-07-05 18:09:02] 💓 Heartbeat - Brain active
[2026-07-05 18:14:02] 💓 Heartbeat - Brain active
[2026-07-05 18:19:02] 💓 Heartbeat - Brain active
[2026-07-05 18:24:02] 💓 Heartbeat - Brain active
[2026-07-05 18:29:02] 💓 Heartbeat - Brain active
[2026-07-05 18:34:02] 💓 Heartbeat - Brain active
[2026-07-05 18:39:02] 💓 Heartbeat - Brain active
[2026-07-05 18:44:02] 💓 Heartbeat - Brain active
[2026-07-05 18:49:02] 💓 Heartbeat - Brain active
[2026-07-05 18:54:02] 💓 Heartbeat - Brain active
[2026-07-05 18:59:02] 💓 Heartbeat - Brain active
[2026-07-05 19:04:02] 💓 Heartbeat - Brain active
[2026-07-05 19:09:02] 💓 Heartbeat - Brain active
[2026-07-05 19:14:02] 💓 Heartbeat - Brain active
[2026-07-05 19:19:02] 💓 Heartbeat - Brain active
[2026-07-05 19:24:02] 💓 Heartbeat - Brain active
[2026-07-05 19:29:02] 💓 Heartbeat - Brain active
[2026-07-05 19:34:02] 💓 Heartbeat - Brain active
[2026-07-05 19:39:02] 💓 Heartbeat - Brain active
[2026-07-05 19:44:02] 💓 Heartbeat - Brain active
[2026-07-05 19:49:02] 💓 Heartbeat - Brain active
[2026-07-05 19:54:02] 💓 Heartbeat - Brain active
[2026-07-05 19:59:02] 💓 Heartbeat - Brain active
[2026-07-05 20:04:02] 💓 Heartbeat - Brain active
[2026-07-05 20:09:02] 💓 Heartbeat - Brain active
[2026-07-05 20:14:02] 💓 Heartbeat - Brain active
[2026-07-05 20:19:02] 💓 Heartbeat - Brain active
[2026-07-05 20:24:02] 💓 Heartbeat - Brain active
[2026-07-05 20:29:02] 💓 Heartbeat - Brain active
[2026-07-05 20:34:02] 💓 Heartbeat - Brain active
[2026-07-05 20:39:02] 💓 Heartbeat - Brain active
[2026-07-05 20:44:02] 💓 Heartbeat - Brain active
[2026-07-05 20:49:02] 💓 Heartbeat - Brain active
[2026-07-05 20:54:02] 💓 Heartbeat - Brain active
[2026-07-05 20:59:02] 💓 Heartbeat - Brain active
[2026-07-05 21:04:02] 💓 Heartbeat - Brain active
[2026-07-05 21:09:02] 💓 Heartbeat - Brain active
[2026-07-05 21:14:02] 💓 Heartbeat - Brain active
[2026-07-05 21:19:02] 💓 Heartbeat - Brain active
[2026-07-05 21:24:02] 💓 Heartbeat - Brain active
[2026-07-05 21:29:02] 💓 Heartbeat - Brain active
[2026-07-05 21:34:02] 💓 Heartbeat - Brain active
[2026-07-05 21:39:02] 💓 Heartbeat - Brain active
[2026-07-05 21:44:02] 💓 Heartbeat - Brain active
[2026-07-05 21:49:02] 💓 Heartbeat - Brain active
[2026-07-05 21:54:02] 💓 Heartbeat - Brain active
[2026-07-05 21:59:02] 💓 Heartbeat - Brain active
[2026-07-05 22:04:02] 💓 Heartbeat - Brain active
[2026-07-05 22:09:02] 💓 Heartbeat - Brain active
[2026-07-05 22:14:02] 💓 Heartbeat - Brain active
[2026-07-05 22:19:02] 💓 Heartbeat - Brain active
[2026-07-05 22:24:02] 💓 Heartbeat - Brain active
[2026-07-05 22:29:02] 💓 Heartbeat - Brain active
[2026-07-05 22:34:02] 💓 Heartbeat - Brain active
[2026-07-05 22:39:02] 💓 Heartbeat - Brain active
[2026-07-05 22:44:02] 💓 Heartbeat - Brain active
[2026-07-05 22:49:02] 💓 Heartbeat - Brain active
[2026-07-05 22:54:03] 💓 Heartbeat - Brain active
[2026-07-05 22:59:03] 💓 Heartbeat - Brain active
[2026-07-05 23:04:03] 💓 Heartbeat - Brain active
[2026-07-05 23:09:03] 💓 Heartbeat - Brain active
[2026-07-05 23:14:03] 💓 Heartbeat - Brain active
[2026-07-05 23:19:03] 💓 Heartbeat - Brain active
[2026-07-05 23:24:03] 💓 Heartbeat - Brain active
[2026-07-05 23:29:03] 💓 Heartbeat - Brain active
[2026-07-05 23:34:03] 💓 Heartbeat - Brain active
[2026-07-05 23:39:03] 💓 Heartbeat - Brain active
[2026-07-05 23:44:03] 💓 Heartbeat - Brain active
[2026-07-05 23:49:03] 💓 Heartbeat - Brain active
[2026-07-05 23:54:03] 💓 Heartbeat - Brain active
[2026-07-05 23:59:03] 💓 Heartbeat - Brain active
[2026-07-06 00:04:03] 💓 Heartbeat - Brain active
[2026-07-06 00:09:03] 💓 Heartbeat - Brain active
[2026-07-06 00:14:03] 💓 Heartbeat - Brain active
[2026-07-06 00:19:03] 💓 Heartbeat - Brain active
[2026-07-06 00:24:03] 💓 Heartbeat - Brain active
[2026-07-06 00:29:03] 💓 Heartbeat - Brain active
[2026-07-06 00:34:03] 💓 Heartbeat - Brain active
[2026-07-06 00:39:03] 💓 Heartbeat - Brain active
[2026-07-06 00:44:03] 💓 Heartbeat - Brain active
[2026-07-06 00:49:03] 💓 Heartbeat - Brain active
[2026-07-06 00:54:03] 💓 Heartbeat - Brain active
[2026-07-06 00:59:03] 💓 Heartbeat - Brain active
[2026-07-06 01:04:03] 💓 Heartbeat - Brain active
[2026-07-06 01:09:03] 💓 Heartbeat - Brain active
[2026-07-06 01:14:03] 💓 Heartbeat - Brain active
[2026-07-06 01:19:03] 💓 Heartbeat - Brain active
[2026-07-06 01:24:03] 💓 Heartbeat - Brain active
[2026-07-06 01:29:03] 💓 Heartbeat - Brain active
[2026-07-06 01:34:03] 💓 Heartbeat - Brain active
[2026-07-06 01:39:03] 💓 Heartbeat - Brain active
[2026-07-06 01:44:03] 💓 Heartbeat - Brain active
[2026-07-06 01:49:03] 💓 Heartbeat - Brain active
[2026-07-06 01:54:03] 💓 Heartbeat - Brain active
[2026-07-06 01:59:03] 💓 Heartbeat - Brain active
[2026-07-06 02:04:03] 💓 Heartbeat - Brain active
[2026-07-06 02:09:03] 💓 Heartbeat - Brain active
[2026-07-06 02:14:03] 💓 Heartbeat - Brain active
[2026-07-06 02:19:03] 💓 Heartbeat - Brain active
[2026-07-06 02:24:03] 💓 Heartbeat - Brain active
[2026-07-06 02:29:03] 💓 Heartbeat - Brain active
[2026-07-06 02:34:03] 💓 Heartbeat - Brain active
[2026-07-06 02:39:03] 💓 Heartbeat - Brain active
[2026-07-06 02:44:03] 💓 Heartbeat - Brain active
[2026-07-06 02:49:03] 💓 Heartbeat - Brain active
[2026-07-06 02:54:03] 💓 Heartbeat - Brain active
[2026-07-06 02:59:03] 💓 Heartbeat - Brain active
[2026-07-06 03:04:03] 💓 Heartbeat - Brain active
[2026-07-06 03:09:03] 💓 Heartbeat - Brain active
[2026-07-06 03:14:03] 💓 Heartbeat - Brain active
[2026-07-06 03:19:03] 💓 Heartbeat - Brain active
[2026-07-06 03:24:03] 💓 Heartbeat - Brain active
[2026-07-06 03:29:03] 💓 Heartbeat - Brain active
[2026-07-06 03:34:03] 💓 Heartbeat - Brain active
[2026-07-06 03:39:03] 💓 Heartbeat - Brain active
[2026-07-06 03:44:04] 💓 Heartbeat - Brain active
[2026-07-06 03:49:04] 💓 Heartbeat - Brain active
[2026-07-06 03:54:04] 💓 Heartbeat - Brain active
[2026-07-06 03:59:04] 💓 Heartbeat - Brain active
[2026-07-06 04:04:04] 💓 Heartbeat - Brain active
[2026-07-06 04:09:04] 💓 Heartbeat - Brain active
[2026-07-06 04:14:04] 💓 Heartbeat - Brain active
[2026-07-06 04:19:04] 💓 Heartbeat - Brain active
[2026-07-06 04:24:04] 💓 Heartbeat - Brain active
[2026-07-06 04:29:04] 💓 Heartbeat - Brain active
[2026-07-06 04:34:04] 💓 Heartbeat - Brain active
[2026-07-06 04:39:04] 💓 Heartbeat - Brain active
[2026-07-06 04:44:04] 💓 Heartbeat - Brain active
[2026-07-06 04:49:04] 💓 Heartbeat - Brain active
[2026-07-06 04:54:04] 💓 Heartbeat - Brain active
[2026-07-06 04:59:04] 💓 Heartbeat - Brain active
[2026-07-06 05:04:04] 💓 Heartbeat - Brain active
[2026-07-06 05:09:04] 💓 Heartbeat - Brain active
[2026-07-06 05:14:04] 💓 Heartbeat - Brain active
[2026-07-06 05:19:04] 💓 Heartbeat - Brain active
[2026-07-06 05:24:04] 💓 Heartbeat - Brain active
[2026-07-06 05:29:04] 💓 Heartbeat - Brain active
[2026-07-06 05:34:04] 💓 Heartbeat - Brain active
[2026-07-06 05:39:04] 💓 Heartbeat - Brain active
[2026-07-06 05:44:04] 💓 Heartbeat - Brain active
[2026-07-06 05:49:04] 💓 Heartbeat - Brain active
[2026-07-06 05:54:04] 💓 Heartbeat - Brain active
[2026-07-06 05:59:04] 💓 Heartbeat - Brain active
[2026-07-06 06:04:04] 💓 Heartbeat - Brain active
[2026-07-06 06:09:04] 💓 Heartbeat - Brain active
[2026-07-06 06:14:04] 💓 Heartbeat - Brain active
[2026-07-06 06:19:04] 💓 Heartbeat - Brain active
[2026-07-06 06:24:04] 💓 Heartbeat - Brain active
[2026-07-06 06:29:04] 💓 Heartbeat - Brain active
[2026-07-06 06:34:04] 💓 Heartbeat - Brain active
[2026-07-06 06:39:04] 💓 Heartbeat - Brain active
[2026-07-06 06:44:04] 💓 Heartbeat - Brain active
[2026-07-06 06:49:04] 💓 Heartbeat - Brain active
[2026-07-06 06:54:04] 💓 Heartbeat - Brain active
[2026-07-06 06:59:04] 💓 Heartbeat - Brain active
[2026-07-06 07:04:04] 💓 Heartbeat - Brain active
[2026-07-06 07:09:04] 💓 Heartbeat - Brain active
[2026-07-06 07:14:04] 💓 Heartbeat - Brain active
[2026-07-06 07:19:04] 💓 Heartbeat - Brain active
[2026-07-06 07:24:04] 💓 Heartbeat - Brain active
[2026-07-06 07:29:04] 💓 Heartbeat - Brain active
[2026-07-06 07:34:04] 💓 Heartbeat - Brain active
[2026-07-06 07:39:04] 💓 Heartbeat - Brain active
[2026-07-06 07:44:04] 💓 Heartbeat - Brain active
[2026-07-06 07:49:04] 💓 Heartbeat - Brain active
[2026-07-06 09:49:37] Patricia v4.3 Service starting...
[2026-07-06 09:49:37] ✅ Brain ready - Active model: antoniohudnall/Mort_II:latest
[2026-07-06 09:49:37] 💓 Heartbeat - Brain active
[2026-07-06 09:54:37] 💓 Heartbeat - Brain active
[2026-07-06 09:59:37] 💓 Heartbeat - Brain active
[2026-07-06 10:04:37] 💓 Heartbeat - Brain active
[2026-07-06 10:09:37] 💓 Heartbeat - Brain active
[2026-07-06 10:14:37] 💓 Heartbeat - Brain active
[2026-07-06 10:19:37] 💓 Heartbeat - Brain active
[2026-07-06 10:25:26] 💓 Heartbeat - Brain active
[2026-07-06 10:41:22] 💓 Heartbeat - Brain active
[2026-07-06 10:48:05] 💓 Heartbeat - Brain active
[2026-07-06 10:53:05] 💓 Heartbeat - Brain active
[2026-07-06 10:58:06] 💓 Heartbeat - Brain active
[2026-07-06 11:03:06] 💓 Heartbeat - Brain active
[2026-07-06 11:12:49] 💓 Heartbeat - Brain active
[2026-07-06 11:27:29] 💓 Heartbeat - Brain active
[2026-07-06 11:46:41] 💓 Heartbeat - Brain active
[2026-07-06 12:14:18] 💓 Heartbeat - Brain active
[2026-07-06 12:19:18] 💓 Heartbeat - Brain active
[2026-07-06 12:44:59] 💓 Heartbeat - Brain active
[2026-07-06 12:59:56] 💓 Heartbeat - Brain active
[2026-07-06 13:04:56] 💓 Heartbeat - Brain active
[2026-07-06 13:13:24] 💓 Heartbeat - Brain active
[2026-07-06 13:33:08] 💓 Heartbeat - Brain active
[2026-07-06 13:38:08] 💓 Heartbeat - Brain active
[2026-07-06 13:43:08] 💓 Heartbeat - Brain active
[2026-07-06 13:48:08] 💓 Heartbeat - Brain active
[2026-07-06 14:00:00] 💓 Heartbeat - Brain active
[2026-07-06 14:31:49] 💓 Heartbeat - Brain active
[2026-07-06 14:36:49] 💓 Heartbeat - Brain active
[2026-07-06 14:44:43] 💓 Heartbeat - Brain active
[2026-07-06 14:49:43] 💓 Heartbeat - Brain active
[2026-07-06 15:11:54] 💓 Heartbeat - Brain active
[2026-07-06 15:50:14] 💓 Heartbeat - Brain active
[2026-07-06 15:55:14] 💓 Heartbeat - Brain active
[2026-07-06 16:09:49] 💓 Heartbeat - Brain active
[2026-07-06 16:55:54] 💓 Heartbeat - Brain active
[2026-07-06 17:36:27] 💓 Heartbeat - Brain active
[2026-07-06 17:54:50] 💓 Heartbeat - Brain active
[2026-07-06 19:02:42] 💓 Heartbeat - Brain active
[2026-07-06 19:07:42] 💓 Heartbeat - Brain active
[2026-07-06 21:08:29] 💓 Heartbeat - Brain active
[2026-07-06 21:13:29] 💓 Heartbeat - Brain active
[2026-07-06 23:15:42] 💓 Heartbeat - Brain active
[2026-07-07 00:04:22] 💓 Heartbeat - Brain active
[2026-07-07 01:07:51] 💓 Heartbeat - Brain active
[2026-07-07 02:01:54] 💓 Heartbeat - Brain active
[2026-07-07 02:48:17] 💓 Heartbeat - Brain active
[2026-07-07 03:02:13] 💓 Heartbeat - Brain active
[2026-07-07 03:12:51] 💓 Heartbeat - Brain active
[2026-07-07 03:29:05] 💓 Heartbeat - Brain active
[2026-07-07 03:34:05] 💓 Heartbeat - Brain active
[2026-07-07 04:15:30] 💓 Heartbeat - Brain active
[2026-07-07 05:31:04] 💓 Heartbeat - Brain active
[2026-07-07 06:06:18] 💓 Heartbeat - Brain active
[2026-07-07 06:11:18] 💓 Heartbeat - Brain active
[2026-07-07 06:21:04] 💓 Heartbeat - Brain active
[2026-07-07 06:26:04] 💓 Heartbeat - Brain active
[2026-07-07 07:14:05] 💓 Heartbeat - Brain active
[2026-07-07 08:24:40] 💓 Heartbeat - Brain active
[2026-07-07 09:19:23] 💓 Heartbeat - Brain active
[2026-07-07 10:01:34] 💓 Heartbeat - Brain active
[2026-07-07 10:14:43] 💓 Heartbeat - Brain active
[2026-07-07 10:30:28] 💓 Heartbeat - Brain active
[2026-07-07 10:35:28] 💓 Heartbeat - Brain active
[2026-07-07 10:44:10] 💓 Heartbeat - Brain active
[2026-07-07 10:49:10] 💓 Heartbeat - Brain active
[2026-07-07 11:14:22] 💓 Heartbeat - Brain active
[2026-07-07 11:58:51] 💓 Heartbeat - Brain active
[2026-07-07 13:04:08] 💓 Heartbeat - Brain active
[2026-07-07 14:00:19] 💓 Heartbeat - Brain active
[2026-07-07 14:55:42] 💓 Heartbeat - Brain active
[2026-07-07 15:18:08] 💓 Heartbeat - Brain active
[2026-07-07 15:31:40] 💓 Heartbeat - Brain active
[2026-07-07 15:36:40] 💓 Heartbeat - Brain active
[2026-07-07 16:05:25] 💓 Heartbeat - Brain active
[2026-07-07 17:12:49] 💓 Heartbeat - Brain active
[2026-07-07 18:09:17] 💓 Heartbeat - Brain active
[2026-07-07 19:35:16] 💓 Heartbeat - Brain active
[2026-07-07 21:07:03] 💓 Heartbeat - Brain active
[2026-07-07 22:39:23] 💓 Heartbeat - Brain active
[2026-07-07 23:52:32] 💓 Heartbeat - Brain active
[2026-07-08 00:17:40] 💓 Heartbeat - Brain active
[2026-07-08 00:22:40] 💓 Heartbeat - Brain active
[2026-07-08 01:07:09] 💓 Heartbeat - Brain active
[2026-07-08 02:02:46] 💓 Heartbeat - Brain active
[2026-07-08 02:41:40] 💓 Heartbeat - Brain active
[2026-07-08 04:06:03] 💓 Heartbeat - Brain active
[2026-07-08 04:44:51] 💓 Heartbeat - Brain active
[2026-07-08 05:50:54] 💓 Heartbeat - Brain active
[2026-07-08 06:57:29] 💓 Heartbeat - Brain active
[2026-07-08 07:37:45] 💓 Heartbeat - Brain active
[2026-07-08 08:35:01] 💓 Heartbeat - Brain active
[2026-07-08 09:30:06] 💓 Heartbeat - Brain active
[2026-07-08 10:01:16] 💓 Heartbeat - Brain active
[2026-07-08 10:12:34] 💓 Heartbeat - Brain active
[2026-07-08 10:29:37] 💓 Heartbeat - Brain active
[2026-07-08 10:40:47] 💓 Heartbeat - Brain active
[2026-07-08 10:45:48] 💓 Heartbeat - Brain active
[2026-07-08 11:00:15] 💓 Heartbeat - Brain active
[2026-07-08 11:30:06] 💓 Heartbeat - Brain active
[2026-07-08 11:35:48] 💓 Heartbeat - Brain active
[2026-07-08 11:53:54] 💓 Heartbeat - Brain active
[2026-07-08 12:15:38] 💓 Heartbeat - Brain active
[2026-07-08 12:30:02] 💓 Heartbeat - Brain active
[2026-07-08 13:19:51] 💓 Heartbeat - Brain active
[2026-07-08 14:03:14] 💓 Heartbeat - Brain active
[2026-07-08 14:28:59] 💓 Heartbeat - Brain active
[2026-07-08 15:02:39] 💓 Heartbeat - Brain active
[2026-07-08 15:13:22] 💓 Heartbeat - Brain active
[2026-07-08 15:18:22] 💓 Heartbeat - Brain active
[2026-07-08 15:28:11] 💓 Heartbeat - Brain active
[2026-07-08 15:49:55] 💓 Heartbeat - Brain active
[2026-07-08 15:54:56] 💓 Heartbeat - Brain active
[2026-07-08 16:38:07] 💓 Heartbeat - Brain active
[2026-07-08 17:25:37] 💓 Heartbeat - Brain active
[2026-07-08 19:02:13] 💓 Heartbeat - Brain active
[2026-07-08 21:02:57] 💓 Heartbeat - Brain active
[2026-07-08 22:51:05] 💓 Heartbeat - Brain active
[2026-07-09 00:03:09] 💓 Heartbeat - Brain active
[2026-07-09 00:53:20] 💓 Heartbeat - Brain active
[2026-07-09 01:47:44] 💓 Heartbeat - Brain active
[2026-07-09 03:04:18] 💓 Heartbeat - Brain active
[2026-07-09 03:42:46] 💓 Heartbeat - Brain active
[2026-07-09 04:20:40] 💓 Heartbeat - Brain active
[2026-07-09 04:28:34] 💓 Heartbeat - Brain active
[2026-07-09 05:36:29] 💓 Heartbeat - Brain active
[2026-07-09 06:23:03] 💓 Heartbeat - Brain active
[2026-07-09 07:14:20] 💓 Heartbeat - Brain active
[2026-07-09 07:47:22] 💓 Heartbeat - Brain active
[2026-07-09 07:52:22] 💓 Heartbeat - Brain active
[2026-07-09 08:13:29] 💓 Heartbeat - Brain active
[2026-07-09 09:25:33] 💓 Heartbeat - Brain active
[2026-07-09 09:30:33] 💓 Heartbeat - Brain active
[2026-07-09 09:35:33] 💓 Heartbeat - Brain active
[2026-07-09 09:40:33] 💓 Heartbeat - Brain active
[2026-07-09 09:45:33] 💓 Heartbeat - Brain active
[2026-07-09 09:50:33] 💓 Heartbeat - Brain active
[2026-07-09 09:55:33] 💓 Heartbeat - Brain active
[2026-07-09 10:02:03] 💓 Heartbeat - Brain active
[2026-07-09 10:12:01] 💓 Heartbeat - Brain active
[2026-07-09 12:39:23] 💓 Heartbeat - Brain active
[2026-07-09 13:51:18] 💓 Heartbeat - Brain active
[2026-07-09 14:10:11] 💓 Heartbeat - Brain active
[2026-07-09 14:57:24] 💓 Heartbeat - Brain active
[2026-07-09 15:45:07] 💓 Heartbeat - Brain active
[2026-07-09 16:44:45] 💓 Heartbeat - Brain active
[2026-07-09 19:04:21] 💓 Heartbeat - Brain active
[2026-07-09 19:40:25] 💓 Heartbeat - Brain active
[2026-07-09 21:12:46] 💓 Heartbeat - Brain active
[2026-07-09 23:37:47] 💓 Heartbeat - Brain active
[2026-07-10 00:11:28] 💓 Heartbeat - Brain active
[2026-07-10 01:16:49] 💓 Heartbeat - Brain active
[2026-07-10 01:37:14] 💓 Heartbeat - Brain active
[2026-07-10 01:42:14] 💓 Heartbeat - Brain active
[2026-07-10 02:30:07] 💓 Heartbeat - Brain active
[2026-07-10 03:22:05] 💓 Heartbeat - Brain active
[2026-07-10 04:32:23] 💓 Heartbeat - Brain active
[2026-07-10 05:18:31] 💓 Heartbeat - Brain active
[2026-07-10 05:23:31] 💓 Heartbeat - Brain active
[2026-07-10 05:41:45] 💓 Heartbeat - Brain active
[2026-07-10 06:13:26] 💓 Heartbeat - Brain active
[2026-07-10 07:28:37] 💓 Heartbeat - Brain active
[2026-07-10 08:33:53] 💓 Heartbeat - Brain active
[2026-07-10 09:36:22] 💓 Heartbeat - Brain active
[2026-07-10 10:25:56] 💓 Heartbeat - Brain active
[2026-07-11 14:32:27] Patricia v4.3 Service starting...
[2026-07-11 14:32:27] ✅ Brain ready - Active model: antoniohudnall/Mort_II:latest
[2026-07-11 14:32:27] 💓 Heartbeat - Brain active
[2026-07-11 14:37:27] 💓 Heartbeat - Brain active
[2026-07-11 14:42:27] 💓 Heartbeat - Brain active
[2026-07-11 14:47:27] 💓 Heartbeat - Brain active
[2026-07-11 15:08:37] 💓 Heartbeat - Brain active
[2026-07-11 16:49:36] 💓 Heartbeat - Brain active
[2026-07-11 18:54:03] 💓 Heartbeat - Brain active
[2026-07-11 20:09:16] 💓 Heartbeat - Brain active
[2026-07-11 20:14:16] 💓 Heartbeat - Brain active
[2026-07-11 20:19:16] 💓 Heartbeat - Brain active
[2026-07-11 20:24:16] 💓 Heartbeat - Brain active
[2026-07-11 20:29:16] 💓 Heartbeat - Brain active
[2026-07-11 20:34:16] 💓 Heartbeat - Brain active
[2026-07-11 20:39:16] 💓 Heartbeat - Brain active
[2026-07-11 20:44:16] 💓 Heartbeat - Brain active
[2026-07-11 20:49:16] 💓 Heartbeat - Brain active
[2026-07-11 20:54:16] 💓 Heartbeat - Brain active
[2026-07-11 20:59:16] 💓 Heartbeat - Brain active
[2026-07-11 21:04:16] 💓 Heartbeat - Brain active
[2026-07-11 21:09:16] 💓 Heartbeat - Brain active
[2026-07-11 21:18:13] 💓 Heartbeat - Brain active
[2026-07-11 21:23:13] 💓 Heartbeat - Brain active
[2026-07-11 21:33:12] 💓 Heartbeat - Brain active
[2026-07-11 21:38:12] 💓 Heartbeat - Brain active
[2026-07-11 21:43:12] 💓 Heartbeat - Brain active
[2026-07-11 21:52:50] 💓 Heartbeat - Brain active
[2026-07-12 11:29:20] Patricia v4.3 Service starting...
[2026-07-12 11:29:20] ✅ Brain ready - Active model: antoniohudnall/Mort_II:latest
[2026-07-12 11:29:20] 💓 Heartbeat - Brain active
[2026-07-12 11:49:42] 💓 Heartbeat - Brain active
[2026-07-12 11:54:42] 💓 Heartbeat - Brain active
[2026-07-12 13:37:40] 💓 Heartbeat - Brain active
[2026-07-12 18:58:44] 💓 Heartbeat - Brain active
[2026-07-12 19:36:08] 💓 Heartbeat - Brain active
[2026-07-12 19:56:34] 💓 Heartbeat - Brain active
[2026-07-12 20:14:01] 💓 Heartbeat - Brain active
[2026-07-12 21:37:47] 💓 Heartbeat - Brain active
[2026-07-12 22:19:35] 💓 Heartbeat - Brain active
[2026-07-12 23:35:03] 💓 Heartbeat - Brain active
[2026-07-13 00:30:02] 💓 Heartbeat - Brain active
[2026-07-13 01:30:56] 💓 Heartbeat - Brain active
[2026-07-13 02:23:50] 💓 Heartbeat - Brain active
[2026-07-13 02:48:15] 💓 Heartbeat - Brain active
[2026-07-13 02:53:15] 💓 Heartbeat - Brain active
[2026-07-13 03:37:13] 💓 Heartbeat - Brain active
[2026-07-13 04:37:14] 💓 Heartbeat - Brain active
[2026-07-13 05:56:25] 💓 Heartbeat - Brain active
[2026-07-13 06:44:27] 💓 Heartbeat - Brain active
[2026-07-13 07:40:22] 💓 Heartbeat - Brain active
[2026-07-13 08:27:52] 💓 Heartbeat - Brain active
[2026-07-13 09:02:38] 💓 Heartbeat - Brain active
[2026-07-13 09:31:36] 💓 Heartbeat - Brain active
[2026-07-13 10:18:11] 💓 Heartbeat - Brain active
[2026-07-13 10:43:49] 💓 Heartbeat - Brain active
[2026-07-13 11:16:03] 💓 Heartbeat - Brain active
[2026-07-13 11:51:14] 💓 Heartbeat - Brain active
[2026-07-13 12:10:27] 💓 Heartbeat - Brain active
[2026-07-13 12:49:54] 💓 Heartbeat - Brain active
[2026-07-13 13:23:47] 💓 Heartbeat - Brain active
[2026-07-13 14:01:10] 💓 Heartbeat - Brain active
[2026-07-13 14:45:06] 💓 Heartbeat - Brain active
[2026-07-13 15:38:28] 💓 Heartbeat - Brain active
[2026-07-13 17:00:02] 💓 Heartbeat - Brain active
[2026-07-13 17:53:26] 💓 Heartbeat - Brain active
[2026-07-13 18:34:16] 💓 Heartbeat - Brain active
[2026-07-13 19:56:31] 💓 Heartbeat - Brain active
[2026-07-13 21:35:29] 💓 Heartbeat - Brain active
[2026-07-13 22:00:58] 💓 Heartbeat - Brain active
[2026-07-13 22:06:47] 💓 Heartbeat - Brain active
[2026-07-13 22:11:47] 💓 Heartbeat - Brain active
[2026-07-13 22:16:47] 💓 Heartbeat - Brain active
[2026-07-13 22:21:47] 💓 Heartbeat - Brain active
[2026-07-13 22:26:47] 💓 Heartbeat - Brain active
[2026-07-13 22:31:47] 💓 Heartbeat - Brain active
[2026-07-13 22:36:47] 💓 Heartbeat - Brain active
[2026-07-13 22:41:47] 💓 Heartbeat - Brain active
[2026-07-13 22:46:47] 💓 Heartbeat - Brain active
[2026-07-13 22:51:47] 💓 Heartbeat - Brain active
[2026-07-13 22:53:13] Patricia v4.3 Service starting...
[2026-07-13 22:53:13] ✅ Brain ready - Active model: antoniohudnall/Mort_II:latest
[2026-07-13 22:53:13] 💓 Heartbeat - Brain active
[2026-07-13 22:56:47] 💓 Heartbeat - Brain active
[2026-07-13 22:58:13] 💓 Heartbeat - Brain active
[2026-07-13 23:01:47] 💓 Heartbeat - Brain active
[2026-07-13 23:03:13] 💓 Heartbeat - Brain active
[2026-07-13 23:06:47] 💓 Heartbeat - Brain active
[2026-07-13 23:08:13] 💓 Heartbeat - Brain active
[2026-07-13 23:11:47] 💓 Heartbeat - Brain active
[2026-07-13 23:13:13] 💓 Heartbeat - Brain active
[2026-07-13 23:16:47] 💓 Heartbeat - Brain active
[2026-07-13 23:18:13] 💓 Heartbeat - Brain active
[2026-07-13 23:21:47] 💓 Heartbeat - Brain active
[2026-07-13 23:23:13] 💓 Heartbeat - Brain active
[2026-07-13 23:26:47] 💓 Heartbeat - Brain active
[2026-07-13 23:28:13] 💓 Heartbeat - Brain active
[2026-07-13 23:31:47] 💓 Heartbeat - Brain active
[2026-07-13 23:33:13] 💓 Heartbeat - Brain active
[2026-07-13 23:36:47] 💓 Heartbeat - Brain active
[2026-07-13 23:38:13] 💓 Heartbeat - Brain active
[2026-07-13 23:41:47] 💓 Heartbeat - Brain active
[2026-07-13 23:43:13] 💓 Heartbeat - Brain active
[2026-07-13 23:46:47] 💓 Heartbeat - Brain active
[2026-07-13 23:48:13] 💓 Heartbeat - Brain active
[2026-07-13 23:51:47] 💓 Heartbeat - Brain active
[2026-07-13 23:53:13] 💓 Heartbeat - Brain active
[2026-07-13 23:56:47] 💓 Heartbeat - Brain active
[2026-07-13 23:58:13] 💓 Heartbeat - Brain active
[2026-07-14 00:01:47] 💓 Heartbeat - Brain active
[2026-07-14 00:03:13] 💓 Heartbeat - Brain active
[2026-07-14 00:06:47] 💓 Heartbeat - Brain active
[2026-07-14 00:08:13] 💓 Heartbeat - Brain active
[2026-07-14 00:11:47] 💓 Heartbeat - Brain active
[2026-07-14 00:13:13] 💓 Heartbeat - Brain active
[2026-07-14 00:16:47] 💓 Heartbeat - Brain active
[2026-07-14 00:18:13] 💓 Heartbeat - Brain active
[2026-07-14 00:21:47] 💓 Heartbeat - Brain active
[2026-07-14 00:23:13] 💓 Heartbeat - Brain active
[2026-07-14 00:26:47] 💓 Heartbeat - Brain active
[2026-07-14 00:28:13] 💓 Heartbeat - Brain active
[2026-07-14 00:31:47] 💓 Heartbeat - Brain active
[2026-07-14 00:33:13] 💓 Heartbeat - Brain active
[2026-07-14 00:36:47] 💓 Heartbeat - Brain active
[2026-07-14 00:38:13] 💓 Heartbeat - Brain active
[2026-07-14 00:41:47] 💓 Heartbeat - Brain active
[2026-07-14 00:43:13] 💓 Heartbeat - Brain active
[2026-07-14 00:46:47] 💓 Heartbeat - Brain active
[2026-07-14 00:48:13] 💓 Heartbeat - Brain active
======================================================================
PATRICIA v4.3 + AURORA v4.3 - Multi-Model Agents
======================================================================

📊 Activating Patricia v4.3...
📊🧠🔄 Patricia v4.3
Role: Multi-Model Process Excellence Officer
🧠🔄 Brain v4.3 initializing...
Active model: antoniohudnall/Mort_II:latest
Available models: 5
  ✅ ACTIVE Mort_II (Primary) (antoniohudnall/Mort_II:latest)
  ⏳ standby Phi-3 (Fast) (phi3:latest)
  ⏳ standby TinyLlama (Tiny) (tinyllama:latest)
  ⏳ standby Qwen 2.5 (qwen2.5:3b)
  ⏳ standby Llama 3.2 (llama3.2:latest)
🎓 Continuous learning with multi-model support

✅ Brain v4.3 ready

To switch models:
  brain.switch_to_model('phi3:latest')
  brain.switch_to_model('tinyllama:latest')

----------------------------------------------------------------------
MODEL SWITCHING DEMO
----------------------------------------------------------------------

📋 Available Models:
  🟢 Mort_II (Primary) (antoniohudnall/Mort_II:latest)
  ⚪ Phi-3 (Fast) (phi3:latest)
  ⚪ TinyLlama (Tiny) (tinyllama:latest)
  ⚪ Qwen 2.5 (qwen2.5:3b)
  ⚪ Llama 3.2 (llama3.2:latest)

======================================================================
DOWNLOAD INSTRUCTIONS
======================================================================

To download a model:

1. Check available models:
   ollama list

2. Download a model:
   ollama pull phi3:latest
   ollama pull tinyllama:latest
   ollama pull qwen2.5:3b

3. Verify download:
   ollama list

4. Test the model:
   ollama run phi3:latest "Hello world"


======================================================================
STANDALONE TEST
======================================================================

To test phi3 standalone:
  python patricia_v4_3_multi_model.py test phi3

To test tinyllama standalone:
  python patricia_v4_3_multi_model.py test tinyllama
[2026-07-20 02:14:41] Patricia v4.3 Service starting...
[2026-07-20 02:14:41] ✅ Brain ready - Active model: antoniohudnall/Mort_II:latest
[2026-07-20 02:14:41] 💓 Heartbeat - Brain active
[2026-07-20 02:14:41] Patricia v4.3 Service starting...
[2026-07-20 02:14:41] ✅ Brain ready - Active model: antoniohudnall/Mort_II:latest
[2026-07-20 02:14:41] 💓 Heartbeat - Brain active
[2026-07-20 02:19:41] 💓 Heartbeat - Brain active
[2026-07-20 02:19:41] 💓 Heartbeat - Brain active
[2026-07-20 02:24:41] 💓 Heartbeat - Brain active
[2026-07-20 02:24:41] 💓 Heartbeat - Brain active
[2026-07-20 02:29:41] 💓 Heartbeat - Brain active
[2026-07-20 02:29:41] 💓 Heartbeat - Brain active
[2026-07-20 02:34:41] 💓 Heartbeat - Brain active
[2026-07-20 02:34:41] 💓 Heartbeat - Brain active
[2026-07-20 02:39:41] 💓 Heartbeat - Brain active
[2026-07-20 02:39:41] 💓 Heartbeat - Brain active
[2026-07-20 02:44:41] 💓 Heartbeat - Brain active
[2026-07-20 02:44:41] 💓 Heartbeat - Brain active
[2026-07-20 02:49:41] 💓 Heartbeat - Brain active
[2026-07-20 02:49:41] 💓 Heartbeat - Brain active
[2026-07-20 02:54:41] 💓 Heartbeat - Brain active
[2026-07-20 02:54:41] 💓 Heartbeat - Brain active
