name,phone,address,city,state,zip,website,category_type,categories,rating,review_count,source,date_found
E's Sol Food,(559) 217-6578,"2011 E Lewis Ave, Fresno, CA 93701",Fresno,CA,93701,https://www.yelp.com/biz/es-sol-food-fresno?adjust_creative=BkJcGSdN3A98X2H7gLpQjA&utm_campaign=yelp_api_v3&utm_medium=api_v3_business_search&utm_source=BkJcGSdN3A98X2H7gLpQjA,food_truck,"Food Trucks, Soul Food",4.4,7,Yelp,2026-07-02
Teriyaki Madness,(559) 570-2370,"1916 E Copper Ave, Ste 104, Fresno, CA 93730",Fresno,CA,93730,https://www.yelp.com/biz/teriyaki-madness-fresno-2?adjust_creative=BkJcGSdN3A98X2H7gLpQjA&utm_campaign=yelp_api_v3&utm_medium=api_v3_business_search&utm_source=BkJcGSdN3A98X2H7gLpQjA,japanese,"Japanese, Asian Fusion",3.5,23,Yelp,2026-07-02
Bee’s Bakery Cafe,(559) 683-2393,"40250 Junction Dr, Oakhurst, CA 93644",Oakhurst,CA,93644,https://www.yelp.com/biz/bee-s-bakery-cafe-oakhurst-2?adjust_creative=BkJcGSdN3A98X2H7gLpQjA&utm_campaign=yelp_api_v3&utm_medium=api_v3_business_search&utm_source=BkJcGSdN3A98X2H7gLpQjA,cafe,"Bakeries, Cafes, Breakfast & Brunch",4.5,299,Yelp,2026-07-02
Zaytoona,(559) 530-3085,"129 W 7th St, Hanford, CA 93230",Hanford,CA,93230,https://www.yelp.com/biz/zaytoona-hanford-2?adjust_creative=BkJcGSdN3A98X2H7gLpQjA&utm_campaign=yelp_api_v3&utm_medium=api_v3_business_search&utm_source=BkJcGSdN3A98X2H7gLpQjA,mediterranean,"Mediterranean, Salad, New American",4.4,615,Yelp,2026-07-02
13 Prime Steak,(559) 216-1313,"1345 N Willow Ave, Ste 190, Clovis, CA 93619",Clovis,CA,93619,https://www.yelp.com/biz/13-prime-steak-clovis-3?adjust_creative=BkJcGSdN3A98X2H7gLpQjA&utm_campaign=yelp_api_v3&utm_medium=api_v3_business_search&utm_source=BkJcGSdN3A98X2H7gLpQjA,bar,"Steakhouses, Cocktail Bars",4.3,672,Yelp,2026-07-02
New China Cafe,(559) 266-6508,"1107 N Blackstone Ave, Fresno, CA 93701",Fresno,CA,93701,https://www.yelp.com/biz/new-china-cafe-fresno?adjust_creative=BkJcGSdN3A98X2H7gLpQjA&utm_campaign=yelp_api_v3&utm_medium=api_v3_business_search&utm_source=BkJcGSdN3A98X2H7gLpQjA,chinese,Chinese,3.7,147,Yelp,2026-07-02
Riley's Taproom,(559) 318-9897,"2940 McCall Ave, Ste 112, Selma, CA 93662",Selma,CA,93662,https://www.yelp.com/biz/rileys-taproom-selma?adjust_creative=BkJcGSdN3A98X2H7gLpQjA&utm_campaign=yelp_api_v3&utm_medium=api_v3_business_search&utm_source=BkJcGSdN3A98X2H7gLpQjA,pizza,"Pizza, Breweries, Burgers",4.2,36,Yelp,2026-07-02
Mammoth Coffee Roasting Company,(760) 646-3994,"436 Old Mammoth Rd, Ste 1, Mammoth Lakes, CA 93546",Mammoth Lakes,CA,93546,https://www.yelp.com/biz/mammoth-coffee-roasting-company-mammoth-lakes?adjust_creative=BkJcGSdN3A98X2H7gLpQjA&utm_campaign=yelp_api_v3&utm_medium=api_v3_business_search&utm_source=BkJcGSdN3A98X2H7gLpQjA,cafe,"Coffee & Tea, Donuts, Cafes",4.4,323,Yelp,2026-07-02
Reimer's Candies & Gifts,(559) 642-3232,"41969 Hwy 41, Oakhurst, CA 93644",Oakhurst,CA,93644,https://www.yelp.com/biz/reimers-candies-and-gifts-oakhurst-2?adjust_creative=BkJcGSdN3A98X2H7gLpQjA&utm_campaign=yelp_api_v3&utm_medium=api_v3_business_search&utm_source=BkJcGSdN3A98X2H7gLpQjA,bakery,"Gelato, Ice Cream & Frozen Yogurt, Candy Stores",4.5,235,Yelp,2026-07-02
Panda Express,(559) 323-0541,"2980 E. Nees Ave, Fresno, CA 93720",Fresno,CA,93720,https://www.yelp.com/biz/panda-express-fresno-5?adjust_creative=BkJcGSdN3A98X2H7gLpQjA&utm_campaign=yelp_api_v3&utm_medium=api_v3_business_search&utm_source=BkJcGSdN3A98X2H7gLpQjA,chinese,"Chinese, Fast Food",2.4,112,Yelp,2026-07-02
Tsing Tao Chinese Restaurant,(559) 297-7725,"711 W Shaw Ave, Ste 101, Clovis, CA 93612",Clovis,CA,93612,https://www.yelp.com/biz/tsing-tao-chinese-restaurant-clovis?adjust_creative=BkJcGSdN3A98X2H7gLpQjA&utm_campaign=yelp_api_v3&utm_medium=api_v3_business_search&utm_source=BkJcGSdN3A98X2H7gLpQjA,chinese,Chinese,4.0,337,Yelp,2026-07-02
El Patio Restaurant,(559) 721-7757,"552 E Olive Ave, Fresno, CA 93728",Fresno,CA,93728,https://www.yelp.com/biz/el-patio-restaurant-fresno?adjust_creative=BkJcGSdN3A98X2H7gLpQjA&utm_campaign=yelp_api_v3&utm_medium=api_v3_business_search&utm_source=BkJcGSdN3A98X2H7gLpQjA,mexican,Mexican,3.9,1026,Yelp,2026-07-02
Dead Rat Saloon,(559) 769-2095,"19414 Ave 344, Woodlake, CA 93286",Woodlake,CA,93286,https://www.yelp.com/biz/dead-rat-saloon-woodlake-2?adjust_creative=BkJcGSdN3A98X2H7gLpQjA&utm_campaign=yelp_api_v3&utm_medium=api_v3_business_search&utm_source=BkJcGSdN3A98X2H7gLpQjA,bar,Dive Bars,4.5,15,Yelp,2026-07-02
Balanced Rock Grill & Cantina,(760) 648-7849,"2588 Hwy 158, June Lake, CA 93529",June Lake,CA,93529,https://www.yelp.com/biz/balanced-rock-grill-and-cantina-june-lake?adjust_creative=BkJcGSdN3A98X2H7gLpQjA&utm_campaign=yelp_api_v3&utm_medium=api_v3_business_search&utm_source=BkJcGSdN3A98X2H7gLpQjA,mexican,"Mexican, Salad, Sandwiches",4.6,141,Yelp,2026-07-02
Pho Lotus,(559) 372-7044,"3837 W Caldwell Ave, Ste A, Visalia, CA 93277",Visalia,CA,93277,https://www.yelp.com/biz/pho-lotus-visalia?adjust_creative=BkJcGSdN3A98X2H7gLpQjA&utm_campaign=yelp_api_v3&utm_medium=api_v3_business_search&utm_source=BkJcGSdN3A98X2H7gLpQjA,vietnamese,"Comfort Food, Coffee & Tea, Vietnamese",3.8,19,Yelp,2026-07-02
Mammoth Rock Brasserie,(760) 934-4200,"3029 Chateau Rd, Mammoth Lakes, CA 93546",Mammoth Lakes,CA,93546,https://www.yelp.com/biz/mammoth-rock-brasserie-mammoth-lakes-2?adjust_creative=BkJcGSdN3A98X2H7gLpQjA&utm_campaign=yelp_api_v3&utm_medium=api_v3_business_search&utm_source=BkJcGSdN3A98X2H7gLpQjA,bar,"Brasseries, Bars, French",4.4,509,Yelp,2026-07-02
Ramon's Tacos,(209) 996-9736,"486 N Sutter St, Planada, CA 95365",Planada,CA,95365,https://www.yelp.com/biz/ramons-tacos-planada?adjust_creative=BkJcGSdN3A98X2H7gLpQjA&utm_campaign=yelp_api_v3&utm_medium=api_v3_business_search&utm_source=BkJcGSdN3A98X2H7gLpQjA,mexican,"Mexican, Food Trucks",4.5,78,Yelp,2026-07-02
Bravo Farms Traver,(559) 897-5762,"36005 Hwy 99, Traver, CA 93673",Traver,CA,93673,https://www.yelp.com/biz/bravo-farms-traver-traver-2?adjust_creative=BkJcGSdN3A98X2H7gLpQjA&utm_campaign=yelp_api_v3&utm_medium=api_v3_business_search&utm_source=BkJcGSdN3A98X2H7gLpQjA,bar,"Cheese Shops, Barbeque, Chocolatiers & Shops",3.8,727,Yelp,2026-07-02
Downtown Rookies Sports Bar,(559) 732-1200,"215 E Main St, Visalia, CA 93291",Visalia,CA,93291,https://www.yelp.com/biz/downtown-rookies-sports-bar-visalia?adjust_creative=BkJcGSdN3A98X2H7gLpQjA&utm_campaign=yelp_api_v3&utm_medium=api_v3_business_search&utm_source=BkJcGSdN3A98X2H7gLpQjA,bar,Sports Bars,2.9,179,Yelp,2026-07-02
The Annex Kitchen,(559) 248-8512,"2257 W Shaw Ave, Fresno, CA 93711",Fresno,CA,93711,https://www.yelp.com/biz/the-annex-kitchen-fresno-2?adjust_creative=BkJcGSdN3A98X2H7gLpQjA&utm_campaign=yelp_api_v3&utm_medium=api_v3_business_search&utm_source=BkJcGSdN3A98X2H7gLpQjA,pizza,"Pizza, Italian, Cocktail Bars",4.4,1799,Yelp,2026-07-02
Eureka!,(559) 578-8879,"950 Herndon Ave, Clovis, CA 93612",Clovis,CA,93612,https://www.yelp.com/biz/eureka-clovis-2?adjust_creative=BkJcGSdN3A98X2H7gLpQjA&utm_campaign=yelp_api_v3&utm_medium=api_v3_business_search&utm_source=BkJcGSdN3A98X2H7gLpQjA,bar,"American, Cocktail Bars, Burgers",4.0,204,Yelp,2026-07-02
Harmony Brazilian Steakhouse & Bar,(310) 359-3400,"106 Old Mammoth Rd, Mammoth Lakes, CA 93546",Mammoth Lakes,CA,93546,https://www.yelp.com/biz/harmony-brazilian-steakhouse-and-bar-mammoth-lakes?adjust_creative=BkJcGSdN3A98X2H7gLpQjA&utm_campaign=yelp_api_v3&utm_medium=api_v3_business_search&utm_source=BkJcGSdN3A98X2H7gLpQjA,bar,"Brazilian, Steakhouses, Cocktail Bars",4.4,232,Yelp,2026-07-02
Pho Village,(559) 319-7113,"5183 E Kings Canyon Rd, Fresno, CA 93727",Fresno,CA,93727,https://www.yelp.com/biz/pho-village-fresno?adjust_creative=BkJcGSdN3A98X2H7gLpQjA&utm_campaign=yelp_api_v3&utm_medium=api_v3_business_search&utm_source=BkJcGSdN3A98X2H7gLpQjA,vietnamese,"Asian Fusion, Soup, Vietnamese",4.6,7,Yelp,2026-07-02
Sunny Market & Liquor,(559) 674-0661,"21153 Rd 600, Madera, CA 93638",Madera,CA,93638,https://www.yelp.com/biz/sunny-market-and-liquor-madera?adjust_creative=BkJcGSdN3A98X2H7gLpQjA&utm_campaign=yelp_api_v3&utm_medium=api_v3_business_search&utm_source=BkJcGSdN3A98X2H7gLpQjA,retail,"Convenience Stores, Gas Stations",5.0,1,Yelp,2026-07-02
Dog House Grill,(559) 294-9920,"2789 E Shaw Ave, Fresno, CA 93710",Fresno,CA,93710,https://www.yelp.com/biz/dog-house-grill-fresno-2?adjust_creative=BkJcGSdN3A98X2H7gLpQjA&utm_campaign=yelp_api_v3&utm_medium=api_v3_business_search&utm_source=BkJcGSdN3A98X2H7gLpQjA,bar,"Sports Bars, American, Barbeque",4.2,2972,Yelp,2026-07-02
Bistro Di Bufala,(559) 636-1618,"208 W Main St, Visalia, CA 93291",Visalia,CA,93291,https://www.yelp.com/biz/bistro-di-bufala-visalia-2?adjust_creative=BkJcGSdN3A98X2H7gLpQjA&utm_campaign=yelp_api_v3&utm_medium=api_v3_business_search&utm_source=BkJcGSdN3A98X2H7gLpQjA,mediterranean,"Mediterranean, Italian, Breakfast & Brunch",4.1,521,Yelp,2026-07-02
Super Mercado Leon,(559) 924-2966,"250 W D St, Lemoore, CA 93245",Lemoore,CA,93245,https://www.yelp.com/biz/super-mercado-leon-lemoore?adjust_creative=BkJcGSdN3A98X2H7gLpQjA&utm_campaign=yelp_api_v3&utm_medium=api_v3_business_search&utm_source=BkJcGSdN3A98X2H7gLpQjA,mexican,"Grocery, Mexican",3.6,37,Yelp,2026-07-02
3 Brothers Tortilleria & Birrieria,(559) 507-3331,"1130 Country Club Dr, Madera, CA 93638",Madera,CA,93638,https://www.yelp.com/biz/3-brothers-tortilleria-and-birrieria-madera?adjust_creative=BkJcGSdN3A98X2H7gLpQjA&utm_campaign=yelp_api_v3&utm_medium=api_v3_business_search&utm_source=BkJcGSdN3A98X2H7gLpQjA,mexican,"Mexican, Food Trucks",,,Yelp,2026-07-02
Roberto's Cafe,(760) 934-3667,"271 Old Mammoth Rd, Mammoth Lakes, CA 93546",Mammoth Lakes,CA,93546,https://www.yelp.com/biz/robertos-cafe-mammoth-lakes-2?adjust_creative=BkJcGSdN3A98X2H7gLpQjA&utm_campaign=yelp_api_v3&utm_medium=api_v3_business_search&utm_source=BkJcGSdN3A98X2H7gLpQjA,mexican,"Mexican, Sports Bars, Lounges",3.9,1327,Yelp,2026-07-02
Mammoth Rock Brasserie,(760) 934-4200,"3029 Chateau Rd, Mammoth Lakes, CA 93546",Mammoth Lakes,CA,93546,https://www.yelp.com/biz/mammoth-rock-brasserie-mammoth-lakes-2?adjust_creative=BkJcGSdN3A98X2H7gLpQjA&utm_campaign=yelp_api_v3&utm_medium=api_v3_business_search&utm_source=BkJcGSdN3A98X2H7gLpQjA,bar,"Brasseries, Bars, French",4.4,509,Yelp,2026-07-02
Blue Heron Restaurant & Yosemite Grill,(559) 517-3467,"30250 Yosemite Springs Pkwy, Coarsegold, CA 93614",Coarsegold,CA,93614,https://www.yelp.com/biz/blue-heron-restaurant-and-yosemite-grill-coarsegold?adjust_creative=BkJcGSdN3A98X2H7gLpQjA&utm_campaign=yelp_api_v3&utm_medium=api_v3_business_search&utm_source=BkJcGSdN3A98X2H7gLpQjA,bar,"American, Bars, Venues & Event Spaces",4.3,124,Yelp,2026-07-02
Tacos Sinaloa,(559) 492-8581,"Clovis, CA 93619",Clovis,CA,93619,https://www.yelp.com/biz/tacos-sinaloa-clovis-2?adjust_creative=BkJcGSdN3A98X2H7gLpQjA&utm_campaign=yelp_api_v3&utm_medium=api_v3_business_search&utm_source=BkJcGSdN3A98X2H7gLpQjA,mexican,"Mexican, Food Trucks",2.9,8,Yelp,2026-07-02
Elderwood,(559) 713-2114,"210 N Court St, Visalia, CA 93291",Visalia,CA,93291,https://www.yelp.com/biz/elderwood-visalia?adjust_creative=BkJcGSdN3A98X2H7gLpQjA&utm_campaign=yelp_api_v3&utm_medium=api_v3_business_search&utm_source=BkJcGSdN3A98X2H7gLpQjA,bar,"Cocktail Bars, New American",4.0,562,Yelp,2026-07-02
Taco Caporales,(209) 947-7491,"1735 W State Hwy 140, Merced, CA 95341",Merced,CA,95341,https://www.yelp.com/biz/taco-caporales-merced?adjust_creative=BkJcGSdN3A98X2H7gLpQjA&utm_campaign=yelp_api_v3&utm_medium=api_v3_business_search&utm_source=BkJcGSdN3A98X2H7gLpQjA,food_truck,"Food Trucks, Tacos",4.7,13,Yelp,2026-07-02
Jowli's Filipino Cuisine,(559) 298-2563,"7058 N Cedar Ave, Fresno, CA 93720",Fresno,CA,93720,https://www.yelp.com/biz/jowlis-filipino-cuisine-fresno?adjust_creative=BkJcGSdN3A98X2H7gLpQjA&utm_campaign=yelp_api_v3&utm_medium=api_v3_business_search&utm_source=BkJcGSdN3A98X2H7gLpQjA,filipino,"Filipino, Bakeries",3.5,182,Yelp,2026-07-02
Grounds Restaurant,(209) 728-8663,"402 Main St, Ste A, Murphys, CA 95247",Murphys,CA,95247,https://www.yelp.com/biz/grounds-restaurant-murphys-3?adjust_creative=BkJcGSdN3A98X2H7gLpQjA&utm_campaign=yelp_api_v3&utm_medium=api_v3_business_search&utm_source=BkJcGSdN3A98X2H7gLpQjA,bar,"New American, Breakfast & Brunch, Cocktail Bars",4.0,603,Yelp,2026-07-02
Valentino's,(559) 273-0937,"2405 Capitol St, Ste 107, Fresno, CA 93721",Fresno,CA,93721,https://www.yelp.com/biz/valentinos-fresno?adjust_creative=BkJcGSdN3A98X2H7gLpQjA&utm_campaign=yelp_api_v3&utm_medium=api_v3_business_search&utm_source=BkJcGSdN3A98X2H7gLpQjA,cafe,"Italian, Coffee & Tea, Breakfast & Brunch",4.4,63,Yelp,2026-07-02
Andiamo Ristorante Italiano,(559) 298-3196,"1275 Shaw Ave, Ste 120, Clovis, CA 93612",Clovis,CA,93612,https://www.yelp.com/biz/andiamo-ristorante-italiano-clovis?adjust_creative=BkJcGSdN3A98X2H7gLpQjA&utm_campaign=yelp_api_v3&utm_medium=api_v3_business_search&utm_source=BkJcGSdN3A98X2H7gLpQjA,pizza,"Italian, Pizza",4.2,595,Yelp,2026-07-02
Bistro Di Bufala,(559) 636-1618,"208 W Main St, Visalia, CA 93291",Visalia,CA,93291,https://www.yelp.com/biz/bistro-di-bufala-visalia-2?adjust_creative=BkJcGSdN3A98X2H7gLpQjA&utm_campaign=yelp_api_v3&utm_medium=api_v3_business_search&utm_source=BkJcGSdN3A98X2H7gLpQjA,mediterranean,"Mediterranean, Italian, Breakfast & Brunch",4.1,521,Yelp,2026-07-02
"V Restaurant, Bistro & Bar",(209) 728-9944,"402 Main St, Ste L, Murphys, CA 95247",Murphys,CA,95247,https://www.yelp.com/biz/v-restaurant-bistro-and-bar-murphys-2?adjust_creative=BkJcGSdN3A98X2H7gLpQjA&utm_campaign=yelp_api_v3&utm_medium=api_v3_business_search&utm_source=BkJcGSdN3A98X2H7gLpQjA,bar,"New American, Cocktail Bars, Breakfast & Brunch",3.9,603,Yelp,2026-07-02
The Armory,(209) 694-3158,"208 S Green St, Sonora, CA 95370",Sonora,CA,95370,https://www.yelp.com/biz/the-armory-no-title?adjust_creative=BkJcGSdN3A98X2H7gLpQjA&utm_campaign=yelp_api_v3&utm_medium=api_v3_business_search&utm_source=BkJcGSdN3A98X2H7gLpQjA,bar,"Venues & Event Spaces, Cocktail Bars, American",4.3,334,Yelp,2026-07-02
Mi Casa Restaurante,(559) 400-2699,"200 Derrick Ave, Mendota, CA 93640",Mendota,CA,93640,https://www.yelp.com/biz/mi-casa-restaurante-mendota?adjust_creative=BkJcGSdN3A98X2H7gLpQjA&utm_campaign=yelp_api_v3&utm_medium=api_v3_business_search&utm_source=BkJcGSdN3A98X2H7gLpQjA,mexican,Mexican,,,Yelp,2026-07-02
Dos Alas CubaRican Café & Lounge,(760) 965-0345,"101 Sherwin Creek Rd, Mammoth Lakes, CA 93546",Mammoth Lakes,CA,93546,https://www.yelp.com/biz/dos-alas-cubarican-caf%C3%A9-and-lounge-mammoth-lakes?adjust_creative=BkJcGSdN3A98X2H7gLpQjA&utm_campaign=yelp_api_v3&utm_medium=api_v3_business_search&utm_source=BkJcGSdN3A98X2H7gLpQjA,caribbean,"Cuban, Puerto Rican, Spanish",4.5,402,Yelp,2026-07-02
Reimer's Candies & Gifts,(559) 642-3232,"41969 Hwy 41, Oakhurst, CA 93644",Oakhurst,CA,93644,https://www.yelp.com/biz/reimers-candies-and-gifts-oakhurst-2?adjust_creative=BkJcGSdN3A98X2H7gLpQjA&utm_campaign=yelp_api_v3&utm_medium=api_v3_business_search&utm_source=BkJcGSdN3A98X2H7gLpQjA,bakery,"Gelato, Ice Cream & Frozen Yogurt, Candy Stores",4.5,235,Yelp,2026-07-02
El Toro Tortilleria,(559) 253-1200,"4507 E Tulare St, Fresno, CA 93702",Fresno,CA,93702,https://www.yelp.com/biz/el-toro-tortilleria-fresno?adjust_creative=BkJcGSdN3A98X2H7gLpQjA&utm_campaign=yelp_api_v3&utm_medium=api_v3_business_search&utm_source=BkJcGSdN3A98X2H7gLpQjA,mexican,Mexican,4.6,179,Yelp,2026-07-02
The Ranch,(559) 732-6439,"604 W Murray Ave, Visalia, CA 93291",Visalia,CA,93291,https://www.yelp.com/biz/the-ranch-visalia?adjust_creative=BkJcGSdN3A98X2H7gLpQjA&utm_campaign=yelp_api_v3&utm_medium=api_v3_business_search&utm_source=BkJcGSdN3A98X2H7gLpQjA,bar,"Lounges, Steakhouses, Seafood",3.7,67,Yelp,2026-07-02
Papi's Mex Grill,(559) 434-1609,"1560 E Champlain Dr, Ste 101, Fresno, CA 93720",Fresno,CA,93720,https://www.yelp.com/biz/papis-mex-grill-fresno?adjust_creative=BkJcGSdN3A98X2H7gLpQjA&utm_campaign=yelp_api_v3&utm_medium=api_v3_business_search&utm_source=BkJcGSdN3A98X2H7gLpQjA,mexican,"Mexican, Bars",3.9,601,Yelp,2026-07-02
Mochuelo,(559) 348-5555,"2305 W Shaw Ave, Fresno, CA 93711",Fresno,CA,93711,https://www.yelp.com/biz/mochuelo-fresno?adjust_creative=BkJcGSdN3A98X2H7gLpQjA&utm_campaign=yelp_api_v3&utm_medium=api_v3_business_search&utm_source=BkJcGSdN3A98X2H7gLpQjA,bar,"Tapas/Small Plates, Spanish, Cocktail Bars",4.5,537,Yelp,2026-07-02
Plazuelas Mexican Restaurant & Taqueria,(559) 658-7771,"40015 Hwy 49, Ste 203 & 204, Oakhurst, CA 93644",Oakhurst,CA,93644,https://www.yelp.com/biz/plazuelas-mexican-restaurant-and-taqueria-oakhurst?adjust_creative=BkJcGSdN3A98X2H7gLpQjA&utm_campaign=yelp_api_v3&utm_medium=api_v3_business_search&utm_source=BkJcGSdN3A98X2H7gLpQjA,mexican,Mexican,4.3,921,Yelp,2026-07-02
Mariscos Colima,(559) 683-6066,"40208 California 41, Ste B, Oakhurst, CA 93644",Oakhurst,CA,93644,https://www.yelp.com/biz/mariscos-colima-oakhurst-2?adjust_creative=BkJcGSdN3A98X2H7gLpQjA&utm_campaign=yelp_api_v3&utm_medium=api_v3_business_search&utm_source=BkJcGSdN3A98X2H7gLpQjA,mexican,Mexican,3.9,142,Yelp,2026-07-02
Mochuelo,(559) 348-5555,"2305 W Shaw Ave, Fresno, CA 93711",Fresno,CA,93711,https://www.yelp.com/biz/mochuelo-fresno?adjust_creative=BkJcGSdN3A98X2H7gLpQjA&utm_campaign=yelp_api_v3&utm_medium=api_v3_business_search&utm_source=BkJcGSdN3A98X2H7gLpQjA,bar,"Tapas/Small Plates, Spanish, Cocktail Bars",4.5,537,Yelp,2026-07-02
Bella Rose Bakery & Cafe,(559) 419-9054,"1537 Lincoln St, Kingsburg, CA 93631",Kingsburg,CA,93631,https://www.yelp.com/biz/bella-rose-bakery-and-cafe-kingsburg?adjust_creative=BkJcGSdN3A98X2H7gLpQjA&utm_campaign=yelp_api_v3&utm_medium=api_v3_business_search&utm_source=BkJcGSdN3A98X2H7gLpQjA,cafe,"Bakeries, Cafes, Cupcakes",4.6,116,Yelp,2026-07-02
Mochuelo,(559) 348-5555,"2305 W Shaw Ave, Fresno, CA 93711",Fresno,CA,93711,https://www.yelp.com/biz/mochuelo-fresno?adjust_creative=BkJcGSdN3A98X2H7gLpQjA&utm_campaign=yelp_api_v3&utm_medium=api_v3_business_search&utm_source=BkJcGSdN3A98X2H7gLpQjA,bar,"Tapas/Small Plates, Spanish, Cocktail Bars",4.5,537,Yelp,2026-07-02
Casa Velasco Mexican Restaurant,(559) 683-2272,"54311 Rd 432, Bass Lake, CA 93604",Bass Lake,CA,93604,https://www.yelp.com/biz/casa-velasco-mexican-restaurant-bass-lake?adjust_creative=BkJcGSdN3A98X2H7gLpQjA&utm_campaign=yelp_api_v3&utm_medium=api_v3_business_search&utm_source=BkJcGSdN3A98X2H7gLpQjA,mexican,Mexican,4.4,301,Yelp,2026-07-02
7-Eleven,(559) 939-7888,"105 N Clovis Ave, Fresno, CA 93727",Fresno,CA,93727,https://www.yelp.com/biz/7-eleven-fresno-34?adjust_creative=BkJcGSdN3A98X2H7gLpQjA&utm_campaign=yelp_api_v3&utm_medium=api_v3_business_search&utm_source=BkJcGSdN3A98X2H7gLpQjA,cafe,"Convenience Stores, Coffee & Tea, Gas Stations",5.0,1,Yelp,2026-07-02
Quesadilla Gorilla,(559) 636-6375,"215 W Main St, Ste 103, Visalia, CA 93291",Visalia,CA,93291,https://www.yelp.com/biz/quesadilla-gorilla-visalia?adjust_creative=BkJcGSdN3A98X2H7gLpQjA&utm_campaign=yelp_api_v3&utm_medium=api_v3_business_search&utm_source=BkJcGSdN3A98X2H7gLpQjA,mexican,"Mexican, Comfort Food",4.4,779,Yelp,2026-07-02
El Patron Taqueria,(559) 897-5579,"1961 Simpson St, Kingsburg, CA 93631",Kingsburg,CA,93631,https://www.yelp.com/biz/el-patron-taqueria-kingsburg-2?adjust_creative=BkJcGSdN3A98X2H7gLpQjA&utm_campaign=yelp_api_v3&utm_medium=api_v3_business_search&utm_source=BkJcGSdN3A98X2H7gLpQjA,mexican,Mexican,3.9,56,Yelp,2026-07-02
Pismo's Coastal Grill,(559) 439-9463,"7937 N Blackstone Ave, Fresno, CA 93720",Fresno,CA,93720,https://www.yelp.com/biz/pismos-coastal-grill-fresno?adjust_creative=BkJcGSdN3A98X2H7gLpQjA&utm_campaign=yelp_api_v3&utm_medium=api_v3_business_search&utm_source=BkJcGSdN3A98X2H7gLpQjA,bar,"Seafood, Bars, New American",3.9,2520,Yelp,2026-07-02
Mountain Mike's Pizza,(559) 298-7000,"1610 Herndon Ave, Clovis, CA 93611",Clovis,CA,93611,https://www.yelp.com/biz/mountain-mikes-pizza-clovis-2?adjust_creative=BkJcGSdN3A98X2H7gLpQjA&utm_campaign=yelp_api_v3&utm_medium=api_v3_business_search&utm_source=BkJcGSdN3A98X2H7gLpQjA,pizza,"Pizza, Chicken Wings",4.0,69,Yelp,2026-07-02
88 Bao Bao,(209) 749-2114,"3564 G St, Merced, CA 95340",Merced,CA,95340,https://www.yelp.com/biz/88-bao-bao-merced?adjust_creative=BkJcGSdN3A98X2H7gLpQjA&utm_campaign=yelp_api_v3&utm_medium=api_v3_business_search&utm_source=BkJcGSdN3A98X2H7gLpQjA,chinese,"Asian Fusion, Dim Sum, Ramen",4.1,135,Yelp,2026-07-02
Tollhouse Market And Grill,(559) 855-5213,"28524 Tollhouse Rd, Tollhouse, CA 93667",Tollhouse,CA,93667,https://www.yelp.com/biz/tollhouse-market-and-grill-tollhouse?adjust_creative=BkJcGSdN3A98X2H7gLpQjA&utm_campaign=yelp_api_v3&utm_medium=api_v3_business_search&utm_source=BkJcGSdN3A98X2H7gLpQjA,retail,"Burgers, Convenience Stores, Italian",4.6,93,Yelp,2026-07-02
The Annex Kitchen,(559) 248-8512,"2257 W Shaw Ave, Fresno, CA 93711",Fresno,CA,93711,https://www.yelp.com/biz/the-annex-kitchen-fresno-2?adjust_creative=BkJcGSdN3A98X2H7gLpQjA&utm_campaign=yelp_api_v3&utm_medium=api_v3_business_search&utm_source=BkJcGSdN3A98X2H7gLpQjA,pizza,"Pizza, Italian, Cocktail Bars",4.4,1799,Yelp,2026-07-02
Buckhorn Saloon,(559) 877-8700,"32992 Rd 222, North Fork, CA 93643",North Fork,CA,93643,https://www.yelp.com/biz/buckhorn-saloon-north-fork?adjust_creative=BkJcGSdN3A98X2H7gLpQjA&utm_campaign=yelp_api_v3&utm_medium=api_v3_business_search&utm_source=BkJcGSdN3A98X2H7gLpQjA,bar,"American, Pubs",3.9,52,Yelp,2026-07-02
The Elderberry House,(559) 683-6800,"48688 Victoria Ln, Oakhurst, CA 93644",Oakhurst,CA,93644,https://www.yelp.com/biz/the-elderberry-house-oakhurst-2?adjust_creative=BkJcGSdN3A98X2H7gLpQjA&utm_campaign=yelp_api_v3&utm_medium=api_v3_business_search&utm_source=BkJcGSdN3A98X2H7gLpQjA,bar,"French, Cocktail Bars, New American",4.5,343,Yelp,2026-07-02
The Elderberry House,(559) 683-6800,"48688 Victoria Ln, Oakhurst, CA 93644",Oakhurst,CA,93644,https://www.yelp.com/biz/the-elderberry-house-oakhurst-2?adjust_creative=BkJcGSdN3A98X2H7gLpQjA&utm_campaign=yelp_api_v3&utm_medium=api_v3_business_search&utm_source=BkJcGSdN3A98X2H7gLpQjA,bar,"French, Cocktail Bars, New American",4.5,343,Yelp,2026-07-02
Garrafa,(559) 570-8000,"1807 W Olive Ave, Fresno, CA 93728",Fresno,CA,93728,https://www.yelp.com/biz/garrafa-fresno?adjust_creative=BkJcGSdN3A98X2H7gLpQjA&utm_campaign=yelp_api_v3&utm_medium=api_v3_business_search&utm_source=BkJcGSdN3A98X2H7gLpQjA,bakery,"Ice Cream & Frozen Yogurt, Tacos, Food Trucks",4.7,93,Yelp,2026-07-02
Smokehouse 41,(559) 642-2271,"40713 Hwy 41, Oakhurst, CA 93644",Oakhurst,CA,93644,https://www.yelp.com/biz/smokehouse-41-oakhurst?adjust_creative=BkJcGSdN3A98X2H7gLpQjA&utm_campaign=yelp_api_v3&utm_medium=api_v3_business_search&utm_source=BkJcGSdN3A98X2H7gLpQjA,bar,"Barbeque, Smokehouse, Sandwiches",4.5,1070,Yelp,2026-07-02
Bog House Pub,(559) 261-4994,"7089 N Marks Ave, Ste 109, Fresno, CA 93711",Fresno,CA,93711,https://www.yelp.com/biz/bog-house-pub-fresno?adjust_creative=BkJcGSdN3A98X2H7gLpQjA&utm_campaign=yelp_api_v3&utm_medium=api_v3_business_search&utm_source=BkJcGSdN3A98X2H7gLpQjA,bar,Pubs,4.4,50,Yelp,2026-07-02
Quick Mart,(559) 227-6618,"2329 N 1st St, Fresno, CA 93703",Fresno,CA,93703,https://www.yelp.com/biz/quick-mart-fresno?adjust_creative=BkJcGSdN3A98X2H7gLpQjA&utm_campaign=yelp_api_v3&utm_medium=api_v3_business_search&utm_source=BkJcGSdN3A98X2H7gLpQjA,retail,Convenience Stores,4.0,2,Yelp,2026-07-02
13 Prime Steak,(559) 216-1313,"1345 N Willow Ave, Ste 190, Clovis, CA 93619",Clovis,CA,93619,https://www.yelp.com/biz/13-prime-steak-clovis-3?adjust_creative=BkJcGSdN3A98X2H7gLpQjA&utm_campaign=yelp_api_v3&utm_medium=api_v3_business_search&utm_source=BkJcGSdN3A98X2H7gLpQjA,bar,"Steakhouses, Cocktail Bars",4.3,672,Yelp,2026-07-02
13 Prime Steak,(559) 216-1313,"1345 N Willow Ave, Ste 190, Clovis, CA 93619",Clovis,CA,93619,https://www.yelp.com/biz/13-prime-steak-clovis-3?adjust_creative=BkJcGSdN3A98X2H7gLpQjA&utm_campaign=yelp_api_v3&utm_medium=api_v3_business_search&utm_source=BkJcGSdN3A98X2H7gLpQjA,bar,"Steakhouses, Cocktail Bars",4.3,672,Yelp,2026-07-02
South Gate Brewing Company,(559) 692-2739,"40233 Enterprise Dr, Oakhurst, CA 93644",Oakhurst,CA,93644,https://www.yelp.com/biz/south-gate-brewing-company-oakhurst-4?adjust_creative=BkJcGSdN3A98X2H7gLpQjA&utm_campaign=yelp_api_v3&utm_medium=api_v3_business_search&utm_source=BkJcGSdN3A98X2H7gLpQjA,bar,"American, Brewpubs, Tapas/Small Plates",4.1,1836,Yelp,2026-07-02
Oakhurst Grill and Whiskey 41 Lounge,(559) 641-2477,"40530 Hwy 41, Oakhurst, CA 93644",Oakhurst,CA,93644,https://www.yelp.com/biz/oakhurst-grill-and-whiskey-41-lounge-oakhurst?adjust_creative=BkJcGSdN3A98X2H7gLpQjA&utm_campaign=yelp_api_v3&utm_medium=api_v3_business_search&utm_source=BkJcGSdN3A98X2H7gLpQjA,bar,"New American, Lounges",4.1,532,Yelp,2026-07-02
Noah's Vietnamese Fusion Cuisine,(209) 349-8660,"1327 W 18th St, Merced, CA 95340",Merced,CA,95340,https://www.yelp.com/biz/noahs-vietnamese-fusion-cuisine-merced-2?adjust_creative=BkJcGSdN3A98X2H7gLpQjA&utm_campaign=yelp_api_v3&utm_medium=api_v3_business_search&utm_source=BkJcGSdN3A98X2H7gLpQjA,vietnamese,"Vietnamese, Coffee & Tea",4.1,490,Yelp,2026-07-02
Ramon's Tacos,(209) 996-9736,"486 N Sutter St, Planada, CA 95365",Planada,CA,95365,https://www.yelp.com/biz/ramons-tacos-planada?adjust_creative=BkJcGSdN3A98X2H7gLpQjA&utm_campaign=yelp_api_v3&utm_medium=api_v3_business_search&utm_source=BkJcGSdN3A98X2H7gLpQjA,mexican,"Mexican, Food Trucks",4.5,78,Yelp,2026-07-02
Imperial Garden Restaurant,(559) 435-4406,"6640 N Blackstone Ave, Ste 108, Fresno, CA 93710",Fresno,CA,93710,https://www.yelp.com/biz/imperial-garden-restaurant-fresno?adjust_creative=BkJcGSdN3A98X2H7gLpQjA&utm_campaign=yelp_api_v3&utm_medium=api_v3_business_search&utm_source=BkJcGSdN3A98X2H7gLpQjA,chinese,"Dim Sum, Seafood, Soup",3.1,562,Yelp,2026-07-02
Vulcania,(760) 934-0669,"6201 Minaret Rd, Ste 240, Mammoth Lakes, CA 93546",Mammoth Lakes,CA,93546,https://www.yelp.com/biz/vulcania-mammoth-lakes-2?adjust_creative=BkJcGSdN3A98X2H7gLpQjA&utm_campaign=yelp_api_v3&utm_medium=api_v3_business_search&utm_source=BkJcGSdN3A98X2H7gLpQjA,bar,"Italian, Cocktail Bars",3.6,528,Yelp,2026-07-02
South Gate Brewing Company,(559) 692-2739,"40233 Enterprise Dr, Oakhurst, CA 93644",Oakhurst,CA,93644,https://www.yelp.com/biz/south-gate-brewing-company-oakhurst-4?adjust_creative=BkJcGSdN3A98X2H7gLpQjA&utm_campaign=yelp_api_v3&utm_medium=api_v3_business_search&utm_source=BkJcGSdN3A98X2H7gLpQjA,bar,"American, Brewpubs, Tapas/Small Plates",4.1,1836,Yelp,2026-07-02
Tacos Sinaloa,(559) 492-8581,"Clovis, CA 93619",Clovis,CA,93619,https://www.yelp.com/biz/tacos-sinaloa-clovis-2?adjust_creative=BkJcGSdN3A98X2H7gLpQjA&utm_campaign=yelp_api_v3&utm_medium=api_v3_business_search&utm_source=BkJcGSdN3A98X2H7gLpQjA,mexican,"Mexican, Food Trucks",2.9,8,Yelp,2026-07-02
Two Acre Farms,(408) 406-8798,"13757 Mono Way, Sonora, CA 95370",Sonora,CA,95370,https://www.yelp.com/biz/two-acre-farms-sonora?adjust_creative=BkJcGSdN3A98X2H7gLpQjA&utm_campaign=yelp_api_v3&utm_medium=api_v3_business_search&utm_source=BkJcGSdN3A98X2H7gLpQjA,bakery,"Bakeries, Desserts, Breakfast & Brunch",4.9,34,Yelp,2026-07-02
Tioga Gas Mart & Whoa Nellie Deli,(760) 647-1088,"22 Vista Point Rd, Lee Vining, CA 93541",Lee Vining,CA,93541,https://www.yelp.com/biz/tioga-gas-mart-and-whoa-nellie-deli-lee-vining?adjust_creative=BkJcGSdN3A98X2H7gLpQjA&utm_campaign=yelp_api_v3&utm_medium=api_v3_business_search&utm_source=BkJcGSdN3A98X2H7gLpQjA,retail,"Delis, Gas Stations, Convenience Stores",4.1,847,Yelp,2026-07-02
South Gate Brewing Company,(559) 692-2739,"40233 Enterprise Dr, Oakhurst, CA 93644",Oakhurst,CA,93644,https://www.yelp.com/biz/south-gate-brewing-company-oakhurst-4?adjust_creative=BkJcGSdN3A98X2H7gLpQjA&utm_campaign=yelp_api_v3&utm_medium=api_v3_business_search&utm_source=BkJcGSdN3A98X2H7gLpQjA,bar,"American, Brewpubs, Tapas/Small Plates",4.1,1836,Yelp,2026-07-02
Rosa's Italian Restaurant,(559) 732-6707,"314 S Johnson St, Visalia, CA 93291",Visalia,CA,93291,https://www.yelp.com/biz/rosas-italian-restaurant-visalia-2?adjust_creative=BkJcGSdN3A98X2H7gLpQjA&utm_campaign=yelp_api_v3&utm_medium=api_v3_business_search&utm_source=BkJcGSdN3A98X2H7gLpQjA,pizza,"Italian, Pizza",3.5,422,Yelp,2026-07-02
Tollhouse Market And Grill,(559) 855-5213,"28524 Tollhouse Rd, Tollhouse, CA 93667",Tollhouse,CA,93667,https://www.yelp.com/biz/tollhouse-market-and-grill-tollhouse?adjust_creative=BkJcGSdN3A98X2H7gLpQjA&utm_campaign=yelp_api_v3&utm_medium=api_v3_business_search&utm_source=BkJcGSdN3A98X2H7gLpQjA,retail,"Burgers, Convenience Stores, Italian",4.6,93,Yelp,2026-07-02
Del Pacifico Seafood Restaurant,(559) 372-7069,"907 N Court St, Visalia, CA 93291",Visalia,CA,93291,https://www.yelp.com/biz/del-pacifico-seafood-restaurant-visalia?adjust_creative=BkJcGSdN3A98X2H7gLpQjA&utm_campaign=yelp_api_v3&utm_medium=api_v3_business_search&utm_source=BkJcGSdN3A98X2H7gLpQjA,bar,"Seafood, Tacos, Cocktail Bars",5.0,1,Yelp,2026-07-02
Noodle-Ly,(760) 709-0856,"437 Old Mammoth Rd, Ste 146, Mammoth Lakes, CA 93546",Mammoth Lakes,CA,93546,https://www.yelp.com/biz/noodle-ly-mammoth-lakes?adjust_creative=BkJcGSdN3A98X2H7gLpQjA&utm_campaign=yelp_api_v3&utm_medium=api_v3_business_search&utm_source=BkJcGSdN3A98X2H7gLpQjA,thai,"Noodles, Vietnamese, Thai",4.3,610,Yelp,2026-07-02
Los Pepes Authentic Mexican Food,(559) 897-9011,"1520 Draper St, Kingsburg, CA 93631",Kingsburg,CA,93631,https://www.yelp.com/biz/los-pepes-authentic-mexican-food-kingsburg?adjust_creative=BkJcGSdN3A98X2H7gLpQjA&utm_campaign=yelp_api_v3&utm_medium=api_v3_business_search&utm_source=BkJcGSdN3A98X2H7gLpQjA,mexican,Mexican,3.7,138,Yelp,2026-07-02
Ruth's Chris Steak House,(559) 490-0358,"7844 N Blackstone Ave, Fresno, CA 93720",Fresno,CA,93720,https://www.yelp.com/biz/ruths-chris-steak-house-fresno-2?adjust_creative=BkJcGSdN3A98X2H7gLpQjA&utm_campaign=yelp_api_v3&utm_medium=api_v3_business_search&utm_source=BkJcGSdN3A98X2H7gLpQjA,bar,"Steakhouses, Seafood, Wine Bars",3.7,709,Yelp,2026-07-02
Rosa's Italian Restaurant,(559) 732-6707,"314 S Johnson St, Visalia, CA 93291",Visalia,CA,93291,https://www.yelp.com/biz/rosas-italian-restaurant-visalia-2?adjust_creative=BkJcGSdN3A98X2H7gLpQjA&utm_campaign=yelp_api_v3&utm_medium=api_v3_business_search&utm_source=BkJcGSdN3A98X2H7gLpQjA,pizza,"Italian, Pizza",3.5,422,Yelp,2026-07-02
Mariscos Los Compadres,(559) 591-3659,"376 W Tulare St, Dinuba, CA 93618",Dinuba,CA,93618,https://www.yelp.com/biz/mariscos-los-compadres-dinuba?adjust_creative=BkJcGSdN3A98X2H7gLpQjA&utm_campaign=yelp_api_v3&utm_medium=api_v3_business_search&utm_source=BkJcGSdN3A98X2H7gLpQjA,mexican,Mexican,4.5,96,Yelp,2026-07-02
Plazuelas Mexican Restaurant & Taqueria,(559) 658-7771,"40015 Hwy 49, Ste 203 & 204, Oakhurst, CA 93644",Oakhurst,CA,93644,https://www.yelp.com/biz/plazuelas-mexican-restaurant-and-taqueria-oakhurst?adjust_creative=BkJcGSdN3A98X2H7gLpQjA&utm_campaign=yelp_api_v3&utm_medium=api_v3_business_search&utm_source=BkJcGSdN3A98X2H7gLpQjA,mexican,Mexican,4.3,921,Yelp,2026-07-02
Tom's Place Cafe,(760) 935-4239,"8180 Crowley Lake Dr, Crowley Lake, CA 93546",Crowley Lake,CA,93546,https://www.yelp.com/biz/toms-place-cafe-crowley-lake?adjust_creative=BkJcGSdN3A98X2H7gLpQjA&utm_campaign=yelp_api_v3&utm_medium=api_v3_business_search&utm_source=BkJcGSdN3A98X2H7gLpQjA,cafe,"Bars, Cafes, Resorts",3.5,291,Yelp,2026-07-02
Mochuelo,(559) 348-5555,"2305 W Shaw Ave, Fresno, CA 93711",Fresno,CA,93711,https://www.yelp.com/biz/mochuelo-fresno?adjust_creative=BkJcGSdN3A98X2H7gLpQjA&utm_campaign=yelp_api_v3&utm_medium=api_v3_business_search&utm_source=BkJcGSdN3A98X2H7gLpQjA,bar,"Tapas/Small Plates, Spanish, Cocktail Bars",4.5,537,Yelp,2026-07-02
Los 2 Carnales,(559) 603-8539,"40470 CA-41, Oakhurst, CA 93644",Oakhurst,CA,93644,https://www.yelp.com/biz/los-2-carnales-oakhurst?adjust_creative=BkJcGSdN3A98X2H7gLpQjA&utm_campaign=yelp_api_v3&utm_medium=api_v3_business_search&utm_source=BkJcGSdN3A98X2H7gLpQjA,mexican,"Mexican, Seafood, American",4.4,108,Yelp,2026-07-02
Taqueria Mi Guadalajara,(760) 937-1618,"995 Tu Su Ln, Bishop, CA 93514",Bishop,CA,93514,https://www.yelp.com/biz/taqueria-mi-guadalajara-bishop?adjust_creative=BkJcGSdN3A98X2H7gLpQjA&utm_campaign=yelp_api_v3&utm_medium=api_v3_business_search&utm_source=BkJcGSdN3A98X2H7gLpQjA,mexican,"Food Trucks, Mexican",4.9,265,Yelp,2026-07-02
Richard's Prime Rib and Seafood,(559) 266-4077,"1609 E Belmont Ave, Fresno, CA 93701",Fresno,CA,93701,https://www.yelp.com/biz/richards-prime-rib-and-seafood-fresno?adjust_creative=BkJcGSdN3A98X2H7gLpQjA&utm_campaign=yelp_api_v3&utm_medium=api_v3_business_search&utm_source=BkJcGSdN3A98X2H7gLpQjA,bar,"Steakhouses, Seafood, Cocktail Bars",3.9,380,Yelp,2026-07-02
Plazuelas Mexican Restaurant & Taqueria,(559) 658-7771,"40015 Hwy 49, Ste 203 & 204, Oakhurst, CA 93644",Oakhurst,CA,93644,https://www.yelp.com/biz/plazuelas-mexican-restaurant-and-taqueria-oakhurst?adjust_creative=BkJcGSdN3A98X2H7gLpQjA&utm_campaign=yelp_api_v3&utm_medium=api_v3_business_search&utm_source=BkJcGSdN3A98X2H7gLpQjA,mexican,Mexican,4.3,921,Yelp,2026-07-02
Mi Rancho Tortilla's,(559) 299-3183,"801 Purvis Ave, Clovis, CA 93612",Clovis,CA,93612,https://www.yelp.com/biz/mi-rancho-tortillas-clovis?adjust_creative=BkJcGSdN3A98X2H7gLpQjA&utm_campaign=yelp_api_v3&utm_medium=api_v3_business_search&utm_source=BkJcGSdN3A98X2H7gLpQjA,mexican,Mexican,1.0,1,Yelp,2026-07-02
Gold Country Roasters,(209) 202-3331,"78 Scott St, Ste A, Murphys, CA 95247",Murphys,CA,95247,https://www.yelp.com/biz/gold-country-roasters-murphys?adjust_creative=BkJcGSdN3A98X2H7gLpQjA&utm_campaign=yelp_api_v3&utm_medium=api_v3_business_search&utm_source=BkJcGSdN3A98X2H7gLpQjA,cafe,"Coffee & Tea, Cafes",4.6,182,Yelp,2026-07-02
Ampersand Ice Cream,(559) 264-8000,"1940 N Echo Ave, Fresno, CA 93704",Fresno,CA,93704,https://www.yelp.com/biz/ampersand-ice-cream-fresno-2?adjust_creative=BkJcGSdN3A98X2H7gLpQjA&utm_campaign=yelp_api_v3&utm_medium=api_v3_business_search&utm_source=BkJcGSdN3A98X2H7gLpQjA,bakery,Ice Cream & Frozen Yogurt,4.7,986,Yelp,2026-07-02
Mammoth Rock Brasserie,(760) 934-4200,"3029 Chateau Rd, Mammoth Lakes, CA 93546",Mammoth Lakes,CA,93546,https://www.yelp.com/biz/mammoth-rock-brasserie-mammoth-lakes-2?adjust_creative=BkJcGSdN3A98X2H7gLpQjA&utm_campaign=yelp_api_v3&utm_medium=api_v3_business_search&utm_source=BkJcGSdN3A98X2H7gLpQjA,bar,"Brasseries, Bars, French",4.4,509,Yelp,2026-07-02
Cornerstone Coffee Company,(559) 222-4824,"1463 Fulton St, Fresno, CA 93721",Fresno,CA,93721,https://www.yelp.com/biz/cornerstone-coffee-company-fresno?adjust_creative=BkJcGSdN3A98X2H7gLpQjA&utm_campaign=yelp_api_v3&utm_medium=api_v3_business_search&utm_source=BkJcGSdN3A98X2H7gLpQjA,cafe,"Cafes, Breakfast & Brunch",3.8,56,Yelp,2026-07-02
The Valley Tavern,(415) 285-0674,"4054 24th St, San Francisco, CA 94114",San Francisco,CA,94114,https://www.yelp.com/biz/the-valley-tavern-san-francisco?adjust_creative=BkJcGSdN3A98X2H7gLpQjA&utm_campaign=yelp_api_v3&utm_medium=api_v3_business_search&utm_source=BkJcGSdN3A98X2H7gLpQjA,bar,"Pubs, Sports Bars",4.0,336,Yelp,2026-07-02
Mochuelo,(559) 348-5555,"2305 W Shaw Ave, Fresno, CA 93711",Fresno,CA,93711,https://www.yelp.com/biz/mochuelo-fresno?adjust_creative=BkJcGSdN3A98X2H7gLpQjA&utm_campaign=yelp_api_v3&utm_medium=api_v3_business_search&utm_source=BkJcGSdN3A98X2H7gLpQjA,bar,"Tapas/Small Plates, Spanish, Cocktail Bars",4.5,537,Yelp,2026-07-02
Little Leaf Bar,(559) 261-2699,"6011 N Palm, Fresno, CA 93704",Fresno,CA,93704,https://www.yelp.com/biz/little-leaf-bar-fresno-2?adjust_creative=BkJcGSdN3A98X2H7gLpQjA&utm_campaign=yelp_api_v3&utm_medium=api_v3_business_search&utm_source=BkJcGSdN3A98X2H7gLpQjA,bar,"Lounges, Asian Fusion",4.3,79,Yelp,2026-07-02
Tollhouse Market And Grill,(559) 855-5213,"28524 Tollhouse Rd, Tollhouse, CA 93667",Tollhouse,CA,93667,https://www.yelp.com/biz/tollhouse-market-and-grill-tollhouse?adjust_creative=BkJcGSdN3A98X2H7gLpQjA&utm_campaign=yelp_api_v3&utm_medium=api_v3_business_search&utm_source=BkJcGSdN3A98X2H7gLpQjA,retail,"Burgers, Convenience Stores, Italian",4.6,93,Yelp,2026-07-02
Golden State Mini Market,(559) 274-2351,"1915 1st St, Selma, CA 93662",Selma,CA,93662,https://www.yelp.com/biz/golden-state-mini-market-selma?adjust_creative=BkJcGSdN3A98X2H7gLpQjA&utm_campaign=yelp_api_v3&utm_medium=api_v3_business_search&utm_source=BkJcGSdN3A98X2H7gLpQjA,retail,"Convenience Stores, Beer, Wine & Spirits, Beverage Store",4.5,2,Yelp,2026-07-02
Starlite,(415) 395-8520,"450 Powell St, Beacon Grand, San Francisco, CA 94108",San Francisco,CA,94108,https://www.yelp.com/biz/starlite-san-francisco?adjust_creative=BkJcGSdN3A98X2H7gLpQjA&utm_campaign=yelp_api_v3&utm_medium=api_v3_business_search&utm_source=BkJcGSdN3A98X2H7gLpQjA,bar,"Cocktail Bars, Lounges, Venues & Event Spaces",4.1,203,Yelp,2026-07-02
Millie J & Co,+61747244028,"Flinders Pavillion, Townsville Queensland 4810, Australia",Townsville,QLD,4810,https://www.yelp.com/biz/millie-j-and-co-townsville?adjust_creative=BkJcGSdN3A98X2H7gLpQjA&utm_campaign=yelp_api_v3&utm_medium=api_v3_business_search&utm_source=BkJcGSdN3A98X2H7gLpQjA,cafe,"Coffee & Tea, Restaurants",2.8,4,Yelp,2026-07-02
Little Caesars,(559) 326-7580,"1195 Herndon Ave, Ste 105, Clovis, CA 93612",Clovis,CA,93612,https://www.yelp.com/biz/little-caesars-clovis-4?adjust_creative=BkJcGSdN3A98X2H7gLpQjA&utm_campaign=yelp_api_v3&utm_medium=api_v3_business_search&utm_source=BkJcGSdN3A98X2H7gLpQjA,pizza,"Pizza, Chicken Wings",3.5,29,Yelp,2026-07-02
Blufin Sushi & Izakaya,(559) 412-4919,"7033 N Cedar Ave, Fresno, CA 93720",Fresno,CA,93720,https://www.yelp.com/biz/blufin-sushi-and-izakaya-fresno-4?adjust_creative=BkJcGSdN3A98X2H7gLpQjA&utm_campaign=yelp_api_v3&utm_medium=api_v3_business_search&utm_source=BkJcGSdN3A98X2H7gLpQjA,japanese,"Sushi Bars, Japanese, Vegan",3.6,322,Yelp,2026-07-02
Big Finish Wine Tavern,(628) 867-4584,"3141 16th St, San Francisco, CA 94103",San Francisco,CA,94103,https://www.yelp.com/biz/big-finish-wine-tavern-san-francisco-2?adjust_creative=BkJcGSdN3A98X2H7gLpQjA&utm_campaign=yelp_api_v3&utm_medium=api_v3_business_search&utm_source=BkJcGSdN3A98X2H7gLpQjA,bakery,"Wine Bars, New American, Desserts",4.7,62,Yelp,2026-07-02
Dunsmoor,(323) 686-6027,"3501 Eagle Rock Blvd, Los Angeles, CA 90065",Los Angeles,CA,90065,https://www.yelp.com/biz/dunsmoor-los-angeles?adjust_creative=BkJcGSdN3A98X2H7gLpQjA&utm_campaign=yelp_api_v3&utm_medium=api_v3_business_search&utm_source=BkJcGSdN3A98X2H7gLpQjA,bar,"American, Wine Bars, Beer Bar",4.3,595,Yelp,2026-07-02
El Agave Mexican Eatery,(559) 558-6421,"1785 W Dakota Ave, Fresno, CA 93705",Fresno,CA,93705,https://www.yelp.com/biz/el-agave-mexican-eatery-fresno?adjust_creative=BkJcGSdN3A98X2H7gLpQjA&utm_campaign=yelp_api_v3&utm_medium=api_v3_business_search&utm_source=BkJcGSdN3A98X2H7gLpQjA,food_truck,"Food Trucks, Tacos",3.7,3,Yelp,2026-07-02
The Seventh House,(619) 310-5614,"2835 University Ave, San Diego, CA 92104",San Diego,CA,92104,https://www.yelp.com/biz/the-seventh-house-san-diego-4?adjust_creative=BkJcGSdN3A98X2H7gLpQjA&utm_campaign=yelp_api_v3&utm_medium=api_v3_business_search&utm_source=BkJcGSdN3A98X2H7gLpQjA,bar,"Lounges, Speakeasies, Cocktail Bars",3.9,547,Yelp,2026-07-02
The Tavern at Firefall Ranch,(209) 379-6820,"24025 CA-120, Groveland, CA 95321",Groveland,CA,95321,https://www.yelp.com/biz/the-tavern-at-firefall-ranch-groveland?adjust_creative=BkJcGSdN3A98X2H7gLpQjA&utm_campaign=yelp_api_v3&utm_medium=api_v3_business_search&utm_source=BkJcGSdN3A98X2H7gLpQjA,bar,"Cocktail Bars, Breakfast & Brunch, American",4.4,19,Yelp,2026-07-02
La Clochette,(619) 230-5077,"7995 Civita Blvd, Ste 11, San Diego, CA 92108",San Diego,CA,92108,https://www.yelp.com/biz/la-clochette-san-diego-2?adjust_creative=BkJcGSdN3A98X2H7gLpQjA&utm_campaign=yelp_api_v3&utm_medium=api_v3_business_search&utm_source=BkJcGSdN3A98X2H7gLpQjA,cafe,"Bakeries, Coffee & Tea, Breakfast & Brunch",4.0,68,Yelp,2026-07-02
Australian Hotel,+61747226999,"11 Palmer St, South Townsville Queensland 4810, Australia",South Townsville,QLD,4810,https://www.yelp.com/biz/australian-hotel-south-townsville?adjust_creative=BkJcGSdN3A98X2H7gLpQjA&utm_campaign=yelp_api_v3&utm_medium=api_v3_business_search&utm_source=BkJcGSdN3A98X2H7gLpQjA,bar,"Bars, Australian",4.0,3,Yelp,2026-07-02
The Guest House,(323) 660-9930,"1750 Hillhurst Ave, Los Angeles, CA 90027",Los Angeles,CA,90027,https://www.yelp.com/biz/the-guest-house-los-angeles-3?adjust_creative=BkJcGSdN3A98X2H7gLpQjA&utm_campaign=yelp_api_v3&utm_medium=api_v3_business_search&utm_source=BkJcGSdN3A98X2H7gLpQjA,bar,"Cocktail Bars, New American, Venues & Event Spaces",4.2,433,Yelp,2026-07-02
Born Wild Wholefood & Espresso,+61747714045,"373-383 Flinders St, Townsville City Tasmania 4810, Australia",Townsville City,TAS,4810,https://www.yelp.com/biz/born-wild-wholefood-and-espresso-townsville-city?adjust_creative=BkJcGSdN3A98X2H7gLpQjA&utm_campaign=yelp_api_v3&utm_medium=api_v3_business_search&utm_source=BkJcGSdN3A98X2H7gLpQjA,cafe,Cafes,4.3,3,Yelp,2026-07-02
Bee’s Bakery Cafe,(559) 683-2393,"40250 Junction Dr, Oakhurst, CA 93644",Oakhurst,CA,93644,https://www.yelp.com/biz/bee-s-bakery-cafe-oakhurst-2?adjust_creative=BkJcGSdN3A98X2H7gLpQjA&utm_campaign=yelp_api_v3&utm_medium=api_v3_business_search&utm_source=BkJcGSdN3A98X2H7gLpQjA,cafe,"Bakeries, Cafes, Breakfast & Brunch",4.5,299,Yelp,2026-07-02
Thai Kitchen,(559) 583-1212,"122 N 11th Ave, Hanford, CA 93230",Hanford,CA,93230,https://www.yelp.com/biz/thai-kitchen-hanford?adjust_creative=BkJcGSdN3A98X2H7gLpQjA&utm_campaign=yelp_api_v3&utm_medium=api_v3_business_search&utm_source=BkJcGSdN3A98X2H7gLpQjA,thai,Thai,4.0,214,Yelp,2026-07-02
The Kitchen MCASD,(619) 880-8719,"700 Prospect St, La Jolla, CA 92037",La Jolla,CA,92037,https://www.yelp.com/biz/the-kitchen-mcasd-la-jolla?adjust_creative=BkJcGSdN3A98X2H7gLpQjA&utm_campaign=yelp_api_v3&utm_medium=api_v3_business_search&utm_source=BkJcGSdN3A98X2H7gLpQjA,cafe,"Cafes, Mediterranean",4.1,82,Yelp,2026-07-02
Simply Tops Seafood Bar,+61747723028,"9 Palmer St,, Shop 2, South Townsville Queensland 4810, Australia",South Townsville,QLD,4810,https://www.yelp.com/biz/simply-tops-seafood-bar-south-townsville-2?adjust_creative=BkJcGSdN3A98X2H7gLpQjA&utm_campaign=yelp_api_v3&utm_medium=api_v3_business_search&utm_source=BkJcGSdN3A98X2H7gLpQjA,bar,"Bars, Seafood",4.1,8,Yelp,2026-07-02
LA Kitchen,(559) 515-6157,"6105 E Kings Canyon Rd, Ste 102, Fresno, CA 93727",Fresno,CA,93727,https://www.yelp.com/biz/la-kitchen-fresno?adjust_creative=BkJcGSdN3A98X2H7gLpQjA&utm_campaign=yelp_api_v3&utm_medium=api_v3_business_search&utm_source=BkJcGSdN3A98X2H7gLpQjA,thai,"Chinese, Laotian, Thai",4.1,405,Yelp,2026-07-02
Mammoth Rock Brasserie,(760) 934-4200,"3029 Chateau Rd, Mammoth Lakes, CA 93546",Mammoth Lakes,CA,93546,https://www.yelp.com/biz/mammoth-rock-brasserie-mammoth-lakes-2?adjust_creative=BkJcGSdN3A98X2H7gLpQjA&utm_campaign=yelp_api_v3&utm_medium=api_v3_business_search&utm_source=BkJcGSdN3A98X2H7gLpQjA,bar,"Brasseries, Bars, French",4.4,509,Yelp,2026-07-02
The Green Room,(818) 962-4446,"1250 E Harvard Rd, Burbank, CA 91501",Burbank,CA,91501,https://www.yelp.com/biz/the-green-room-burbank?adjust_creative=BkJcGSdN3A98X2H7gLpQjA&utm_campaign=yelp_api_v3&utm_medium=api_v3_business_search&utm_source=BkJcGSdN3A98X2H7gLpQjA,bar,"Cocktail Bars, Lounges, Venues & Event Spaces",4.6,681,Yelp,2026-07-02
Hemlock Restaurant & Bar,(559) 566-2323,"48800 Royal Oaks Dr, Oakhurst, CA 93644",Oakhurst,CA,93644,https://www.yelp.com/biz/hemlock-restaurant-and-bar-oakhurst?adjust_creative=BkJcGSdN3A98X2H7gLpQjA&utm_campaign=yelp_api_v3&utm_medium=api_v3_business_search&utm_source=BkJcGSdN3A98X2H7gLpQjA,bar,"Bars, New American",4.4,32,Yelp,2026-07-02
Little Leaf Bar,(559) 261-2699,"6011 N Palm, Fresno, CA 93704",Fresno,CA,93704,https://www.yelp.com/biz/little-leaf-bar-fresno-2?adjust_creative=BkJcGSdN3A98X2H7gLpQjA&utm_campaign=yelp_api_v3&utm_medium=api_v3_business_search&utm_source=BkJcGSdN3A98X2H7gLpQjA,bar,"Lounges, Asian Fusion",4.3,79,Yelp,2026-07-02
La Moon Thai Eatery,(619) 546-9990,"6366 El Cajon Blvd, San Diego, CA 92115",San Diego,CA,92115,https://www.yelp.com/biz/la-moon-thai-eatery-san-diego?adjust_creative=BkJcGSdN3A98X2H7gLpQjA&utm_campaign=yelp_api_v3&utm_medium=api_v3_business_search&utm_source=BkJcGSdN3A98X2H7gLpQjA,thai,Thai,4.3,291,Yelp,2026-07-02
Horseshoe Tavern,(415) 346-1430,"2024 Chestnut St, San Francisco, CA 94123",San Francisco,CA,94123,https://www.yelp.com/biz/horseshoe-tavern-san-francisco?adjust_creative=BkJcGSdN3A98X2H7gLpQjA&utm_campaign=yelp_api_v3&utm_medium=api_v3_business_search&utm_source=BkJcGSdN3A98X2H7gLpQjA,bar,"Pubs, Lounges",3.9,313,Yelp,2026-07-02
Flynns Irish Bar & Bistro,+61747211655,"101 Flinders St, Townsville Queensland 4810, Australia",Townsville,QLD,4810,https://www.yelp.com/biz/flynns-irish-bar-and-bistro-townsville?adjust_creative=BkJcGSdN3A98X2H7gLpQjA&utm_campaign=yelp_api_v3&utm_medium=api_v3_business_search&utm_source=BkJcGSdN3A98X2H7gLpQjA,bar,"Dance Clubs, Bars, Restaurants",,,Yelp,2026-07-02
California Burritos,(858) 569-1600,"7754 Starling Dr, San Diego, CA 92123",San Diego,CA,92123,https://www.yelp.com/biz/california-burritos-san-diego?adjust_creative=BkJcGSdN3A98X2H7gLpQjA&utm_campaign=yelp_api_v3&utm_medium=api_v3_business_search&utm_source=BkJcGSdN3A98X2H7gLpQjA,mexican,"Mexican, Breakfast & Brunch, Burgers",4.3,1404,Yelp,2026-07-02
Mammoth Rock Brasserie,(760) 934-4200,"3029 Chateau Rd, Mammoth Lakes, CA 93546",Mammoth Lakes,CA,93546,https://www.yelp.com/biz/mammoth-rock-brasserie-mammoth-lakes-2?adjust_creative=BkJcGSdN3A98X2H7gLpQjA&utm_campaign=yelp_api_v3&utm_medium=api_v3_business_search&utm_source=BkJcGSdN3A98X2H7gLpQjA,bar,"Brasseries, Bars, French",4.4,509,Yelp,2026-07-02
Sisterita,(415) 649-1919,"669 Commercial St, San Francisco, CA 94111",San Francisco,CA,94111,https://www.yelp.com/biz/sisterita-san-francisco?adjust_creative=BkJcGSdN3A98X2H7gLpQjA&utm_campaign=yelp_api_v3&utm_medium=api_v3_business_search&utm_source=BkJcGSdN3A98X2H7gLpQjA,thai,"Breakfast & Brunch, New American, Thai",4.5,1068,Yelp,2026-07-02
Mammoth Tavern,(760) 934-3902,"587 Old Mammoth Rd, Ste 10, Mammoth Lakes, CA 93546",Mammoth Lakes,CA,93546,https://www.yelp.com/biz/mammoth-tavern-mammoth-lakes?adjust_creative=BkJcGSdN3A98X2H7gLpQjA&utm_campaign=yelp_api_v3&utm_medium=api_v3_business_search&utm_source=BkJcGSdN3A98X2H7gLpQjA,bar,"New American, Gastropubs, Cocktail Bars",4.0,617,Yelp,2026-07-02
River View Grill & Bar,(559) 561-2211,"42323 Sierra Dr, Three Rivers, CA 93271",Three Rivers,CA,93271,https://www.yelp.com/biz/river-view-grill-and-bar-three-rivers?adjust_creative=BkJcGSdN3A98X2H7gLpQjA&utm_campaign=yelp_api_v3&utm_medium=api_v3_business_search&utm_source=BkJcGSdN3A98X2H7gLpQjA,bar,"Bars, American, Chicken Wings",3.3,699,Yelp,2026-07-02
Hemlock Restaurant & Bar,(559) 566-2323,"48800 Royal Oaks Dr, Oakhurst, CA 93644",Oakhurst,CA,93644,https://www.yelp.com/biz/hemlock-restaurant-and-bar-oakhurst?adjust_creative=BkJcGSdN3A98X2H7gLpQjA&utm_campaign=yelp_api_v3&utm_medium=api_v3_business_search&utm_source=BkJcGSdN3A98X2H7gLpQjA,bar,"Bars, New American",4.4,32,Yelp,2026-07-02
Golden Crab House,(415) 702-6685,"1830 Irving St, San Francisco, CA 94122",San Francisco,CA,94122,https://www.yelp.com/biz/golden-crab-house-san-francisco?adjust_creative=BkJcGSdN3A98X2H7gLpQjA&utm_campaign=yelp_api_v3&utm_medium=api_v3_business_search&utm_source=BkJcGSdN3A98X2H7gLpQjA,vietnamese,"Seafood, Vietnamese, Asian Fusion",4.3,448,Yelp,2026-07-02
The Annex Kitchen,(559) 248-8512,"2257 W Shaw Ave, Fresno, CA 93711",Fresno,CA,93711,https://www.yelp.com/biz/the-annex-kitchen-fresno-2?adjust_creative=BkJcGSdN3A98X2H7gLpQjA&utm_campaign=yelp_api_v3&utm_medium=api_v3_business_search&utm_source=BkJcGSdN3A98X2H7gLpQjA,pizza,"Pizza, Italian, Cocktail Bars",4.4,1799,Yelp,2026-07-02
Happy Bunz,(559) 406-5115,"5771 N Palm Ave, Fresno, CA 93704",Fresno,CA,93704,https://www.yelp.com/biz/happy-bunz-fresno?adjust_creative=BkJcGSdN3A98X2H7gLpQjA&utm_campaign=yelp_api_v3&utm_medium=api_v3_business_search&utm_source=BkJcGSdN3A98X2H7gLpQjA,bakery,Donuts,3.0,2,Yelp,2026-07-02
Kung Fu Action Theatre ,(415) 420-6016,"841 Larkin St, San Francisco, CA 94109",San Francisco,CA,94109,https://www.yelp.com/biz/kung-fu-action-theatre-san-francisco?adjust_creative=BkJcGSdN3A98X2H7gLpQjA&utm_campaign=yelp_api_v3&utm_medium=api_v3_business_search&utm_source=BkJcGSdN3A98X2H7gLpQjA,bar,Dive Bars,4.5,48,Yelp,2026-07-02
Little Nap Cafe,(619) 677-2117,"142 University Ave, Ste A, San Diego, CA 92103",San Diego,CA,92103,https://www.yelp.com/biz/little-nap-cafe-san-diego-2?adjust_creative=BkJcGSdN3A98X2H7gLpQjA&utm_campaign=yelp_api_v3&utm_medium=api_v3_business_search&utm_source=BkJcGSdN3A98X2H7gLpQjA,cafe,"Coffee & Tea, Bubble Tea, Sandwiches",4.1,420,Yelp,2026-07-02
Little Rock Tavern,(559) 876-3153,"933 Academy Ave, Sanger, CA 93657",Sanger,CA,93657,https://www.yelp.com/biz/little-rock-tavern-sanger?adjust_creative=BkJcGSdN3A98X2H7gLpQjA&utm_campaign=yelp_api_v3&utm_medium=api_v3_business_search&utm_source=BkJcGSdN3A98X2H7gLpQjA,bar,"Dive Bars, Beer Bar, Cocktail Bars",4.5,8,Yelp,2026-07-02
Taphouse,+61747722301,"City Lane, 373 Flinders St, Townsville Queensland 4810, Australia",Townsville,QLD,4810,https://www.yelp.com/biz/taphouse-townsville?adjust_creative=BkJcGSdN3A98X2H7gLpQjA&utm_campaign=yelp_api_v3&utm_medium=api_v3_business_search&utm_source=BkJcGSdN3A98X2H7gLpQjA,bar,Beer Bar,5.0,6,Yelp,2026-07-02
Big Bar,(323) 644-0100,"1927 Hillhurst Ave, Los Angeles, CA 90027",Los Angeles,CA,90027,https://www.yelp.com/biz/big-bar-los-angeles-2?adjust_creative=BkJcGSdN3A98X2H7gLpQjA&utm_campaign=yelp_api_v3&utm_medium=api_v3_business_search&utm_source=BkJcGSdN3A98X2H7gLpQjA,bar,Cocktail Bars,4.0,185,Yelp,2026-07-02
Bee’s Bakery Cafe,(559) 683-2393,"40250 Junction Dr, Oakhurst, CA 93644",Oakhurst,CA,93644,https://www.yelp.com/biz/bee-s-bakery-cafe-oakhurst-2?adjust_creative=BkJcGSdN3A98X2H7gLpQjA&utm_campaign=yelp_api_v3&utm_medium=api_v3_business_search&utm_source=BkJcGSdN3A98X2H7gLpQjA,cafe,"Bakeries, Cafes, Breakfast & Brunch",4.5,299,Yelp,2026-07-02
Buckhorn Saloon,(559) 877-8700,"32992 Rd 222, North Fork, CA 93643",North Fork,CA,93643,https://www.yelp.com/biz/buckhorn-saloon-north-fork?adjust_creative=BkJcGSdN3A98X2H7gLpQjA&utm_campaign=yelp_api_v3&utm_medium=api_v3_business_search&utm_source=BkJcGSdN3A98X2H7gLpQjA,bar,"American, Pubs",3.9,52,Yelp,2026-07-02
Public House Marin,(415) 710-5504,"743 Center Blvd, Fairfax, CA 94930",Fairfax,CA,94930,https://www.yelp.com/biz/public-house-marin-fairfax?adjust_creative=BkJcGSdN3A98X2H7gLpQjA&utm_campaign=yelp_api_v3&utm_medium=api_v3_business_search&utm_source=BkJcGSdN3A98X2H7gLpQjA,pizza,"Wine Bars, Lounges, Pizza",5.0,11,Yelp,2026-07-02
Monsoons Bar & Grill,+61747720900,"194 Flinders St, Townsville City Queensland 4810, Australia",Townsville City,QLD,4810,https://www.yelp.com/biz/monsoons-bar-and-grill-townsville-city?adjust_creative=BkJcGSdN3A98X2H7gLpQjA&utm_campaign=yelp_api_v3&utm_medium=api_v3_business_search&utm_source=BkJcGSdN3A98X2H7gLpQjA,bar,"Bars, Restaurants",3.0,2,Yelp,2026-07-02
Blue Heron Restaurant & Yosemite Grill,(559) 517-3467,"30250 Yosemite Springs Pkwy, Coarsegold, CA 93614",Coarsegold,CA,93614,https://www.yelp.com/biz/blue-heron-restaurant-and-yosemite-grill-coarsegold?adjust_creative=BkJcGSdN3A98X2H7gLpQjA&utm_campaign=yelp_api_v3&utm_medium=api_v3_business_search&utm_source=BkJcGSdN3A98X2H7gLpQjA,bar,"American, Bars, Venues & Event Spaces",4.3,124,Yelp,2026-07-02
The Spot Cafe & Lounge,(310) 559-8868,"4455 Overland Ave, Culver City, CA 90230",Culver City,CA,90230,https://www.yelp.com/biz/the-spot-cafe-and-lounge-culver-city?adjust_creative=BkJcGSdN3A98X2H7gLpQjA&utm_campaign=yelp_api_v3&utm_medium=api_v3_business_search&utm_source=BkJcGSdN3A98X2H7gLpQjA,cafe,"Lounges, Cafes",4.0,256,Yelp,2026-07-02
Oakhurst Grill and Whiskey 41 Lounge,(559) 641-2477,"40530 Hwy 41, Oakhurst, CA 93644",Oakhurst,CA,93644,https://www.yelp.com/biz/oakhurst-grill-and-whiskey-41-lounge-oakhurst?adjust_creative=BkJcGSdN3A98X2H7gLpQjA&utm_campaign=yelp_api_v3&utm_medium=api_v3_business_search&utm_source=BkJcGSdN3A98X2H7gLpQjA,bar,"New American, Lounges",4.1,532,Yelp,2026-07-02
Jr's Urban Eats,(408) 649-3392,"2090 N Capitol Ave, San Jose, CA 95132",San Jose,CA,95132,https://www.yelp.com/biz/jrs-urban-eats-san-jose?adjust_creative=BkJcGSdN3A98X2H7gLpQjA&utm_campaign=yelp_api_v3&utm_medium=api_v3_business_search&utm_source=BkJcGSdN3A98X2H7gLpQjA,cafe,"Cafes, Bubble Tea, Sandwiches",5.0,5,Yelp,2026-07-02
Hot Rod Willy's Pizza,(559) 492-3959,"337 E Shaw Ave, Ste 101, Fresno, CA 93710",Fresno,CA,93710,https://www.yelp.com/biz/hot-rod-willys-pizza-fresno?adjust_creative=BkJcGSdN3A98X2H7gLpQjA&utm_campaign=yelp_api_v3&utm_medium=api_v3_business_search&utm_source=BkJcGSdN3A98X2H7gLpQjA,pizza,"Pizza, Chicken Wings",4.8,201,Yelp,2026-07-02
Mammoth Tavern,(760) 934-3902,"587 Old Mammoth Rd, Ste 10, Mammoth Lakes, CA 93546",Mammoth Lakes,CA,93546,https://www.yelp.com/biz/mammoth-tavern-mammoth-lakes?adjust_creative=BkJcGSdN3A98X2H7gLpQjA&utm_campaign=yelp_api_v3&utm_medium=api_v3_business_search&utm_source=BkJcGSdN3A98X2H7gLpQjA,bar,"New American, Gastropubs, Cocktail Bars",4.0,617,Yelp,2026-07-02
Idle Hour Winery & Kitchen,(559) 760-9090,"41139 Hwy 41, Oakhurst, CA 93644",Oakhurst,CA,93644,https://www.yelp.com/biz/idle-hour-winery-and-kitchen-oakhurst?adjust_creative=BkJcGSdN3A98X2H7gLpQjA&utm_campaign=yelp_api_v3&utm_medium=api_v3_business_search&utm_source=BkJcGSdN3A98X2H7gLpQjA,mediterranean,"Wineries, New American, Mediterranean",4.6,164,Yelp,2026-07-02
Blue Heron Restaurant & Yosemite Grill,(559) 517-3467,"30250 Yosemite Springs Pkwy, Coarsegold, CA 93614",Coarsegold,CA,93614,https://www.yelp.com/biz/blue-heron-restaurant-and-yosemite-grill-coarsegold?adjust_creative=BkJcGSdN3A98X2H7gLpQjA&utm_campaign=yelp_api_v3&utm_medium=api_v3_business_search&utm_source=BkJcGSdN3A98X2H7gLpQjA,bar,"American, Bars, Venues & Event Spaces",4.3,124,Yelp,2026-07-02
The Standard,(559) 434-3638,"9455 N Fort Washington Rd, Fresno, CA 93730",Fresno,CA,93730,https://www.yelp.com/biz/the-standard-fresno-4?adjust_creative=BkJcGSdN3A98X2H7gLpQjA&utm_campaign=yelp_api_v3&utm_medium=api_v3_business_search&utm_source=BkJcGSdN3A98X2H7gLpQjA,bar,"Lounges, American, Venues & Event Spaces",3.6,176,Yelp,2026-07-02
El Bolero,(559) 485-2799,"2155 S G St, Fresno, CA 93721",Fresno,CA,93721,https://www.yelp.com/biz/el-bolero-fresno?adjust_creative=BkJcGSdN3A98X2H7gLpQjA&utm_campaign=yelp_api_v3&utm_medium=api_v3_business_search&utm_source=BkJcGSdN3A98X2H7gLpQjA,bar,"Sports Bars, Lounges",,,Yelp,2026-07-02
Plazuelas Mexican Restaurant & Taqueria,(559) 658-7771,"40015 Hwy 49, Ste 203 & 204, Oakhurst, CA 93644",Oakhurst,CA,93644,https://www.yelp.com/biz/plazuelas-mexican-restaurant-and-taqueria-oakhurst?adjust_creative=BkJcGSdN3A98X2H7gLpQjA&utm_campaign=yelp_api_v3&utm_medium=api_v3_business_search&utm_source=BkJcGSdN3A98X2H7gLpQjA,mexican,Mexican,4.3,921,Yelp,2026-07-02
General Admission Kitchen + Bar,(323) 963-5011,"3311 Cahuenga Blvd W, Los Angeles, CA 90068",Los Angeles,CA,90068,https://www.yelp.com/biz/general-admission-kitchen-bar-los-angeles-3?adjust_creative=BkJcGSdN3A98X2H7gLpQjA&utm_campaign=yelp_api_v3&utm_medium=api_v3_business_search&utm_source=BkJcGSdN3A98X2H7gLpQjA,bar,"Beer Bar, New American, Cocktail Bars",4.1,405,Yelp,2026-07-02
Cielito Lindo,(415) 742-0959,"3440 Balboa St, San Francisco, CA 94121",San Francisco,CA,94121,https://www.yelp.com/biz/cielito-lindo-san-francisco?adjust_creative=BkJcGSdN3A98X2H7gLpQjA&utm_campaign=yelp_api_v3&utm_medium=api_v3_business_search&utm_source=BkJcGSdN3A98X2H7gLpQjA,mexican,Mexican,4.3,438,Yelp,2026-07-02
Little RED Bistro,(925) 954-8274,"690 Gregory Ln, Ste 4, Pleasant Hill, CA 94523",Pleasant Hill,CA,94523,https://www.yelp.com/biz/little-red-bistro-pleasant-hill?adjust_creative=BkJcGSdN3A98X2H7gLpQjA&utm_campaign=yelp_api_v3&utm_medium=api_v3_business_search&utm_source=BkJcGSdN3A98X2H7gLpQjA,cafe,"Coffee & Tea, Creperies, Sandwiches",4.0,200,Yelp,2026-07-02
Sisterita,(415) 649-1919,"669 Commercial St, San Francisco, CA 94111",San Francisco,CA,94111,https://www.yelp.com/biz/sisterita-san-francisco?adjust_creative=BkJcGSdN3A98X2H7gLpQjA&utm_campaign=yelp_api_v3&utm_medium=api_v3_business_search&utm_source=BkJcGSdN3A98X2H7gLpQjA,thai,"Breakfast & Brunch, New American, Thai",4.5,1068,Yelp,2026-07-02
Dunsmoor,(323) 686-6027,"3501 Eagle Rock Blvd, Los Angeles, CA 90065",Los Angeles,CA,90065,https://www.yelp.com/biz/dunsmoor-los-angeles?adjust_creative=BkJcGSdN3A98X2H7gLpQjA&utm_campaign=yelp_api_v3&utm_medium=api_v3_business_search&utm_source=BkJcGSdN3A98X2H7gLpQjA,bar,"American, Wine Bars, Beer Bar",4.3,595,Yelp,2026-07-02
Holbox,(213) 986-9972,"3655 S Grand Ave, Ste C9, Los Angeles, CA 90007",Los Angeles,CA,90007,https://www.yelp.com/biz/holbox-los-angeles-2?adjust_creative=BkJcGSdN3A98X2H7gLpQjA&utm_campaign=yelp_api_v3&utm_medium=api_v3_business_search&utm_source=BkJcGSdN3A98X2H7gLpQjA,mexican,"Latin American, Seafood, Mexican",4.7,2544,Yelp,2026-07-02
Flo's Diner,(760) 873-7000,"4750 US Hwy 6, Chalfant Valley, CA 93514",Chalfant Valley,CA,93514,https://www.yelp.com/biz/flos-diner-chalfant-valley?adjust_creative=BkJcGSdN3A98X2H7gLpQjA&utm_campaign=yelp_api_v3&utm_medium=api_v3_business_search&utm_source=BkJcGSdN3A98X2H7gLpQjA,pizza,"Diners, Pizza, American",4.8,40,Yelp,2026-07-02
Dunsmoor,(323) 686-6027,"3501 Eagle Rock Blvd, Los Angeles, CA 90065",Los Angeles,CA,90065,https://www.yelp.com/biz/dunsmoor-los-angeles?adjust_creative=BkJcGSdN3A98X2H7gLpQjA&utm_campaign=yelp_api_v3&utm_medium=api_v3_business_search&utm_source=BkJcGSdN3A98X2H7gLpQjA,bar,"American, Wine Bars, Beer Bar",4.3,595,Yelp,2026-07-02
The Silver Fox,(858) 270-1343,"1833 Garnet Ave, San Diego, CA 92109",San Diego,CA,92109,https://www.yelp.com/biz/the-silver-fox-san-diego?adjust_creative=BkJcGSdN3A98X2H7gLpQjA&utm_campaign=yelp_api_v3&utm_medium=api_v3_business_search&utm_source=BkJcGSdN3A98X2H7gLpQjA,bar,"Dive Bars, Pool Halls",3.8,318,Yelp,2026-07-02
The Silver Fox,(858) 270-1343,"1833 Garnet Ave, San Diego, CA 92109",San Diego,CA,92109,https://www.yelp.com/biz/the-silver-fox-san-diego?adjust_creative=BkJcGSdN3A98X2H7gLpQjA&utm_campaign=yelp_api_v3&utm_medium=api_v3_business_search&utm_source=BkJcGSdN3A98X2H7gLpQjA,bar,"Dive Bars, Pool Halls",3.8,318,Yelp,2026-07-02
Golden Lake Eatery Cambodian Restaurant,(213) 285-4331,"424 W College St, Los Angeles, CA 90012",Los Angeles,CA,90012,https://www.yelp.com/biz/golden-lake-eatery-cambodian-restaurant-los-angeles-2?adjust_creative=BkJcGSdN3A98X2H7gLpQjA&utm_campaign=yelp_api_v3&utm_medium=api_v3_business_search&utm_source=BkJcGSdN3A98X2H7gLpQjA,vietnamese,"Cambodian, Vietnamese, Chinese",3.6,346,Yelp,2026-07-02
Flo's Diner,(760) 873-7000,"4750 US Hwy 6, Chalfant Valley, CA 93514",Chalfant Valley,CA,93514,https://www.yelp.com/biz/flos-diner-chalfant-valley?adjust_creative=BkJcGSdN3A98X2H7gLpQjA&utm_campaign=yelp_api_v3&utm_medium=api_v3_business_search&utm_source=BkJcGSdN3A98X2H7gLpQjA,pizza,"Diners, Pizza, American",4.8,40,Yelp,2026-07-02
The Tavern Off Broadway,(213) 891-1063,"221 W 7th St, Los Angeles, CA 90014",Los Angeles,CA,90014,https://www.yelp.com/biz/the-tavern-off-broadway-los-angeles?adjust_creative=BkJcGSdN3A98X2H7gLpQjA&utm_campaign=yelp_api_v3&utm_medium=api_v3_business_search&utm_source=BkJcGSdN3A98X2H7gLpQjA,bar,"Beer Bar, Cocktail Bars, Pubs",4.1,17,Yelp,2026-07-02
The Elderberry House,(559) 683-6800,"48688 Victoria Ln, Oakhurst, CA 93644",Oakhurst,CA,93644,https://www.yelp.com/biz/the-elderberry-house-oakhurst-2?adjust_creative=BkJcGSdN3A98X2H7gLpQjA&utm_campaign=yelp_api_v3&utm_medium=api_v3_business_search&utm_source=BkJcGSdN3A98X2H7gLpQjA,bar,"French, Cocktail Bars, New American",4.5,343,Yelp,2026-07-02
Golden Grain Coffee Lounge,+61747833220,"152b Queen St, Ayr Queensland 4807, Australia",Ayr,QLD,4807,https://www.yelp.com/biz/golden-grain-coffee-lounge-ayr?adjust_creative=BkJcGSdN3A98X2H7gLpQjA&utm_campaign=yelp_api_v3&utm_medium=api_v3_business_search&utm_source=BkJcGSdN3A98X2H7gLpQjA,cafe,Coffee & Tea,,,Yelp,2026-07-02
Laugh Factory,(323) 656-1336,"8001 W Sunset Blvd, Los Angeles, CA 90046",Los Angeles,CA,90046,https://www.yelp.com/biz/laugh-factory-los-angeles?adjust_creative=BkJcGSdN3A98X2H7gLpQjA&utm_campaign=yelp_api_v3&utm_medium=api_v3_business_search&utm_source=BkJcGSdN3A98X2H7gLpQjA,bar,"Bars, Comedy Clubs, Performing Arts",3.3,1050,Yelp,2026-07-02
The Green Room,(818) 962-4446,"1250 E Harvard Rd, Burbank, CA 91501",Burbank,CA,91501,https://www.yelp.com/biz/the-green-room-burbank?adjust_creative=BkJcGSdN3A98X2H7gLpQjA&utm_campaign=yelp_api_v3&utm_medium=api_v3_business_search&utm_source=BkJcGSdN3A98X2H7gLpQjA,bar,"Cocktail Bars, Lounges, Venues & Event Spaces",4.6,681,Yelp,2026-07-02
The Jade Restaurant,(559) 734-5233,"3837 W Caldwell Ave, Ste C, Visalia, CA 93277",Visalia,CA,93277,https://www.yelp.com/biz/the-jade-restaurant-visalia?adjust_creative=BkJcGSdN3A98X2H7gLpQjA&utm_campaign=yelp_api_v3&utm_medium=api_v3_business_search&utm_source=BkJcGSdN3A98X2H7gLpQjA,chinese,Chinese,3.7,207,Yelp,2026-07-02
Bee’s Bakery Cafe,(559) 683-2393,"40250 Junction Dr, Oakhurst, CA 93644",Oakhurst,CA,93644,https://www.yelp.com/biz/bee-s-bakery-cafe-oakhurst-2?adjust_creative=BkJcGSdN3A98X2H7gLpQjA&utm_campaign=yelp_api_v3&utm_medium=api_v3_business_search&utm_source=BkJcGSdN3A98X2H7gLpQjA,cafe,"Bakeries, Cafes, Breakfast & Brunch",4.5,299,Yelp,2026-07-02
The Bistro,(619) 291-5720,"595 Hotel Cir S, San Diego, CA 92108",San Diego,CA,92108,https://www.yelp.com/biz/the-bistro-san-diego-2?adjust_creative=BkJcGSdN3A98X2H7gLpQjA&utm_campaign=yelp_api_v3&utm_medium=api_v3_business_search&utm_source=BkJcGSdN3A98X2H7gLpQjA,cafe,"Salad, Coffee & Tea, Sandwiches",3.4,12,Yelp,2026-07-02
Mammoth Rock Brasserie,(760) 934-4200,"3029 Chateau Rd, Mammoth Lakes, CA 93546",Mammoth Lakes,CA,93546,https://www.yelp.com/biz/mammoth-rock-brasserie-mammoth-lakes-2?adjust_creative=BkJcGSdN3A98X2H7gLpQjA&utm_campaign=yelp_api_v3&utm_medium=api_v3_business_search&utm_source=BkJcGSdN3A98X2H7gLpQjA,bar,"Brasseries, Bars, French",4.4,509,Yelp,2026-07-02
Tandoori Express,(559) 683-3363,"40278 Rd 425A, Unit -  7, Oakhurst, CA 93644",Oakhurst,CA,93644,https://www.yelp.com/biz/tandoori-express-oakhurst?adjust_creative=BkJcGSdN3A98X2H7gLpQjA&utm_campaign=yelp_api_v3&utm_medium=api_v3_business_search&utm_source=BkJcGSdN3A98X2H7gLpQjA,indian,"Indian, Desserts, Chicken Wings",4.0,470,Yelp,2026-07-02
San Laurel,(213) 349-8585,"100 S Grand Ave, Los Angeles, CA 90012",Los Angeles,CA,90012,https://www.yelp.com/biz/san-laurel-los-angeles-3?adjust_creative=BkJcGSdN3A98X2H7gLpQjA&utm_campaign=yelp_api_v3&utm_medium=api_v3_business_search&utm_source=BkJcGSdN3A98X2H7gLpQjA,bar,"Spanish, Breakfast & Brunch, Cocktail Bars",4.3,398,Yelp,2026-07-02
Taphouse,+61747722301,"City Lane, 373 Flinders St, Townsville Queensland 4810, Australia",Townsville,QLD,4810,https://www.yelp.com/biz/taphouse-townsville?adjust_creative=BkJcGSdN3A98X2H7gLpQjA&utm_campaign=yelp_api_v3&utm_medium=api_v3_business_search&utm_source=BkJcGSdN3A98X2H7gLpQjA,bar,Beer Bar,5.0,6,Yelp,2026-07-02
The Grant Grill,(619) 744-2077,"326 Broadway, San Diego, CA 92101",San Diego,CA,92101,https://www.yelp.com/biz/grant-grill-san-diego?adjust_creative=BkJcGSdN3A98X2H7gLpQjA&utm_campaign=yelp_api_v3&utm_medium=api_v3_business_search&utm_source=BkJcGSdN3A98X2H7gLpQjA,bar,"Diners, Lounges, Breakfast & Brunch",4.1,591,Yelp,2026-07-02
Michels,+61747241460,"7 Palmer St, South Townsville Queensland 4810, Australia",South Townsville,QLD,4810,https://www.yelp.com/biz/michels-south-townsville?adjust_creative=BkJcGSdN3A98X2H7gLpQjA&utm_campaign=yelp_api_v3&utm_medium=api_v3_business_search&utm_source=BkJcGSdN3A98X2H7gLpQjA,bar,"French, Wine Bars, Modern Australian",3.3,3,Yelp,2026-07-02
The High Dive Bar & Lounge,(209) 349-8668,"560 W 18th St, Merced, CA 95340",Merced,CA,95340,https://www.yelp.com/biz/the-high-dive-bar-and-lounge-merced?adjust_creative=BkJcGSdN3A98X2H7gLpQjA&utm_campaign=yelp_api_v3&utm_medium=api_v3_business_search&utm_source=BkJcGSdN3A98X2H7gLpQjA,bar,Dive Bars,5.0,1,Yelp,2026-07-02
Big Bang Grill,(559) 713-6817,"1400 W Houston Ave, Visalia, CA 93291",Visalia,CA,93291,https://www.yelp.com/biz/big-bang-grill-visalia-2?adjust_creative=BkJcGSdN3A98X2H7gLpQjA&utm_campaign=yelp_api_v3&utm_medium=api_v3_business_search&utm_source=BkJcGSdN3A98X2H7gLpQjA,thai,"Asian Fusion, Korean, Thai",4.5,94,Yelp,2026-07-02
The Annex Kitchen,(559) 248-8512,"2257 W Shaw Ave, Fresno, CA 93711",Fresno,CA,93711,https://www.yelp.com/biz/the-annex-kitchen-fresno-2?adjust_creative=BkJcGSdN3A98X2H7gLpQjA&utm_campaign=yelp_api_v3&utm_medium=api_v3_business_search&utm_source=BkJcGSdN3A98X2H7gLpQjA,pizza,"Pizza, Italian, Cocktail Bars",4.4,1799,Yelp,2026-07-02
Basement Tavern,(310) 396-2469,"2640 Main St, Santa Monica, CA 90405",Santa Monica,CA,90405,https://www.yelp.com/biz/basement-tavern-santa-monica?adjust_creative=BkJcGSdN3A98X2H7gLpQjA&utm_campaign=yelp_api_v3&utm_medium=api_v3_business_search&utm_source=BkJcGSdN3A98X2H7gLpQjA,bar,"New American, Lounges",3.5,474,Yelp,2026-07-02
Martha's Mexican Food,(559) 528-6032,"41435 Rd 128, Orosi, CA 93647",Orosi,CA,93647,https://www.yelp.com/biz/marthas-mexican-food-orosi-2?adjust_creative=BkJcGSdN3A98X2H7gLpQjA&utm_campaign=yelp_api_v3&utm_medium=api_v3_business_search&utm_source=BkJcGSdN3A98X2H7gLpQjA,mexican,Mexican,3.6,141,Yelp,2026-07-02
The Silver Fox,(858) 270-1343,"1833 Garnet Ave, San Diego, CA 92109",San Diego,CA,92109,https://www.yelp.com/biz/the-silver-fox-san-diego?adjust_creative=BkJcGSdN3A98X2H7gLpQjA&utm_campaign=yelp_api_v3&utm_medium=api_v3_business_search&utm_source=BkJcGSdN3A98X2H7gLpQjA,bar,"Dive Bars, Pool Halls",3.8,318,Yelp,2026-07-02
Casa Velasco Mexican Restaurant,(559) 683-2272,"54311 Rd 432, Bass Lake, CA 93604",Bass Lake,CA,93604,https://www.yelp.com/biz/casa-velasco-mexican-restaurant-bass-lake?adjust_creative=BkJcGSdN3A98X2H7gLpQjA&utm_campaign=yelp_api_v3&utm_medium=api_v3_business_search&utm_source=BkJcGSdN3A98X2H7gLpQjA,mexican,Mexican,4.4,301,Yelp,2026-07-02
Tollhouse Market And Grill,(559) 855-5213,"28524 Tollhouse Rd, Tollhouse, CA 93667",Tollhouse,CA,93667,https://www.yelp.com/biz/tollhouse-market-and-grill-tollhouse?adjust_creative=BkJcGSdN3A98X2H7gLpQjA&utm_campaign=yelp_api_v3&utm_medium=api_v3_business_search&utm_source=BkJcGSdN3A98X2H7gLpQjA,retail,"Burgers, Convenience Stores, Italian",4.6,93,Yelp,2026-07-02
Mammoth Rock Brasserie,(760) 934-4200,"3029 Chateau Rd, Mammoth Lakes, CA 93546",Mammoth Lakes,CA,93546,https://www.yelp.com/biz/mammoth-rock-brasserie-mammoth-lakes-2?adjust_creative=BkJcGSdN3A98X2H7gLpQjA&utm_campaign=yelp_api_v3&utm_medium=api_v3_business_search&utm_source=BkJcGSdN3A98X2H7gLpQjA,bar,"Brasseries, Bars, French",4.4,509,Yelp,2026-07-02
Azul Mexican Grill,(559) 733-2985,"1306 N Demaree St, Ste A, Visalia, CA 93291",Visalia,CA,93291,https://www.yelp.com/biz/azul-mexican-grill-visalia?adjust_creative=BkJcGSdN3A98X2H7gLpQjA&utm_campaign=yelp_api_v3&utm_medium=api_v3_business_search&utm_source=BkJcGSdN3A98X2H7gLpQjA,mexican,Mexican,3.5,225,Yelp,2026-07-02
Idle Hour Winery & Kitchen,(559) 760-9090,"41139 Hwy 41, Oakhurst, CA 93644",Oakhurst,CA,93644,https://www.yelp.com/biz/idle-hour-winery-and-kitchen-oakhurst?adjust_creative=BkJcGSdN3A98X2H7gLpQjA&utm_campaign=yelp_api_v3&utm_medium=api_v3_business_search&utm_source=BkJcGSdN3A98X2H7gLpQjA,mediterranean,"Wineries, New American, Mediterranean",4.6,164,Yelp,2026-07-02
The Annex Kitchen,(559) 248-8512,"2257 W Shaw Ave, Fresno, CA 93711",Fresno,CA,93711,https://www.yelp.com/biz/the-annex-kitchen-fresno-2?adjust_creative=BkJcGSdN3A98X2H7gLpQjA&utm_campaign=yelp_api_v3&utm_medium=api_v3_business_search&utm_source=BkJcGSdN3A98X2H7gLpQjA,pizza,"Pizza, Italian, Cocktail Bars",4.4,1799,Yelp,2026-07-02
Dunsmoor,(323) 686-6027,"3501 Eagle Rock Blvd, Los Angeles, CA 90065",Los Angeles,CA,90065,https://www.yelp.com/biz/dunsmoor-los-angeles?adjust_creative=BkJcGSdN3A98X2H7gLpQjA&utm_campaign=yelp_api_v3&utm_medium=api_v3_business_search&utm_source=BkJcGSdN3A98X2H7gLpQjA,bar,"American, Wine Bars, Beer Bar",4.3,595,Yelp,2026-07-02
Born Wild Wholefood & Espresso,+61747714045,"373-383 Flinders St, Townsville City Tasmania 4810, Australia",Townsville City,TAS,4810,https://www.yelp.com/biz/born-wild-wholefood-and-espresso-townsville-city?adjust_creative=BkJcGSdN3A98X2H7gLpQjA&utm_campaign=yelp_api_v3&utm_medium=api_v3_business_search&utm_source=BkJcGSdN3A98X2H7gLpQjA,cafe,Cafes,4.3,3,Yelp,2026-07-02
La Mediterranee,(415) 431-7210,"288 Noe St, San Francisco, CA 94114",San Francisco,CA,94114,https://www.yelp.com/biz/la-mediterranee-san-francisco-7?adjust_creative=BkJcGSdN3A98X2H7gLpQjA&utm_campaign=yelp_api_v3&utm_medium=api_v3_business_search&utm_source=BkJcGSdN3A98X2H7gLpQjA,mediterranean,"Mediterranean, Middle Eastern, Caterers",3.9,715,Yelp,2026-07-02
El Cubano Kitchen,(818) 445-0669,"Orange, CA 92866",Orange,CA,92866,https://www.yelp.com/biz/el-cubano-kitchen-orange-5?adjust_creative=BkJcGSdN3A98X2H7gLpQjA&utm_campaign=yelp_api_v3&utm_medium=api_v3_business_search&utm_source=BkJcGSdN3A98X2H7gLpQjA,food_truck,"Cuban, Food Trucks",4.6,77,Yelp,2026-07-02
Hemlock Restaurant & Bar,(559) 566-2323,"48800 Royal Oaks Dr, Oakhurst, CA 93644",Oakhurst,CA,93644,https://www.yelp.com/biz/hemlock-restaurant-and-bar-oakhurst?adjust_creative=BkJcGSdN3A98X2H7gLpQjA&utm_campaign=yelp_api_v3&utm_medium=api_v3_business_search&utm_source=BkJcGSdN3A98X2H7gLpQjA,bar,"Bars, New American",4.4,32,Yelp,2026-07-02
Hemlock Restaurant & Bar,(559) 566-2323,"48800 Royal Oaks Dr, Oakhurst, CA 93644",Oakhurst,CA,93644,https://www.yelp.com/biz/hemlock-restaurant-and-bar-oakhurst?adjust_creative=BkJcGSdN3A98X2H7gLpQjA&utm_campaign=yelp_api_v3&utm_medium=api_v3_business_search&utm_source=BkJcGSdN3A98X2H7gLpQjA,bar,"Bars, New American",4.4,32,Yelp,2026-07-02
Golden Crane Express,(213) 739-8728,"808 S Alvarado St, Ste A, Los Angeles, CA 90057",Los Angeles,CA,90057,https://www.yelp.com/biz/golden-crane-express-los-angeles-2?adjust_creative=BkJcGSdN3A98X2H7gLpQjA&utm_campaign=yelp_api_v3&utm_medium=api_v3_business_search&utm_source=BkJcGSdN3A98X2H7gLpQjA,chinese,"Chinese, Hawaiian",4.2,78,Yelp,2026-07-02
Little Nap Cafe,(619) 677-2117,"142 University Ave, Ste A, San Diego, CA 92103",San Diego,CA,92103,https://www.yelp.com/biz/little-nap-cafe-san-diego-2?adjust_creative=BkJcGSdN3A98X2H7gLpQjA&utm_campaign=yelp_api_v3&utm_medium=api_v3_business_search&utm_source=BkJcGSdN3A98X2H7gLpQjA,cafe,"Coffee & Tea, Bubble Tea, Sandwiches",4.1,420,Yelp,2026-07-02
Silver Lake Resort Cafe,(760) 648-7525,"6957 Hwy 158, June Lake, CA 93529",June Lake,CA,93529,https://www.yelp.com/biz/silver-lake-resort-cafe-june-lake?adjust_creative=BkJcGSdN3A98X2H7gLpQjA&utm_campaign=yelp_api_v3&utm_medium=api_v3_business_search&utm_source=BkJcGSdN3A98X2H7gLpQjA,cafe,"Cafes, American, Breakfast & Brunch",4.7,185,Yelp,2026-07-02
Shorthorn Bar and Grill,(559) 841-6464,"41790 Dorabella Rd, Shaver Lake, CA 93664",Shaver Lake,CA,93664,https://www.yelp.com/biz/shorthorn-bar-and-grill-shaver-lake?adjust_creative=BkJcGSdN3A98X2H7gLpQjA&utm_campaign=yelp_api_v3&utm_medium=api_v3_business_search&utm_source=BkJcGSdN3A98X2H7gLpQjA,bar,"Bars, Pool Halls, American",4.4,67,Yelp,2026-07-02
South Gate Brewing Company,(559) 692-2739,"40233 Enterprise Dr, Oakhurst, CA 93644",Oakhurst,CA,93644,https://www.yelp.com/biz/south-gate-brewing-company-oakhurst-4?adjust_creative=BkJcGSdN3A98X2H7gLpQjA&utm_campaign=yelp_api_v3&utm_medium=api_v3_business_search&utm_source=BkJcGSdN3A98X2H7gLpQjA,bar,"American, Brewpubs, Tapas/Small Plates",4.1,1836,Yelp,2026-07-02
El Sueño,(619) 510-9813,"2836 Juan St, San Diego, CA 92110",San Diego,CA,92110,https://www.yelp.com/biz/el-sue%C3%B1o-san-diego?adjust_creative=BkJcGSdN3A98X2H7gLpQjA&utm_campaign=yelp_api_v3&utm_medium=api_v3_business_search&utm_source=BkJcGSdN3A98X2H7gLpQjA,mexican,"Mexican, Lounges, Cocktail Bars",4.1,740,Yelp,2026-07-02
Andiamo Ristorante Italiano,(559) 298-3196,"1275 Shaw Ave, Ste 120, Clovis, CA 93612",Clovis,CA,93612,https://www.yelp.com/biz/andiamo-ristorante-italiano-clovis?adjust_creative=BkJcGSdN3A98X2H7gLpQjA&utm_campaign=yelp_api_v3&utm_medium=api_v3_business_search&utm_source=BkJcGSdN3A98X2H7gLpQjA,pizza,"Italian, Pizza",4.2,595,Yelp,2026-07-02
Red House Pizza,(619) 546-7430,"4615 Park Blvd, San Diego, CA 92116",San Diego,CA,92116,https://www.yelp.com/biz/red-house-pizza-san-diego-2?adjust_creative=BkJcGSdN3A98X2H7gLpQjA&utm_campaign=yelp_api_v3&utm_medium=api_v3_business_search&utm_source=BkJcGSdN3A98X2H7gLpQjA,pizza,"Pizza, Gluten-Free, Vegan",4.1,1015,Yelp,2026-07-02
Tuna House,(415) 928-9989,"2146 Irving St, San Francisco, CA 94122",San Francisco,CA,94122,https://www.yelp.com/biz/tuna-house-san-francisco?adjust_creative=BkJcGSdN3A98X2H7gLpQjA&utm_campaign=yelp_api_v3&utm_medium=api_v3_business_search&utm_source=BkJcGSdN3A98X2H7gLpQjA,japanese,Japanese,3.6,16,Yelp,2026-07-02
Mikara Cafe,(619) 592-5245,"10330 Friars Rd, San Diego, CA 92120",San Diego,CA,92120,https://www.yelp.com/biz/mikara-cafe-san-diego?adjust_creative=BkJcGSdN3A98X2H7gLpQjA&utm_campaign=yelp_api_v3&utm_medium=api_v3_business_search&utm_source=BkJcGSdN3A98X2H7gLpQjA,cafe,"Coffee & Tea, Cafes, Desserts",4.9,48,Yelp,2026-07-02
The Green Room,(818) 962-4446,"1250 E Harvard Rd, Burbank, CA 91501",Burbank,CA,91501,https://www.yelp.com/biz/the-green-room-burbank?adjust_creative=BkJcGSdN3A98X2H7gLpQjA&utm_campaign=yelp_api_v3&utm_medium=api_v3_business_search&utm_source=BkJcGSdN3A98X2H7gLpQjA,bar,"Cocktail Bars, Lounges, Venues & Event Spaces",4.6,681,Yelp,2026-07-02
Taphouse,+61747722301,"City Lane, 373 Flinders St, Townsville Queensland 4810, Australia",Townsville,QLD,4810,https://www.yelp.com/biz/taphouse-townsville?adjust_creative=BkJcGSdN3A98X2H7gLpQjA&utm_campaign=yelp_api_v3&utm_medium=api_v3_business_search&utm_source=BkJcGSdN3A98X2H7gLpQjA,bar,Beer Bar,5.0,6,Yelp,2026-07-02
The Bistro,(310) 410-4000,"5711 W Century Blvd, Los Angeles, CA 90045",Los Angeles,CA,90045,https://www.yelp.com/biz/the-bistro-los-angeles-2?adjust_creative=BkJcGSdN3A98X2H7gLpQjA&utm_campaign=yelp_api_v3&utm_medium=api_v3_business_search&utm_source=BkJcGSdN3A98X2H7gLpQjA,pizza,"Coffee & Tea, Pizza, Sandwiches",3.6,14,Yelp,2026-07-02
Hot Shot Coffee Shack,(559) 877-6300,"33013 Rd 222, North Fork, CA 93643",North Fork,CA,93643,https://www.yelp.com/biz/hot-shot-coffee-shack-north-fork-2?adjust_creative=BkJcGSdN3A98X2H7gLpQjA&utm_campaign=yelp_api_v3&utm_medium=api_v3_business_search&utm_source=BkJcGSdN3A98X2H7gLpQjA,cafe,"Cafes, Breakfast & Brunch",4.6,40,Yelp,2026-07-02
Mammoth Rock Brasserie,(760) 934-4200,"3029 Chateau Rd, Mammoth Lakes, CA 93546",Mammoth Lakes,CA,93546,https://www.yelp.com/biz/mammoth-rock-brasserie-mammoth-lakes-2?adjust_creative=BkJcGSdN3A98X2H7gLpQjA&utm_campaign=yelp_api_v3&utm_medium=api_v3_business_search&utm_source=BkJcGSdN3A98X2H7gLpQjA,bar,"Brasseries, Bars, French",4.4,509,Yelp,2026-07-02
Blue House Café,(415) 619-4858,"302 Randolph St, San Francisco, CA 94132",San Francisco,CA,94132,https://www.yelp.com/biz/blue-house-caf%C3%A9-san-francisco?adjust_creative=BkJcGSdN3A98X2H7gLpQjA&utm_campaign=yelp_api_v3&utm_medium=api_v3_business_search&utm_source=BkJcGSdN3A98X2H7gLpQjA,cafe,"Coffee & Tea, Cafes",4.5,161,Yelp,2026-07-02
Hot Shot Coffee Shack,(559) 877-6300,"33013 Rd 222, North Fork, CA 93643",North Fork,CA,93643,https://www.yelp.com/biz/hot-shot-coffee-shack-north-fork-2?adjust_creative=BkJcGSdN3A98X2H7gLpQjA&utm_campaign=yelp_api_v3&utm_medium=api_v3_business_search&utm_source=BkJcGSdN3A98X2H7gLpQjA,cafe,"Cafes, Breakfast & Brunch",4.6,40,Yelp,2026-07-02
Sisterita,(415) 649-1919,"669 Commercial St, San Francisco, CA 94111",San Francisco,CA,94111,https://www.yelp.com/biz/sisterita-san-francisco?adjust_creative=BkJcGSdN3A98X2H7gLpQjA&utm_campaign=yelp_api_v3&utm_medium=api_v3_business_search&utm_source=BkJcGSdN3A98X2H7gLpQjA,thai,"Breakfast & Brunch, New American, Thai",4.5,1068,Yelp,2026-07-02
Pie House,+61747243926,"221 Flinders St, Townsville Queensland 4810, Australia",Townsville,QLD,4810,https://www.yelp.com/biz/pie-house-townsville?adjust_creative=BkJcGSdN3A98X2H7gLpQjA&utm_campaign=yelp_api_v3&utm_medium=api_v3_business_search&utm_source=BkJcGSdN3A98X2H7gLpQjA,cafe,"Cafes, Fast Food",5.0,1,Yelp,2026-07-02
Raised By Wolves,(619) 629-0243,"4301 La Jolla Village Dr, Ste 2030, San Diego, CA 92122",San Diego,CA,92122,https://www.yelp.com/biz/raised-by-wolves-san-diego?adjust_creative=BkJcGSdN3A98X2H7gLpQjA&utm_campaign=yelp_api_v3&utm_medium=api_v3_business_search&utm_source=BkJcGSdN3A98X2H7gLpQjA,bar,Cocktail Bars,4.4,2257,Yelp,2026-07-02
Frolic Room,(323) 462-5890,"6245 Hollywood Blvd, Los Angeles, CA 90028",Los Angeles,CA,90028,https://www.yelp.com/biz/frolic-room-los-angeles?adjust_creative=BkJcGSdN3A98X2H7gLpQjA&utm_campaign=yelp_api_v3&utm_medium=api_v3_business_search&utm_source=BkJcGSdN3A98X2H7gLpQjA,bar,Dive Bars,4.2,573,Yelp,2026-07-02
El Basha,(559) 222-3322,"5048 N Blackstone Ave, Ste 108, Fresno, CA 93710",Fresno,CA,93710,https://www.yelp.com/biz/el-basha-fresno-2?adjust_creative=BkJcGSdN3A98X2H7gLpQjA&utm_campaign=yelp_api_v3&utm_medium=api_v3_business_search&utm_source=BkJcGSdN3A98X2H7gLpQjA,bar,"Hookah Bars, Mediterranean, Sports Bars",3.3,73,Yelp,2026-07-02
The Valley Tavern,(415) 285-0674,"4054 24th St, San Francisco, CA 94114",San Francisco,CA,94114,https://www.yelp.com/biz/the-valley-tavern-san-francisco?adjust_creative=BkJcGSdN3A98X2H7gLpQjA&utm_campaign=yelp_api_v3&utm_medium=api_v3_business_search&utm_source=BkJcGSdN3A98X2H7gLpQjA,bar,"Pubs, Sports Bars",4.0,336,Yelp,2026-07-02
La Clochette,(619) 230-5077,"7995 Civita Blvd, Ste 11, San Diego, CA 92108",San Diego,CA,92108,https://www.yelp.com/biz/la-clochette-san-diego-2?adjust_creative=BkJcGSdN3A98X2H7gLpQjA&utm_campaign=yelp_api_v3&utm_medium=api_v3_business_search&utm_source=BkJcGSdN3A98X2H7gLpQjA,cafe,"Bakeries, Coffee & Tea, Breakfast & Brunch",4.0,68,Yelp,2026-07-02
Blue Heron Restaurant & Yosemite Grill,(559) 517-3467,"30250 Yosemite Springs Pkwy, Coarsegold, CA 93614",Coarsegold,CA,93614,https://www.yelp.com/biz/blue-heron-restaurant-and-yosemite-grill-coarsegold?adjust_creative=BkJcGSdN3A98X2H7gLpQjA&utm_campaign=yelp_api_v3&utm_medium=api_v3_business_search&utm_source=BkJcGSdN3A98X2H7gLpQjA,bar,"American, Bars, Venues & Event Spaces",4.3,124,Yelp,2026-07-02
Flynns Irish Bar & Bistro,+61747211655,"101 Flinders St, Townsville Queensland 4810, Australia",Townsville,QLD,4810,https://www.yelp.com/biz/flynns-irish-bar-and-bistro-townsville?adjust_creative=BkJcGSdN3A98X2H7gLpQjA&utm_campaign=yelp_api_v3&utm_medium=api_v3_business_search&utm_source=BkJcGSdN3A98X2H7gLpQjA,bar,"Dance Clubs, Bars, Restaurants",,,Yelp,2026-07-02
Sandy's Country Junction,(559) 298-1951,"532 Clovis Ave, Clovis, CA 93612",Clovis,CA,93612,https://www.yelp.com/biz/sandys-country-junction-clovis?adjust_creative=BkJcGSdN3A98X2H7gLpQjA&utm_campaign=yelp_api_v3&utm_medium=api_v3_business_search&utm_source=BkJcGSdN3A98X2H7gLpQjA,mexican,"Coffee & Tea, Desserts, Mexican",4.0,589,Yelp,2026-07-02
Mammoth Rock Brasserie,(760) 934-4200,"3029 Chateau Rd, Mammoth Lakes, CA 93546",Mammoth Lakes,CA,93546,https://www.yelp.com/biz/mammoth-rock-brasserie-mammoth-lakes-2?adjust_creative=BkJcGSdN3A98X2H7gLpQjA&utm_campaign=yelp_api_v3&utm_medium=api_v3_business_search&utm_source=BkJcGSdN3A98X2H7gLpQjA,bar,"Brasseries, Bars, French",4.4,509,Yelp,2026-07-02
Red Apple Cafe,(559) 261-1505,"488 W Herndon Ave, Fresno, CA 93650",Fresno,CA,93650,https://www.yelp.com/biz/red-apple-cafe-fresno?adjust_creative=BkJcGSdN3A98X2H7gLpQjA&utm_campaign=yelp_api_v3&utm_medium=api_v3_business_search&utm_source=BkJcGSdN3A98X2H7gLpQjA,cafe,"Breakfast & Brunch, Cafes, Sandwiches",4.4,1499,Yelp,2026-07-02
Big Finish Wine Tavern,(628) 867-4584,"3141 16th St, San Francisco, CA 94103",San Francisco,CA,94103,https://www.yelp.com/biz/big-finish-wine-tavern-san-francisco-2?adjust_creative=BkJcGSdN3A98X2H7gLpQjA&utm_campaign=yelp_api_v3&utm_medium=api_v3_business_search&utm_source=BkJcGSdN3A98X2H7gLpQjA,bakery,"Wine Bars, New American, Desserts",4.7,62,Yelp,2026-07-02
La Bamba Byo Restaurant,+61747716322,"3 Palmer St, South Townsville Queensland 4810, Australia",South Townsville,QLD,4810,https://www.yelp.com/biz/la-bamba-byo-restaurant-south-townsville?adjust_creative=BkJcGSdN3A98X2H7gLpQjA&utm_campaign=yelp_api_v3&utm_medium=api_v3_business_search&utm_source=BkJcGSdN3A98X2H7gLpQjA,cafe,"Coffee & Tea, Restaurants, Wine Bars",,,Yelp,2026-07-02
Golden Dragon,(509) 925-2272,"1302 S Ruby St, Ellensburg, WA 98926",Ellensburg,WA,98926,https://www.yelp.com/biz/golden-dragon-ellensburg?adjust_creative=BkJcGSdN3A98X2H7gLpQjA&utm_campaign=yelp_api_v3&utm_medium=api_v3_business_search&utm_source=BkJcGSdN3A98X2H7gLpQjA,chinese,Chinese,3.3,94,Yelp,2026-07-02
A Golden House,(626) 286-5288,"9608 Las Tunas Dr, Temple City, CA 91780",Temple City,CA,91780,https://www.yelp.com/biz/a-golden-house-temple-city?adjust_creative=BkJcGSdN3A98X2H7gLpQjA&utm_campaign=yelp_api_v3&utm_medium=api_v3_business_search&utm_source=BkJcGSdN3A98X2H7gLpQjA,chinese,Chinese,3.0,109,Yelp,2026-07-02
The Tavern at Firefall Ranch,(209) 379-6820,"24025 CA-120, Groveland, CA 95321",Groveland,CA,95321,https://www.yelp.com/biz/the-tavern-at-firefall-ranch-groveland?adjust_creative=BkJcGSdN3A98X2H7gLpQjA&utm_campaign=yelp_api_v3&utm_medium=api_v3_business_search&utm_source=BkJcGSdN3A98X2H7gLpQjA,bar,"Cocktail Bars, Breakfast & Brunch, American",4.4,19,Yelp,2026-07-02
The Godfather Diner,(619) 439-3896,"7914 Broadway, Lemon Grove, CA 91945",Lemon Grove,CA,91945,https://www.yelp.com/biz/the-godfather-diner-lemon-grove?adjust_creative=BkJcGSdN3A98X2H7gLpQjA&utm_campaign=yelp_api_v3&utm_medium=api_v3_business_search&utm_source=BkJcGSdN3A98X2H7gLpQjA,mexican,"Diners, Mexican",4.9,94,Yelp,2026-07-02
Dunsmoor,(323) 686-6027,"3501 Eagle Rock Blvd, Los Angeles, CA 90065",Los Angeles,CA,90065,https://www.yelp.com/biz/dunsmoor-los-angeles?adjust_creative=BkJcGSdN3A98X2H7gLpQjA&utm_campaign=yelp_api_v3&utm_medium=api_v3_business_search&utm_source=BkJcGSdN3A98X2H7gLpQjA,bar,"American, Wine Bars, Beer Bar",4.3,595,Yelp,2026-07-02
Mike's Taqueria,(817) 459-2648,"1112 N Collins St, Ste A, Arlington, TX 76011",Arlington,TX,76011,https://www.yelp.com/biz/mikes-taqueria-arlington?adjust_creative=BkJcGSdN3A98X2H7gLpQjA&utm_campaign=yelp_api_v3&utm_medium=api_v3_business_search&utm_source=BkJcGSdN3A98X2H7gLpQjA,mexican,"New American, Mexican",3.0,39,Yelp,2026-07-02
Big Finish Wine Tavern,(628) 867-4584,"3141 16th St, San Francisco, CA 94103",San Francisco,CA,94103,https://www.yelp.com/biz/big-finish-wine-tavern-san-francisco-2?adjust_creative=BkJcGSdN3A98X2H7gLpQjA&utm_campaign=yelp_api_v3&utm_medium=api_v3_business_search&utm_source=BkJcGSdN3A98X2H7gLpQjA,bakery,"Wine Bars, New American, Desserts",4.7,62,Yelp,2026-07-02
Gourmet Palace China Bistro,(818) 763-0083,"12910 W Magnolia Blvd, Ste E, Los Angeles, CA 91423",Los Angeles,CA,91423,https://www.yelp.com/biz/gourmet-palace-china-bistro-los-angeles?adjust_creative=BkJcGSdN3A98X2H7gLpQjA&utm_campaign=yelp_api_v3&utm_medium=api_v3_business_search&utm_source=BkJcGSdN3A98X2H7gLpQjA,chinese,"Chinese, Noodles, Soup",4.3,695,Yelp,2026-07-02
Blue Heron Restaurant & Yosemite Grill,(559) 517-3467,"30250 Yosemite Springs Pkwy, Coarsegold, CA 93614",Coarsegold,CA,93614,https://www.yelp.com/biz/blue-heron-restaurant-and-yosemite-grill-coarsegold?adjust_creative=BkJcGSdN3A98X2H7gLpQjA&utm_campaign=yelp_api_v3&utm_medium=api_v3_business_search&utm_source=BkJcGSdN3A98X2H7gLpQjA,bar,"American, Bars, Venues & Event Spaces",4.3,124,Yelp,2026-07-02
The Elderberry House,(559) 683-6800,"48688 Victoria Ln, Oakhurst, CA 93644",Oakhurst,CA,93644,https://www.yelp.com/biz/the-elderberry-house-oakhurst-2?adjust_creative=BkJcGSdN3A98X2H7gLpQjA&utm_campaign=yelp_api_v3&utm_medium=api_v3_business_search&utm_source=BkJcGSdN3A98X2H7gLpQjA,bar,"French, Cocktail Bars, New American",4.5,343,Yelp,2026-07-02
The Incredible Cheesecake Company,(619) 563-9722,"3161 Adams Ave, San Diego, CA 92116",San Diego,CA,92116,https://www.yelp.com/biz/the-incredible-cheesecake-company-san-diego?adjust_creative=BkJcGSdN3A98X2H7gLpQjA&utm_campaign=yelp_api_v3&utm_medium=api_v3_business_search&utm_source=BkJcGSdN3A98X2H7gLpQjA,cafe,"Desserts, Coffee & Tea, Cupcakes",4.3,467,Yelp,2026-07-02
Mammoth Rock Brasserie,(760) 934-4200,"3029 Chateau Rd, Mammoth Lakes, CA 93546",Mammoth Lakes,CA,93546,https://www.yelp.com/biz/mammoth-rock-brasserie-mammoth-lakes-2?adjust_creative=BkJcGSdN3A98X2H7gLpQjA&utm_campaign=yelp_api_v3&utm_medium=api_v3_business_search&utm_source=BkJcGSdN3A98X2H7gLpQjA,bar,"Brasseries, Bars, French",4.4,509,Yelp,2026-07-02
L&L Hawaiian Barbecue,(559) 277-9888,"3314 W Shaw Ave, Ste 10, Fresno, CA 93711",Fresno,CA,93711,https://www.yelp.com/biz/l-and-l-hawaiian-barbecue-fresno?adjust_creative=BkJcGSdN3A98X2H7gLpQjA&utm_campaign=yelp_api_v3&utm_medium=api_v3_business_search&utm_source=BkJcGSdN3A98X2H7gLpQjA,bar,"Hawaiian, Barbeque",3.3,344,Yelp,2026-07-02
SOBAR,(310) 439-1029,"12404 W Washington Blvd, Los Angeles, CA 90066",Los Angeles,CA,90066,https://www.yelp.com/biz/sobar-los-angeles?adjust_creative=BkJcGSdN3A98X2H7gLpQjA&utm_campaign=yelp_api_v3&utm_medium=api_v3_business_search&utm_source=BkJcGSdN3A98X2H7gLpQjA,japanese,"Japanese, Noodles, Bars",4.1,194,Yelp,2026-07-02
Little Caesars,(559) 326-7580,"1195 Herndon Ave, Ste 105, Clovis, CA 93612",Clovis,CA,93612,https://www.yelp.com/biz/little-caesars-clovis-4?adjust_creative=BkJcGSdN3A98X2H7gLpQjA&utm_campaign=yelp_api_v3&utm_medium=api_v3_business_search&utm_source=BkJcGSdN3A98X2H7gLpQjA,pizza,"Pizza, Chicken Wings",3.5,29,Yelp,2026-07-02
Gravity Heights - Mission Valley,(619) 539-7833,"525 Camino De La Reina, San Diego, CA 92108",San Diego,CA,92108,https://www.yelp.com/biz/gravity-heights-mission-valley-san-diego?adjust_creative=BkJcGSdN3A98X2H7gLpQjA&utm_campaign=yelp_api_v3&utm_medium=api_v3_business_search&utm_source=BkJcGSdN3A98X2H7gLpQjA,bar,"Breakfast & Brunch, American, Brewpubs",4.5,523,Yelp,2026-07-02
Simply Tops Seafood Bar,+61747723028,"9 Palmer St,, Shop 2, South Townsville Queensland 4810, Australia",South Townsville,QLD,4810,https://www.yelp.com/biz/simply-tops-seafood-bar-south-townsville-2?adjust_creative=BkJcGSdN3A98X2H7gLpQjA&utm_campaign=yelp_api_v3&utm_medium=api_v3_business_search&utm_source=BkJcGSdN3A98X2H7gLpQjA,bar,"Bars, Seafood",4.1,8,Yelp,2026-07-02
Idle Hour Winery & Kitchen,(559) 760-9090,"41139 Hwy 41, Oakhurst, CA 93644",Oakhurst,CA,93644,https://www.yelp.com/biz/idle-hour-winery-and-kitchen-oakhurst?adjust_creative=BkJcGSdN3A98X2H7gLpQjA&utm_campaign=yelp_api_v3&utm_medium=api_v3_business_search&utm_source=BkJcGSdN3A98X2H7gLpQjA,mediterranean,"Wineries, New American, Mediterranean",4.6,164,Yelp,2026-07-02
Plazuelas Mexican Restaurant & Taqueria,(559) 658-7771,"40015 Hwy 49, Ste 203 & 204, Oakhurst, CA 93644",Oakhurst,CA,93644,https://www.yelp.com/biz/plazuelas-mexican-restaurant-and-taqueria-oakhurst?adjust_creative=BkJcGSdN3A98X2H7gLpQjA&utm_campaign=yelp_api_v3&utm_medium=api_v3_business_search&utm_source=BkJcGSdN3A98X2H7gLpQjA,mexican,Mexican,4.3,921,Yelp,2026-07-02
The Valley Tavern,(415) 285-0674,"4054 24th St, San Francisco, CA 94114",San Francisco,CA,94114,https://www.yelp.com/biz/the-valley-tavern-san-francisco?adjust_creative=BkJcGSdN3A98X2H7gLpQjA&utm_campaign=yelp_api_v3&utm_medium=api_v3_business_search&utm_source=BkJcGSdN3A98X2H7gLpQjA,bar,"Pubs, Sports Bars",4.0,336,Yelp,2026-07-02
Mammoth Rock Brasserie,(760) 934-4200,"3029 Chateau Rd, Mammoth Lakes, CA 93546",Mammoth Lakes,CA,93546,https://www.yelp.com/biz/mammoth-rock-brasserie-mammoth-lakes-2?adjust_creative=BkJcGSdN3A98X2H7gLpQjA&utm_campaign=yelp_api_v3&utm_medium=api_v3_business_search&utm_source=BkJcGSdN3A98X2H7gLpQjA,bar,"Brasseries, Bars, French",4.4,509,Yelp,2026-07-02
Idle Hour Winery & Kitchen,(559) 760-9090,"41139 Hwy 41, Oakhurst, CA 93644",Oakhurst,CA,93644,https://www.yelp.com/biz/idle-hour-winery-and-kitchen-oakhurst?adjust_creative=BkJcGSdN3A98X2H7gLpQjA&utm_campaign=yelp_api_v3&utm_medium=api_v3_business_search&utm_source=BkJcGSdN3A98X2H7gLpQjA,mediterranean,"Wineries, New American, Mediterranean",4.6,164,Yelp,2026-07-02
Wonderland Chinese,(760) 872-1144,"930 N Main St, Bishop, CA 93514",Bishop,CA,93514,https://www.yelp.com/biz/wonderland-chinese-bishop?adjust_creative=BkJcGSdN3A98X2H7gLpQjA&utm_campaign=yelp_api_v3&utm_medium=api_v3_business_search&utm_source=BkJcGSdN3A98X2H7gLpQjA,chinese,"Chinese, Noodles, Seafood",4.6,77,Yelp,2026-07-02
Little Heaven,(415) 824-1293,"2348 Mission St, San Francisco, CA 94110",San Francisco,CA,94110,https://www.yelp.com/biz/little-heaven-san-francisco?adjust_creative=BkJcGSdN3A98X2H7gLpQjA&utm_campaign=yelp_api_v3&utm_medium=api_v3_business_search&utm_source=BkJcGSdN3A98X2H7gLpQjA,cafe,"Creperies, Bubble Tea, Juice Bars & Smoothies",4.7,243,Yelp,2026-07-02
El Asadero Taco Shop,(209) 385-3880,"3532 G St, Merced, CA 95340",Merced,CA,95340,https://www.yelp.com/biz/el-asadero-taco-shop-merced?adjust_creative=BkJcGSdN3A98X2H7gLpQjA&utm_campaign=yelp_api_v3&utm_medium=api_v3_business_search&utm_source=BkJcGSdN3A98X2H7gLpQjA,mexican,Mexican,3.9,373,Yelp,2026-07-02
La Elotería,+526642002950,"Calzada Ermita Nte 27, Col. Santa Cruz, 22105 Tijuana, Baja California, Mexico",Tijuana,BCN,22105,https://www.yelp.com/biz/la-eloter%C3%ADa-tijuana-2?adjust_creative=BkJcGSdN3A98X2H7gLpQjA&utm_campaign=yelp_api_v3&utm_medium=api_v3_business_search&utm_source=BkJcGSdN3A98X2H7gLpQjA,mexican,"Mexican, Diners",4.0,30,Yelp,2026-07-02
Little Vietnam Cafe,(415) 876-0283,"309 6th Ave, San Francisco, CA 94118",San Francisco,CA,94118,https://www.yelp.com/biz/little-vietnam-cafe-san-francisco?adjust_creative=BkJcGSdN3A98X2H7gLpQjA&utm_campaign=yelp_api_v3&utm_medium=api_v3_business_search&utm_source=BkJcGSdN3A98X2H7gLpQjA,vietnamese,"Vietnamese, Sandwiches, Vegetarian",3.9,606,Yelp,2026-07-02
La Parilla Grill and Tacos,(760) 209-3478,"117 S Crawford Ave, June Lake, CA 93529",June Lake,CA,93529,https://www.yelp.com/biz/la-parilla-grill-and-tacos-june-lake?adjust_creative=BkJcGSdN3A98X2H7gLpQjA&utm_campaign=yelp_api_v3&utm_medium=api_v3_business_search&utm_source=BkJcGSdN3A98X2H7gLpQjA,mexican,"Mexican, Food Trucks, Burgers",4.3,54,Yelp,2026-07-02
Idle Hour Winery & Kitchen,(559) 760-9090,"41139 Hwy 41, Oakhurst, CA 93644",Oakhurst,CA,93644,https://www.yelp.com/biz/idle-hour-winery-and-kitchen-oakhurst?adjust_creative=BkJcGSdN3A98X2H7gLpQjA&utm_campaign=yelp_api_v3&utm_medium=api_v3_business_search&utm_source=BkJcGSdN3A98X2H7gLpQjA,mediterranean,"Wineries, New American, Mediterranean",4.6,164,Yelp,2026-07-02
El Perejil Mexican Grill,(408) 310-5413,"1196 W Olive Ave, Merced, CA 95348",Merced,CA,95348,https://www.yelp.com/biz/el-perejil-mexican-grill-no-title?adjust_creative=BkJcGSdN3A98X2H7gLpQjA&utm_campaign=yelp_api_v3&utm_medium=api_v3_business_search&utm_source=BkJcGSdN3A98X2H7gLpQjA,mexican,"Food Trucks, Mexican, Caterers",4.0,6,Yelp,2026-07-02
Blue Ribbon Sushi Bar & Grill - The Grove,(323) 352-9300,"189 The Grove Dr, Los Angeles, CA 90036",Los Angeles,CA,90036,https://www.yelp.com/biz/blue-ribbon-sushi-bar-and-grill-the-grove-los-angeles?adjust_creative=BkJcGSdN3A98X2H7gLpQjA&utm_campaign=yelp_api_v3&utm_medium=api_v3_business_search&utm_source=BkJcGSdN3A98X2H7gLpQjA,japanese,"Sushi Bars, Japanese, Cocktail Bars",3.7,758,Yelp,2026-07-02
Little Leaf Bar,(559) 261-2699,"6011 N Palm, Fresno, CA 93704",Fresno,CA,93704,https://www.yelp.com/biz/little-leaf-bar-fresno-2?adjust_creative=BkJcGSdN3A98X2H7gLpQjA&utm_campaign=yelp_api_v3&utm_medium=api_v3_business_search&utm_source=BkJcGSdN3A98X2H7gLpQjA,bar,"Lounges, Asian Fusion",4.3,79,Yelp,2026-07-02
insideOUT,(619) 888-8623,"1642 University Ave, Ste 100, San Diego, CA 92103",San Diego,CA,92103,https://www.yelp.com/biz/insideout-san-diego-2?adjust_creative=BkJcGSdN3A98X2H7gLpQjA&utm_campaign=yelp_api_v3&utm_medium=api_v3_business_search&utm_source=BkJcGSdN3A98X2H7gLpQjA,bar,"Lounges, Cocktail Bars, Mediterranean",4.4,1397,Yelp,2026-07-02
Tom's Tavern,+61747729777,"186 Nathan St, Aitkenvale Queensland 4814, Australia",Aitkenvale,QLD,4814,https://www.yelp.com/biz/toms-tavern-aitkenvale?adjust_creative=BkJcGSdN3A98X2H7gLpQjA&utm_campaign=yelp_api_v3&utm_medium=api_v3_business_search&utm_source=BkJcGSdN3A98X2H7gLpQjA,bar,Pubs,4.5,2,Yelp,2026-07-02
Big Finish Wine Tavern,(628) 867-4584,"3141 16th St, San Francisco, CA 94103",San Francisco,CA,94103,https://www.yelp.com/biz/big-finish-wine-tavern-san-francisco-2?adjust_creative=BkJcGSdN3A98X2H7gLpQjA&utm_campaign=yelp_api_v3&utm_medium=api_v3_business_search&utm_source=BkJcGSdN3A98X2H7gLpQjA,bakery,"Wine Bars, New American, Desserts",4.7,62,Yelp,2026-07-02
Blue Bottle Cafe Gallery,+61747712121,"58 The Strand, Shop 2, North Ward Queensland 4810, Australia",North Ward,QLD,4810,https://www.yelp.com/biz/blue-bottle-cafe-gallery-north-ward?adjust_creative=BkJcGSdN3A98X2H7gLpQjA&utm_campaign=yelp_api_v3&utm_medium=api_v3_business_search&utm_source=BkJcGSdN3A98X2H7gLpQjA,cafe,"Coffee & Tea, Restaurants",,,Yelp,2026-07-02
Axis Coffee Bar & Eatery,(559) 822-3380,"4150 Town Center Blvd, Ste 102, Madera, CA 93636",Madera,CA,93636,https://www.yelp.com/biz/axis-coffee-bar-and-eatery-madera?adjust_creative=BkJcGSdN3A98X2H7gLpQjA&utm_campaign=yelp_api_v3&utm_medium=api_v3_business_search&utm_source=BkJcGSdN3A98X2H7gLpQjA,cafe,"Coffee & Tea, Breakfast & Brunch, Beer Bar",4.1,131,Yelp,2026-07-02
Blue Bottle Cafe Gallery,+61747712121,"58 The Strand, Shop 2, North Ward Queensland 4810, Australia",North Ward,QLD,4810,https://www.yelp.com/biz/blue-bottle-cafe-gallery-north-ward?adjust_creative=BkJcGSdN3A98X2H7gLpQjA&utm_campaign=yelp_api_v3&utm_medium=api_v3_business_search&utm_source=BkJcGSdN3A98X2H7gLpQjA,cafe,"Coffee & Tea, Restaurants",,,Yelp,2026-07-02
Wonderland Chinese,(760) 872-1144,"930 N Main St, Bishop, CA 93514",Bishop,CA,93514,https://www.yelp.com/biz/wonderland-chinese-bishop?adjust_creative=BkJcGSdN3A98X2H7gLpQjA&utm_campaign=yelp_api_v3&utm_medium=api_v3_business_search&utm_source=BkJcGSdN3A98X2H7gLpQjA,chinese,"Chinese, Noodles, Seafood",4.6,77,Yelp,2026-07-02
The EATery,(760) 709-0531,"18 Lake Mary Rd, Mammoth Lakes, CA 93546",Mammoth Lakes,CA,93546,https://www.yelp.com/biz/the-eatery-mammoth-lakes-2?adjust_creative=BkJcGSdN3A98X2H7gLpQjA&utm_campaign=yelp_api_v3&utm_medium=api_v3_business_search&utm_source=BkJcGSdN3A98X2H7gLpQjA,bar,"Gastropubs, New American",3.8,360,Yelp,2026-07-02
Anju House,(213) 315-5153,"234 S Oxford Ave, Los Angeles, CA 90004",Los Angeles,CA,90004,https://www.yelp.com/biz/anju-house-los-angeles-2?adjust_creative=BkJcGSdN3A98X2H7gLpQjA&utm_campaign=yelp_api_v3&utm_medium=api_v3_business_search&utm_source=BkJcGSdN3A98X2H7gLpQjA,korean,"Korean, Bars, Tapas/Small Plates",4.4,687,Yelp,2026-07-02
La Maison Smith,(418) 529-0096,"201 3e Avenue, Quebec, QC G1S 1S7, Canada",Quebec,QC,G1S 1S7,https://www.yelp.com/biz/la-maison-smith-quebec-6?adjust_creative=BkJcGSdN3A98X2H7gLpQjA&utm_campaign=yelp_api_v3&utm_medium=api_v3_business_search&utm_source=BkJcGSdN3A98X2H7gLpQjA,cafe,Cafes,4.0,1,Yelp,2026-07-02
Curry House Indian Bistro & Bar,(559) 432-2700,"7735 N Blackstone Ave, Ste 105, Fresno, CA 93720",Fresno,CA,93720,https://www.yelp.com/biz/curry-house-indian-bistro-and-bar-fresno?adjust_creative=BkJcGSdN3A98X2H7gLpQjA&utm_campaign=yelp_api_v3&utm_medium=api_v3_business_search&utm_source=BkJcGSdN3A98X2H7gLpQjA,indian,"Indian, Bars",3.3,254,Yelp,2026-07-02
Plazuelas Mexican Restaurant & Taqueria,(559) 658-7771,"40015 Hwy 49, Ste 203 & 204, Oakhurst, CA 93644",Oakhurst,CA,93644,https://www.yelp.com/biz/plazuelas-mexican-restaurant-and-taqueria-oakhurst?adjust_creative=BkJcGSdN3A98X2H7gLpQjA&utm_campaign=yelp_api_v3&utm_medium=api_v3_business_search&utm_source=BkJcGSdN3A98X2H7gLpQjA,mexican,Mexican,4.3,921,Yelp,2026-07-02
Oakhurst Grill and Whiskey 41 Lounge,(559) 641-2477,"40530 Hwy 41, Oakhurst, CA 93644",Oakhurst,CA,93644,https://www.yelp.com/biz/oakhurst-grill-and-whiskey-41-lounge-oakhurst?adjust_creative=BkJcGSdN3A98X2H7gLpQjA&utm_campaign=yelp_api_v3&utm_medium=api_v3_business_search&utm_source=BkJcGSdN3A98X2H7gLpQjA,bar,"New American, Lounges",4.1,532,Yelp,2026-07-02
Jam Corner,+61747214900,"1 Palmer St, South Townsville Queensland 4810, Australia",South Townsville,QLD,4810,https://www.yelp.com/biz/jam-corner-south-townsville-2?adjust_creative=BkJcGSdN3A98X2H7gLpQjA&utm_campaign=yelp_api_v3&utm_medium=api_v3_business_search&utm_source=BkJcGSdN3A98X2H7gLpQjA,cafe,"Breakfast & Brunch, Coffee & Tea, Venues & Event Spaces",4.1,15,Yelp,2026-07-02
Blind Butcher,(415) 529-2478,"4058 18th St, San Francisco, CA 94114",San Francisco,CA,94114,https://www.yelp.com/biz/blind-butcher-san-francisco-2?adjust_creative=BkJcGSdN3A98X2H7gLpQjA&utm_campaign=yelp_api_v3&utm_medium=api_v3_business_search&utm_source=BkJcGSdN3A98X2H7gLpQjA,bar,"New American, Wine Bars",4.0,594,Yelp,2026-07-02
7-Eleven,(559) 939-7888,"105 N Clovis Ave, Fresno, CA 93727",Fresno,CA,93727,https://www.yelp.com/biz/7-eleven-fresno-34?adjust_creative=BkJcGSdN3A98X2H7gLpQjA&utm_campaign=yelp_api_v3&utm_medium=api_v3_business_search&utm_source=BkJcGSdN3A98X2H7gLpQjA,cafe,"Convenience Stores, Coffee & Tea, Gas Stations",5.0,1,Yelp,2026-07-02
Latin Market,(760) 934-7120,"1566 Tavern Rd, Mammoth Lakes, CA 93546",Mammoth Lakes,CA,93546,https://www.yelp.com/biz/latin-market-mammoth-lakes-2?adjust_creative=BkJcGSdN3A98X2H7gLpQjA&utm_campaign=yelp_api_v3&utm_medium=api_v3_business_search&utm_source=BkJcGSdN3A98X2H7gLpQjA,mexican,"Mexican, Grocery",4.5,489,Yelp,2026-07-02
Arsenios Mexican Food,(559) 560-7488,"37275 Ave 12, Unit A, Madera, CA 93636",Madera,CA,93636,https://www.yelp.com/biz/arsenios-mexican-food-madera?adjust_creative=BkJcGSdN3A98X2H7gLpQjA&utm_campaign=yelp_api_v3&utm_medium=api_v3_business_search&utm_source=BkJcGSdN3A98X2H7gLpQjA,mexican,Mexican,4.6,18,Yelp,2026-07-02
Federal Tavern Townsville,+61747727449,"Cnr Dean & McIlwraith StsSouth, Townsville Queensland 4810, Australia",Townsville,QLD,4810,https://www.yelp.com/biz/federal-tavern-townsville-townsville?adjust_creative=BkJcGSdN3A98X2H7gLpQjA&utm_campaign=yelp_api_v3&utm_medium=api_v3_business_search&utm_source=BkJcGSdN3A98X2H7gLpQjA,bar,Bars,,,Yelp,2026-07-02
Australian Hotel,+61747226999,"11 Palmer St, South Townsville Queensland 4810, Australia",South Townsville,QLD,4810,https://www.yelp.com/biz/australian-hotel-south-townsville?adjust_creative=BkJcGSdN3A98X2H7gLpQjA&utm_campaign=yelp_api_v3&utm_medium=api_v3_business_search&utm_source=BkJcGSdN3A98X2H7gLpQjA,bar,"Bars, Australian",4.0,3,Yelp,2026-07-02
The Elderberry House,(559) 683-6800,"48688 Victoria Ln, Oakhurst, CA 93644",Oakhurst,CA,93644,https://www.yelp.com/biz/the-elderberry-house-oakhurst-2?adjust_creative=BkJcGSdN3A98X2H7gLpQjA&utm_campaign=yelp_api_v3&utm_medium=api_v3_business_search&utm_source=BkJcGSdN3A98X2H7gLpQjA,bar,"French, Cocktail Bars, New American",4.5,343,Yelp,2026-07-02
Taco John's,(254) 532-9107,"12003 37th St, Fort Hood, TX 76544",Fort Hood,TX,76544,https://www.yelp.com/biz/taco-johns-fort-hood-2?adjust_creative=BkJcGSdN3A98X2H7gLpQjA&utm_campaign=yelp_api_v3&utm_medium=api_v3_business_search&utm_source=BkJcGSdN3A98X2H7gLpQjA,mexican,Mexican,,,Yelp,2026-07-02
Golden Grill,(559) 388-8001,"7975 N Cedar Ave, Ste 105, Fresno, CA 93720",Fresno,CA,93720,https://www.yelp.com/biz/golden-grill-fresno-3?adjust_creative=BkJcGSdN3A98X2H7gLpQjA&utm_campaign=yelp_api_v3&utm_medium=api_v3_business_search&utm_source=BkJcGSdN3A98X2H7gLpQjA,mediterranean,"Lebanese, Syrian, Mediterranean",4.6,227,Yelp,2026-07-02
Cafe Bambini,+61747216266,"46 Gregory St, Unit 4, Townsville City Queensland 4810, Australia",Townsville City,QLD,4810,https://www.yelp.com/biz/cafe-bambini-townsville-city?adjust_creative=BkJcGSdN3A98X2H7gLpQjA&utm_campaign=yelp_api_v3&utm_medium=api_v3_business_search&utm_source=BkJcGSdN3A98X2H7gLpQjA,cafe,"Restaurants, Coffee & Tea",3.0,1,Yelp,2026-07-02
Seoul Market Eatery,(213) 248-8177,"3110 W Olympic Blvd, Los Angeles, CA 90006",Los Angeles,CA,90006,https://www.yelp.com/biz/seoul-market-eatery-los-angeles?adjust_creative=BkJcGSdN3A98X2H7gLpQjA&utm_campaign=yelp_api_v3&utm_medium=api_v3_business_search&utm_source=BkJcGSdN3A98X2H7gLpQjA,korean,Korean,4.5,235,Yelp,2026-07-02
LA Kitchen,(559) 515-6157,"6105 E Kings Canyon Rd, Ste 102, Fresno, CA 93727",Fresno,CA,93727,https://www.yelp.com/biz/la-kitchen-fresno?adjust_creative=BkJcGSdN3A98X2H7gLpQjA&utm_campaign=yelp_api_v3&utm_medium=api_v3_business_search&utm_source=BkJcGSdN3A98X2H7gLpQjA,thai,"Chinese, Laotian, Thai",4.1,405,Yelp,2026-07-02
Coastal Cantina,(858) 764-6057,"15575 Jimmy Durante Blvd, Del Mar, CA 92014",Del Mar,CA,92014,https://www.yelp.com/biz/coastal-cantina-del-mar?adjust_creative=BkJcGSdN3A98X2H7gLpQjA&utm_campaign=yelp_api_v3&utm_medium=api_v3_business_search&utm_source=BkJcGSdN3A98X2H7gLpQjA,mexican,"Lounges, Beer Bar, Mexican",3.9,106,Yelp,2026-07-02
The EATery,(760) 709-0531,"18 Lake Mary Rd, Mammoth Lakes, CA 93546",Mammoth Lakes,CA,93546,https://www.yelp.com/biz/the-eatery-mammoth-lakes-2?adjust_creative=BkJcGSdN3A98X2H7gLpQjA&utm_campaign=yelp_api_v3&utm_medium=api_v3_business_search&utm_source=BkJcGSdN3A98X2H7gLpQjA,bar,"Gastropubs, New American",3.8,360,Yelp,2026-07-02
The Tavern at Firefall Ranch,(209) 379-6820,"24025 CA-120, Groveland, CA 95321",Groveland,CA,95321,https://www.yelp.com/biz/the-tavern-at-firefall-ranch-groveland?adjust_creative=BkJcGSdN3A98X2H7gLpQjA&utm_campaign=yelp_api_v3&utm_medium=api_v3_business_search&utm_source=BkJcGSdN3A98X2H7gLpQjA,bar,"Cocktail Bars, Breakfast & Brunch, American",4.4,19,Yelp,2026-07-02
SF Grill,(628) 201-4962,"799 Valencia St, San Francisco, CA 94110",San Francisco,CA,94110,https://www.yelp.com/biz/sf-grill-san-francisco-3?adjust_creative=BkJcGSdN3A98X2H7gLpQjA&utm_campaign=yelp_api_v3&utm_medium=api_v3_business_search&utm_source=BkJcGSdN3A98X2H7gLpQjA,mediterranean,Mediterranean,5.0,33,Yelp,2026-07-02
Mochuelo,(559) 348-5555,"2305 W Shaw Ave, Fresno, CA 93711",Fresno,CA,93711,https://www.yelp.com/biz/mochuelo-fresno?adjust_creative=BkJcGSdN3A98X2H7gLpQjA&utm_campaign=yelp_api_v3&utm_medium=api_v3_business_search&utm_source=BkJcGSdN3A98X2H7gLpQjA,bar,"Tapas/Small Plates, Spanish, Cocktail Bars",4.5,537,Yelp,2026-07-02
The Front Yard,(818) 255-7290,"4222 Vineland Ave, North Hollywood, CA 91602",North Hollywood,CA,91602,https://www.yelp.com/biz/the-front-yard-north-hollywood-2?adjust_creative=BkJcGSdN3A98X2H7gLpQjA&utm_campaign=yelp_api_v3&utm_medium=api_v3_business_search&utm_source=BkJcGSdN3A98X2H7gLpQjA,bar,"Breakfast & Brunch, American, Bars",4.0,4095,Yelp,2026-07-02
Cocina De Barrio,(619) 432-1704,"2884 University Ave, San Diego, CA 92104",San Diego,CA,92104,https://www.yelp.com/biz/cocina-de-barrio-san-diego-5?adjust_creative=BkJcGSdN3A98X2H7gLpQjA&utm_campaign=yelp_api_v3&utm_medium=api_v3_business_search&utm_source=BkJcGSdN3A98X2H7gLpQjA,mexican,"Breakfast & Brunch, Mexican, Cocktail Bars",4.8,359,Yelp,2026-07-02
Mammoth Tavern,(760) 934-3902,"587 Old Mammoth Rd, Ste 10, Mammoth Lakes, CA 93546",Mammoth Lakes,CA,93546,https://www.yelp.com/biz/mammoth-tavern-mammoth-lakes?adjust_creative=BkJcGSdN3A98X2H7gLpQjA&utm_campaign=yelp_api_v3&utm_medium=api_v3_business_search&utm_source=BkJcGSdN3A98X2H7gLpQjA,bar,"New American, Gastropubs, Cocktail Bars",4.0,617,Yelp,2026-07-02
Red Fish Kitchen,(310) 385-5813,"8879 W Pico Blvd, Ste 4, Los Angeles, CA 90035",Los Angeles,CA,90035,https://www.yelp.com/biz/red-fish-kitchen-los-angeles?adjust_creative=BkJcGSdN3A98X2H7gLpQjA&utm_campaign=yelp_api_v3&utm_medium=api_v3_business_search&utm_source=BkJcGSdN3A98X2H7gLpQjA,mexican,"Sushi Bars, Persian/Iranian, Mexican",3.8,65,Yelp,2026-07-02
Brick House Bar & Grill,(559) 399-3620,"1315 7th St, Sanger, CA 93657",Sanger,CA,93657,https://www.yelp.com/biz/brick-house-bar-and-grill-sanger?adjust_creative=BkJcGSdN3A98X2H7gLpQjA&utm_campaign=yelp_api_v3&utm_medium=api_v3_business_search&utm_source=BkJcGSdN3A98X2H7gLpQjA,bar,"Bars, Breakfast & Brunch, American",4.3,108,Yelp,2026-07-02
Ma's House,(858) 278-1688,"5537 Clairemont Mesa Blvd, San Diego, CA 92117",San Diego,CA,92117,https://www.yelp.com/biz/mas-house-san-diego-5?adjust_creative=BkJcGSdN3A98X2H7gLpQjA&utm_campaign=yelp_api_v3&utm_medium=api_v3_business_search&utm_source=BkJcGSdN3A98X2H7gLpQjA,chinese,"Chinese, Halal, Seafood",3.7,367,Yelp,2026-07-02
The Elderberry House,(559) 683-6800,"48688 Victoria Ln, Oakhurst, CA 93644",Oakhurst,CA,93644,https://www.yelp.com/biz/the-elderberry-house-oakhurst-2?adjust_creative=BkJcGSdN3A98X2H7gLpQjA&utm_campaign=yelp_api_v3&utm_medium=api_v3_business_search&utm_source=BkJcGSdN3A98X2H7gLpQjA,bar,"French, Cocktail Bars, New American",4.5,343,Yelp,2026-07-02
Blue Bottle Cafe Gallery,+61747712121,"58 The Strand, Shop 2, North Ward Queensland 4810, Australia",North Ward,QLD,4810,https://www.yelp.com/biz/blue-bottle-cafe-gallery-north-ward?adjust_creative=BkJcGSdN3A98X2H7gLpQjA&utm_campaign=yelp_api_v3&utm_medium=api_v3_business_search&utm_source=BkJcGSdN3A98X2H7gLpQjA,cafe,"Coffee & Tea, Restaurants",,,Yelp,2026-07-02
Australian Hotel,+61747226999,"11 Palmer St, South Townsville Queensland 4810, Australia",South Townsville,QLD,4810,https://www.yelp.com/biz/australian-hotel-south-townsville?adjust_creative=BkJcGSdN3A98X2H7gLpQjA&utm_campaign=yelp_api_v3&utm_medium=api_v3_business_search&utm_source=BkJcGSdN3A98X2H7gLpQjA,bar,"Bars, Australian",4.0,3,Yelp,2026-07-02
Bistro La Chaumière,(415) 417-4915,"607 Divisadero St, San Francisco, CA 94117",San Francisco,CA,94117,https://www.yelp.com/biz/bistro-la-chaumi%C3%A8re-san-francisco?adjust_creative=BkJcGSdN3A98X2H7gLpQjA&utm_campaign=yelp_api_v3&utm_medium=api_v3_business_search&utm_source=BkJcGSdN3A98X2H7gLpQjA,mediterranean,"Breakfast & Brunch, French, Mediterranean",4.5,152,Yelp,2026-07-02
Milk & Co Cafe,(626) 703-4556,"500 W Garvey Ave, Monterey Park, CA 91754",Monterey Park,CA,91754,https://www.yelp.com/biz/milk-and-co-cafe-monterey-park-7?adjust_creative=BkJcGSdN3A98X2H7gLpQjA&utm_campaign=yelp_api_v3&utm_medium=api_v3_business_search&utm_source=BkJcGSdN3A98X2H7gLpQjA,chinese,"Chinese, Cafes, Breakfast & Brunch",3.2,82,Yelp,2026-07-02
Red’s Java House,(415) 777-5626,"Pier 30, San Francisco, CA 94105",San Francisco,CA,94105,https://www.yelp.com/biz/red-s-java-house-san-francisco?adjust_creative=BkJcGSdN3A98X2H7gLpQjA&utm_campaign=yelp_api_v3&utm_medium=api_v3_business_search&utm_source=BkJcGSdN3A98X2H7gLpQjA,bar,"Breakfast & Brunch, Burgers, Dive Bars",3.7,960,Yelp,2026-07-02
Idle Hour Winery & Kitchen,(559) 760-9090,"41139 Hwy 41, Oakhurst, CA 93644",Oakhurst,CA,93644,https://www.yelp.com/biz/idle-hour-winery-and-kitchen-oakhurst?adjust_creative=BkJcGSdN3A98X2H7gLpQjA&utm_campaign=yelp_api_v3&utm_medium=api_v3_business_search&utm_source=BkJcGSdN3A98X2H7gLpQjA,mediterranean,"Wineries, New American, Mediterranean",4.6,164,Yelp,2026-07-02
Cafe on Stokes,+61747727026,"18 Stokes St, Townsville City Queensland 4810, Australia",Townsville City,QLD,4810,https://www.yelp.com/biz/cafe-on-stokes-townsville-city?adjust_creative=BkJcGSdN3A98X2H7gLpQjA&utm_campaign=yelp_api_v3&utm_medium=api_v3_business_search&utm_source=BkJcGSdN3A98X2H7gLpQjA,cafe,"Coffee & Tea, Restaurants",,,Yelp,2026-07-02
Donut King’s,(209) 383-5411,"260 W Main St, Ste A, Merced, CA 95340",Merced,CA,95340,https://www.yelp.com/biz/donut-king-s-merced?adjust_creative=BkJcGSdN3A98X2H7gLpQjA&utm_campaign=yelp_api_v3&utm_medium=api_v3_business_search&utm_source=BkJcGSdN3A98X2H7gLpQjA,cafe,"Donuts, Sandwiches, Bubble Tea",4.5,266,Yelp,2026-07-02
Blue Heron Restaurant & Yosemite Grill,(559) 517-3467,"30250 Yosemite Springs Pkwy, Coarsegold, CA 93614",Coarsegold,CA,93614,https://www.yelp.com/biz/blue-heron-restaurant-and-yosemite-grill-coarsegold?adjust_creative=BkJcGSdN3A98X2H7gLpQjA&utm_campaign=yelp_api_v3&utm_medium=api_v3_business_search&utm_source=BkJcGSdN3A98X2H7gLpQjA,bar,"American, Bars, Venues & Event Spaces",4.3,124,Yelp,2026-07-02
Golden Dragon,(509) 925-2272,"1302 S Ruby St, Ellensburg, WA 98926",Ellensburg,WA,98926,https://www.yelp.com/biz/golden-dragon-ellensburg?adjust_creative=BkJcGSdN3A98X2H7gLpQjA&utm_campaign=yelp_api_v3&utm_medium=api_v3_business_search&utm_source=BkJcGSdN3A98X2H7gLpQjA,chinese,Chinese,3.3,94,Yelp,2026-07-02
Golden Kitchen,(415) 941-9340,"925 O'Farrell St, San Francisco, CA 94109",San Francisco,CA,94109,https://www.yelp.com/biz/golden-kitchen-san-francisco?adjust_creative=BkJcGSdN3A98X2H7gLpQjA&utm_campaign=yelp_api_v3&utm_medium=api_v3_business_search&utm_source=BkJcGSdN3A98X2H7gLpQjA,chinese,"Chinese, Food Delivery Services, Seafood",4.8,13,Yelp,2026-07-02
Little Griddle,(415) 864-4292,"1455 Market St, Dough Cafe, San Francisco, CA 94103",San Francisco,CA,94103,https://www.yelp.com/biz/little-griddle-san-francisco-4?adjust_creative=BkJcGSdN3A98X2H7gLpQjA&utm_campaign=yelp_api_v3&utm_medium=api_v3_business_search&utm_source=BkJcGSdN3A98X2H7gLpQjA,cafe,"Coffee & Tea, Breakfast & Brunch, Burgers",3.9,114,Yelp,2026-07-02
Horseshoe Tavern,(415) 346-1430,"2024 Chestnut St, San Francisco, CA 94123",San Francisco,CA,94123,https://www.yelp.com/biz/horseshoe-tavern-san-francisco?adjust_creative=BkJcGSdN3A98X2H7gLpQjA&utm_campaign=yelp_api_v3&utm_medium=api_v3_business_search&utm_source=BkJcGSdN3A98X2H7gLpQjA,bar,"Pubs, Lounges",3.9,313,Yelp,2026-07-02
Brick House Bar & Grill,(559) 399-3620,"1315 7th St, Sanger, CA 93657",Sanger,CA,93657,https://www.yelp.com/biz/brick-house-bar-and-grill-sanger?adjust_creative=BkJcGSdN3A98X2H7gLpQjA&utm_campaign=yelp_api_v3&utm_medium=api_v3_business_search&utm_source=BkJcGSdN3A98X2H7gLpQjA,bar,"Bars, Breakfast & Brunch, American",4.3,108,Yelp,2026-07-02
Pita Kabob & Grill,(559) 627-2337,"227 N Court St, Visalia, CA 93291",Visalia,CA,93291,https://www.yelp.com/biz/pita-kabob-and-grill-visalia-2?adjust_creative=BkJcGSdN3A98X2H7gLpQjA&utm_campaign=yelp_api_v3&utm_medium=api_v3_business_search&utm_source=BkJcGSdN3A98X2H7gLpQjA,pizza,"Beer, Wine & Spirits, Mediterranean, Pizza",4.1,880,Yelp,2026-07-02
Mothership,(619) 630-2187,"2310 30th St, San Diego, CA 92104",San Diego,CA,92104,https://www.yelp.com/biz/mothership-san-diego-2?adjust_creative=BkJcGSdN3A98X2H7gLpQjA&utm_campaign=yelp_api_v3&utm_medium=api_v3_business_search&utm_source=BkJcGSdN3A98X2H7gLpQjA,bar,Cocktail Bars,4.3,916,Yelp,2026-07-02
Golden City Restaurant,(858) 565-6682,"5375 Kearny Villa Rd, San Diego, CA 92123",San Diego,CA,92123,https://www.yelp.com/biz/golden-city-restaurant-san-diego?adjust_creative=BkJcGSdN3A98X2H7gLpQjA&utm_campaign=yelp_api_v3&utm_medium=api_v3_business_search&utm_source=BkJcGSdN3A98X2H7gLpQjA,chinese,"Chinese, Seafood, Breakfast & Brunch",3.4,552,Yelp,2026-07-02
Wolf in the Woods,(619) 234-2597,"1920 Fort Stockton Dr, San Diego, CA 92103",San Diego,CA,92103,https://www.yelp.com/biz/wolf-in-the-woods-san-diego?adjust_creative=BkJcGSdN3A98X2H7gLpQjA&utm_campaign=yelp_api_v3&utm_medium=api_v3_business_search&utm_source=BkJcGSdN3A98X2H7gLpQjA,bar,"Wine Bars, Modern European, Tapas Bars",4.7,517,Yelp,2026-07-02
The Vineyard Restaurant & Bar,(559) 674-0923,"605 S I St, Madera, CA 93637",Madera,CA,93637,https://www.yelp.com/biz/the-vineyard-restaurant-and-bar-madera?adjust_creative=BkJcGSdN3A98X2H7gLpQjA&utm_campaign=yelp_api_v3&utm_medium=api_v3_business_search&utm_source=BkJcGSdN3A98X2H7gLpQjA,bar,"New American, Wine Bars, Venues & Event Spaces",4.0,401,Yelp,2026-07-02
A Golden House,(626) 286-5288,"9608 Las Tunas Dr, Temple City, CA 91780",Temple City,CA,91780,https://www.yelp.com/biz/a-golden-house-temple-city?adjust_creative=BkJcGSdN3A98X2H7gLpQjA&utm_campaign=yelp_api_v3&utm_medium=api_v3_business_search&utm_source=BkJcGSdN3A98X2H7gLpQjA,chinese,Chinese,3.0,109,Yelp,2026-07-02
La Clochette,(619) 230-5077,"7995 Civita Blvd, Ste 11, San Diego, CA 92108",San Diego,CA,92108,https://www.yelp.com/biz/la-clochette-san-diego-2?adjust_creative=BkJcGSdN3A98X2H7gLpQjA&utm_campaign=yelp_api_v3&utm_medium=api_v3_business_search&utm_source=BkJcGSdN3A98X2H7gLpQjA,cafe,"Bakeries, Coffee & Tea, Breakfast & Brunch",4.0,68,Yelp,2026-07-02
Blue Heron Restaurant & Yosemite Grill,(559) 517-3467,"30250 Yosemite Springs Pkwy, Coarsegold, CA 93614",Coarsegold,CA,93614,https://www.yelp.com/biz/blue-heron-restaurant-and-yosemite-grill-coarsegold?adjust_creative=BkJcGSdN3A98X2H7gLpQjA&utm_campaign=yelp_api_v3&utm_medium=api_v3_business_search&utm_source=BkJcGSdN3A98X2H7gLpQjA,bar,"American, Bars, Venues & Event Spaces",4.3,124,Yelp,2026-07-02
Brick House Bar & Grill,(559) 399-3620,"1315 7th St, Sanger, CA 93657",Sanger,CA,93657,https://www.yelp.com/biz/brick-house-bar-and-grill-sanger?adjust_creative=BkJcGSdN3A98X2H7gLpQjA&utm_campaign=yelp_api_v3&utm_medium=api_v3_business_search&utm_source=BkJcGSdN3A98X2H7gLpQjA,bar,"Bars, Breakfast & Brunch, American",4.3,108,Yelp,2026-07-02
El Agave Mexican Eatery,(559) 558-6421,"1785 W Dakota Ave, Fresno, CA 93705",Fresno,CA,93705,https://www.yelp.com/biz/el-agave-mexican-eatery-fresno?adjust_creative=BkJcGSdN3A98X2H7gLpQjA&utm_campaign=yelp_api_v3&utm_medium=api_v3_business_search&utm_source=BkJcGSdN3A98X2H7gLpQjA,food_truck,"Food Trucks, Tacos",3.7,3,Yelp,2026-07-02
Red Rooster Bakery Cafe,(323) 369-8331,"5135 W Adams Blvd, Los Angeles, CA 90016",Los Angeles,CA,90016,https://www.yelp.com/biz/red-rooster-bakery-cafe-los-angeles-5?adjust_creative=BkJcGSdN3A98X2H7gLpQjA&utm_campaign=yelp_api_v3&utm_medium=api_v3_business_search&utm_source=BkJcGSdN3A98X2H7gLpQjA,cafe,"Bakeries, Cafes, Bars",4.2,45,Yelp,2026-07-02
Golden Spoon,(209) 665-4725,"439 N Main St, Manteca, CA 95336",Manteca,CA,95336,https://www.yelp.com/biz/golden-spoon-manteca-2?adjust_creative=BkJcGSdN3A98X2H7gLpQjA&utm_campaign=yelp_api_v3&utm_medium=api_v3_business_search&utm_source=BkJcGSdN3A98X2H7gLpQjA,thai,"Thai, Noodles, Seafood",4.4,334,Yelp,2026-07-02
Roberto's Cafe,(760) 934-3667,"271 Old Mammoth Rd, Mammoth Lakes, CA 93546",Mammoth Lakes,CA,93546,https://www.yelp.com/biz/robertos-cafe-mammoth-lakes-2?adjust_creative=BkJcGSdN3A98X2H7gLpQjA&utm_campaign=yelp_api_v3&utm_medium=api_v3_business_search&utm_source=BkJcGSdN3A98X2H7gLpQjA,mexican,"Mexican, Sports Bars, Lounges",3.9,1327,Yelp,2026-07-02
Little Sam's Pizza,(858) 571-9900,"3250 Greyling Dr, San Diego, CA 92123",San Diego,CA,92123,https://www.yelp.com/biz/little-sams-pizza-san-diego?adjust_creative=BkJcGSdN3A98X2H7gLpQjA&utm_campaign=yelp_api_v3&utm_medium=api_v3_business_search&utm_source=BkJcGSdN3A98X2H7gLpQjA,pizza,Pizza,3.9,341,Yelp,2026-07-02
Lardo,+525552117731,"Agustín Melgar 6, Col. Condesa, 06140 Ciudad de México, CDMX, Mexico",Ciudad De México,DIF,06140,https://www.yelp.com/biz/lardo-ciudad-de-m%C3%A9xico?adjust_creative=BkJcGSdN3A98X2H7gLpQjA&utm_campaign=yelp_api_v3&utm_medium=api_v3_business_search&utm_source=BkJcGSdN3A98X2H7gLpQjA,cafe,"Breakfast & Brunch, French, Cafeteria",4.4,494,Yelp,2026-07-02
The Dandelion,(215) 558-2500,"124 S 18th St, Philadelphia, PA 19103",Philadelphia,PA,19103,https://www.yelp.com/biz/the-dandelion-philadelphia?adjust_creative=BkJcGSdN3A98X2H7gLpQjA&utm_campaign=yelp_api_v3&utm_medium=api_v3_business_search&utm_source=BkJcGSdN3A98X2H7gLpQjA,bar,"Gastropubs, British",4.2,3171,Yelp,2026-07-02
Cafe Blue Sky Blue,(323) 928-2221,"4429 Beverly Blvd, Los Angeles, CA 90004",Los Angeles,CA,90004,https://www.yelp.com/biz/cafe-blue-sky-blue-los-angeles?adjust_creative=BkJcGSdN3A98X2H7gLpQjA&utm_campaign=yelp_api_v3&utm_medium=api_v3_business_search&utm_source=BkJcGSdN3A98X2H7gLpQjA,japanese,"Coffee & Tea, Juice Bars & Smoothies, Sushi Bars",4.9,39,Yelp,2026-07-02
Liu’s Cafe,(213) 264-8585,"3915 1/2 W 6th St, Los Angeles, CA 90020",Los Angeles,CA,90020,https://www.yelp.com/biz/liu-s-cafe-los-angeles-2?adjust_creative=BkJcGSdN3A98X2H7gLpQjA&utm_campaign=yelp_api_v3&utm_medium=api_v3_business_search&utm_source=BkJcGSdN3A98X2H7gLpQjA,cafe,"Cafes, Bakeries, Cantonese",4.4,717,Yelp,2026-07-02
Oakhurst Grill and Whiskey 41 Lounge,(559) 641-2477,"40530 Hwy 41, Oakhurst, CA 93644",Oakhurst,CA,93644,https://www.yelp.com/biz/oakhurst-grill-and-whiskey-41-lounge-oakhurst?adjust_creative=BkJcGSdN3A98X2H7gLpQjA&utm_campaign=yelp_api_v3&utm_medium=api_v3_business_search&utm_source=BkJcGSdN3A98X2H7gLpQjA,bar,"New American, Lounges",4.1,533,Yelp,2026-07-02
Red Wave Inn,(559) 228-8446,"2375 E Shaw Ave, Fresno, CA 93710",Fresno,CA,93710,https://www.yelp.com/biz/red-wave-inn-fresno?adjust_creative=BkJcGSdN3A98X2H7gLpQjA&utm_campaign=yelp_api_v3&utm_medium=api_v3_business_search&utm_source=BkJcGSdN3A98X2H7gLpQjA,mexican,"Bars, Mexican, Sandwiches",4.3,175,Yelp,2026-07-02
The EATery,(760) 709-0531,"18 Lake Mary Rd, Mammoth Lakes, CA 93546",Mammoth Lakes,CA,93546,https://www.yelp.com/biz/the-eatery-mammoth-lakes-2?adjust_creative=BkJcGSdN3A98X2H7gLpQjA&utm_campaign=yelp_api_v3&utm_medium=api_v3_business_search&utm_source=BkJcGSdN3A98X2H7gLpQjA,bar,"Gastropubs, New American",3.8,360,Yelp,2026-07-02
Diamondback Grill,(209) 532-6661,"93 S Washington St, Sonora, CA 95370",Sonora,CA,95370,https://www.yelp.com/biz/diamondback-grill-sonora?adjust_creative=BkJcGSdN3A98X2H7gLpQjA&utm_campaign=yelp_api_v3&utm_medium=api_v3_business_search&utm_source=BkJcGSdN3A98X2H7gLpQjA,bar,"Wine Bars, American",4.0,867,Yelp,2026-07-02
La Bamba Byo Restaurant,+61747716322,"3 Palmer St, South Townsville Queensland 4810, Australia",South Townsville,QLD,4810,https://www.yelp.com/biz/la-bamba-byo-restaurant-south-townsville?adjust_creative=BkJcGSdN3A98X2H7gLpQjA&utm_campaign=yelp_api_v3&utm_medium=api_v3_business_search&utm_source=BkJcGSdN3A98X2H7gLpQjA,cafe,"Coffee & Tea, Restaurants, Wine Bars",,,Yelp,2026-07-02
Idle Hour Winery & Kitchen,(559) 760-9090,"41139 Hwy 41, Oakhurst, CA 93644",Oakhurst,CA,93644,https://www.yelp.com/biz/idle-hour-winery-and-kitchen-oakhurst?adjust_creative=BkJcGSdN3A98X2H7gLpQjA&utm_campaign=yelp_api_v3&utm_medium=api_v3_business_search&utm_source=BkJcGSdN3A98X2H7gLpQjA,mediterranean,"Wineries, New American, Mediterranean",4.6,164,Yelp,2026-07-02
La Bamba Byo Restaurant,+61747716322,"3 Palmer St, South Townsville Queensland 4810, Australia",South Townsville,QLD,4810,https://www.yelp.com/biz/la-bamba-byo-restaurant-south-townsville?adjust_creative=BkJcGSdN3A98X2H7gLpQjA&utm_campaign=yelp_api_v3&utm_medium=api_v3_business_search&utm_source=BkJcGSdN3A98X2H7gLpQjA,cafe,"Coffee & Tea, Restaurants, Wine Bars",,,Yelp,2026-07-02
Leopold's,(415) 874-9829,"2400 Polk St, San Francisco, CA 94109",San Francisco,CA,94109,https://www.yelp.com/biz/leopolds-san-francisco-2?adjust_creative=BkJcGSdN3A98X2H7gLpQjA&utm_campaign=yelp_api_v3&utm_medium=api_v3_business_search&utm_source=BkJcGSdN3A98X2H7gLpQjA,bar,"German, Austrian, Bars",4.4,1162,Yelp,2026-07-02
SKADI,(760) 914-0962,"3228 Main St, Ste A, Mammoth Lakes, CA 93546",Mammoth Lakes,CA,93546,https://www.yelp.com/biz/skadi-mammoth-lakes-2?adjust_creative=BkJcGSdN3A98X2H7gLpQjA&utm_campaign=yelp_api_v3&utm_medium=api_v3_business_search&utm_source=BkJcGSdN3A98X2H7gLpQjA,bar,"Modern European, Wine Bars",4.8,503,Yelp,2026-07-02
Smokin Oak BBQ,(209) 966-2244,"5040 Hwy 140, Mariposa, CA 95338",Mariposa,CA,95338,https://www.yelp.com/biz/smokin-oak-bbq-mariposa?adjust_creative=BkJcGSdN3A98X2H7gLpQjA&utm_campaign=yelp_api_v3&utm_medium=api_v3_business_search&utm_source=BkJcGSdN3A98X2H7gLpQjA,bar,"Barbeque, Sandwiches",4.8,58,Yelp,2026-07-02
Taco Caporales,(209) 947-7491,"1735 W State Hwy 140, Merced, CA 95341",Merced,CA,95341,https://www.yelp.com/biz/taco-caporales-merced?adjust_creative=BkJcGSdN3A98X2H7gLpQjA&utm_campaign=yelp_api_v3&utm_medium=api_v3_business_search&utm_source=BkJcGSdN3A98X2H7gLpQjA,food_truck,"Food Trucks, Tacos",4.7,13,Yelp,2026-07-02
Smokehouse 41,(559) 642-2271,"40713 Hwy 41, Oakhurst, CA 93644",Oakhurst,CA,93644,https://www.yelp.com/biz/smokehouse-41-oakhurst?adjust_creative=BkJcGSdN3A98X2H7gLpQjA&utm_campaign=yelp_api_v3&utm_medium=api_v3_business_search&utm_source=BkJcGSdN3A98X2H7gLpQjA,bar,"Barbeque, Smokehouse, Sandwiches",4.5,1073,Yelp,2026-07-02
Nosferatu,+525552117092,"Calle Juan Escutia 24, Col. Condesa, 06140 Ciudad de México, CDMX, Mexico",Ciudad De México,DIF,06140,https://www.yelp.com/biz/nosferatu-ciudad-de-m%C3%A9xico?adjust_creative=BkJcGSdN3A98X2H7gLpQjA&utm_campaign=yelp_api_v3&utm_medium=api_v3_business_search&utm_source=BkJcGSdN3A98X2H7gLpQjA,pizza,Pizza,4.7,76,Yelp,2026-07-02
Casa Velasco Mexican Restaurant,(559) 683-2272,"54311 Rd 432, Bass Lake, CA 93604",Bass Lake,CA,93604,https://www.yelp.com/biz/casa-velasco-mexican-restaurant-bass-lake?adjust_creative=BkJcGSdN3A98X2H7gLpQjA&utm_campaign=yelp_api_v3&utm_medium=api_v3_business_search&utm_source=BkJcGSdN3A98X2H7gLpQjA,mexican,Mexican,4.4,301,Yelp,2026-07-02
Channel 2 Sports Bar,(858) 430-6442,"3232 Greyling Dr, San Diego, CA 92123",San Diego,CA,92123,https://www.yelp.com/biz/channel-2-sports-bar-san-diego?adjust_creative=BkJcGSdN3A98X2H7gLpQjA&utm_campaign=yelp_api_v3&utm_medium=api_v3_business_search&utm_source=BkJcGSdN3A98X2H7gLpQjA,bar,"Sports Bars, Dive Bars, Cocktail Bars",4.4,85,Yelp,2026-07-02
La Bamba Byo Restaurant,+61747716322,"3 Palmer St, South Townsville Queensland 4810, Australia",South Townsville,QLD,4810,https://www.yelp.com/biz/la-bamba-byo-restaurant-south-townsville?adjust_creative=BkJcGSdN3A98X2H7gLpQjA&utm_campaign=yelp_api_v3&utm_medium=api_v3_business_search&utm_source=BkJcGSdN3A98X2H7gLpQjA,cafe,"Coffee & Tea, Restaurants, Wine Bars",,,Yelp,2026-07-02
Dunsmoor,(323) 686-6027,"3501 Eagle Rock Blvd, Los Angeles, CA 90065",Los Angeles,CA,90065,https://www.yelp.com/biz/dunsmoor-los-angeles?adjust_creative=BkJcGSdN3A98X2H7gLpQjA&utm_campaign=yelp_api_v3&utm_medium=api_v3_business_search&utm_source=BkJcGSdN3A98X2H7gLpQjA,bar,"American, Wine Bars, Beer Bar",4.3,597,Yelp,2026-07-02
Red Rooster Bakery Cafe,(323) 369-8331,"5135 W Adams Blvd, Los Angeles, CA 90016",Los Angeles,CA,90016,https://www.yelp.com/biz/red-rooster-bakery-cafe-los-angeles-5?adjust_creative=BkJcGSdN3A98X2H7gLpQjA&utm_campaign=yelp_api_v3&utm_medium=api_v3_business_search&utm_source=BkJcGSdN3A98X2H7gLpQjA,cafe,"Bakeries, Cafes, Bars",4.2,45,Yelp,2026-07-02
99 Craft Pizza,(559) 283-8915,"585 W Nees Ave, Ste 123, Fresno, CA 93711",Fresno,CA,93711,https://www.yelp.com/biz/99-craft-pizza-no-title?adjust_creative=BkJcGSdN3A98X2H7gLpQjA&utm_campaign=yelp_api_v3&utm_medium=api_v3_business_search&utm_source=BkJcGSdN3A98X2H7gLpQjA,pizza,"Pizza, Chicken Wings, Salad",4.3,306,Yelp,2026-07-02
Blue Heron Restaurant & Yosemite Grill,(559) 517-3467,"30250 Yosemite Springs Pkwy, Coarsegold, CA 93614",Coarsegold,CA,93614,https://www.yelp.com/biz/blue-heron-restaurant-and-yosemite-grill-coarsegold?adjust_creative=BkJcGSdN3A98X2H7gLpQjA&utm_campaign=yelp_api_v3&utm_medium=api_v3_business_search&utm_source=BkJcGSdN3A98X2H7gLpQjA,bar,"American, Bars, Venues & Event Spaces",4.3,124,Yelp,2026-07-02
Gossip Grill,(619) 260-8023,"1220 University Ave, San Diego, CA 92103",San Diego,CA,92103,https://www.yelp.com/biz/gossip-grill-san-diego-2?adjust_creative=BkJcGSdN3A98X2H7gLpQjA&utm_campaign=yelp_api_v3&utm_medium=api_v3_business_search&utm_source=BkJcGSdN3A98X2H7gLpQjA,bar,"Gay Bars, Cocktail Bars, American",4.0,1139,Yelp,2026-07-02
Local Vines,(925) 298-5109,"3393 Mount Diablo Blvd, Lafayette, CA 94549",Lafayette,CA,94549,https://www.yelp.com/biz/local-vines-lafayette?adjust_creative=BkJcGSdN3A98X2H7gLpQjA&utm_campaign=yelp_api_v3&utm_medium=api_v3_business_search&utm_source=BkJcGSdN3A98X2H7gLpQjA,bar,"Wine Tasting Room, Wine Bars",5.0,1,Yelp,2026-07-02
La Fresita,(559) 940-8707,"1050 Shaw Ave, Clovis, CA 93612",Clovis,CA,93612,https://www.yelp.com/biz/la-fresita-clovis-3?adjust_creative=BkJcGSdN3A98X2H7gLpQjA&utm_campaign=yelp_api_v3&utm_medium=api_v3_business_search&utm_source=BkJcGSdN3A98X2H7gLpQjA,bakery,"Desserts, Waffles, Pancakes",5.0,2,Yelp,2026-07-02
Temporal,+525552115477,"Saltillo 1, Col. Hipódromo, 06140 México, D.F., Mexico","México, D.F.",DIF,06140,https://www.yelp.com/biz/temporal-m%C3%A9xico?adjust_creative=BkJcGSdN3A98X2H7gLpQjA&utm_campaign=yelp_api_v3&utm_medium=api_v3_business_search&utm_source=BkJcGSdN3A98X2H7gLpQjA,mexican,"Nightlife, Mexican, Gastropubs",4.5,131,Yelp,2026-07-02
La Bamba Byo Restaurant,+61747716322,"3 Palmer St, South Townsville Queensland 4810, Australia",South Townsville,QLD,4810,https://www.yelp.com/biz/la-bamba-byo-restaurant-south-townsville?adjust_creative=BkJcGSdN3A98X2H7gLpQjA&utm_campaign=yelp_api_v3&utm_medium=api_v3_business_search&utm_source=BkJcGSdN3A98X2H7gLpQjA,cafe,"Coffee & Tea, Restaurants, Wine Bars",,,Yelp,2026-07-02
Australian Hotel,+61747226999,"11 Palmer St, South Townsville Queensland 4810, Australia",South Townsville,QLD,4810,https://www.yelp.com/biz/australian-hotel-south-townsville?adjust_creative=BkJcGSdN3A98X2H7gLpQjA&utm_campaign=yelp_api_v3&utm_medium=api_v3_business_search&utm_source=BkJcGSdN3A98X2H7gLpQjA,bar,"Bars, Australian",4.0,3,Yelp,2026-07-02
Martin's Grill,(559) 307-0460,"29533 Auberry Rd, Unit 104, Prather, CA 93651",Prather,CA,93651,https://www.yelp.com/biz/martins-grill-prather?adjust_creative=BkJcGSdN3A98X2H7gLpQjA&utm_campaign=yelp_api_v3&utm_medium=api_v3_business_search&utm_source=BkJcGSdN3A98X2H7gLpQjA,mexican,"Mediterranean, Mexican, Breakfast & Brunch",4.5,4,Yelp,2026-07-02
Hoi Polloi,+61432025129,"Denham Lane, Townsville City Queensland 4810, Australia",Townsville City,QLD,4810,https://www.yelp.com/biz/hoi-polloi-townsville-city?adjust_creative=BkJcGSdN3A98X2H7gLpQjA&utm_campaign=yelp_api_v3&utm_medium=api_v3_business_search&utm_source=BkJcGSdN3A98X2H7gLpQjA,cafe,"Bars, Cafes",5.0,1,Yelp,2026-07-02
Hoi Polloi,+61432025129,"Denham Lane, Townsville City Queensland 4810, Australia",Townsville City,QLD,4810,https://www.yelp.com/biz/hoi-polloi-townsville-city?adjust_creative=BkJcGSdN3A98X2H7gLpQjA&utm_campaign=yelp_api_v3&utm_medium=api_v3_business_search&utm_source=BkJcGSdN3A98X2H7gLpQjA,cafe,"Bars, Cafes",5.0,1,Yelp,2026-07-02
Nosferatu,+525552117092,"Calle Juan Escutia 24, Col. Condesa, 06140 Ciudad de México, CDMX, Mexico",Ciudad De México,DIF,06140,https://www.yelp.com/biz/nosferatu-ciudad-de-m%C3%A9xico?adjust_creative=BkJcGSdN3A98X2H7gLpQjA&utm_campaign=yelp_api_v3&utm_medium=api_v3_business_search&utm_source=BkJcGSdN3A98X2H7gLpQjA,pizza,Pizza,4.7,76,Yelp,2026-07-02
Martin's Grill,(559) 307-0460,"29533 Auberry Rd, Unit 104, Prather, CA 93651",Prather,CA,93651,https://www.yelp.com/biz/martins-grill-prather?adjust_creative=BkJcGSdN3A98X2H7gLpQjA&utm_campaign=yelp_api_v3&utm_medium=api_v3_business_search&utm_source=BkJcGSdN3A98X2H7gLpQjA,mexican,"Mediterranean, Mexican, Breakfast & Brunch",4.5,4,Yelp,2026-07-02
Tinto,(332) 232-6319,"41 Monroe St, New York, NY 10002",New York,NY,10002,https://www.yelp.com/biz/tinto-new-york-2?adjust_creative=BkJcGSdN3A98X2H7gLpQjA&utm_campaign=yelp_api_v3&utm_medium=api_v3_business_search&utm_source=BkJcGSdN3A98X2H7gLpQjA,cafe,Cafes,5.0,1,Yelp,2026-07-02
Martin's Grill,(559) 307-0460,"29533 Auberry Rd, Unit 104, Prather, CA 93651",Prather,CA,93651,https://www.yelp.com/biz/martins-grill-prather?adjust_creative=BkJcGSdN3A98X2H7gLpQjA&utm_campaign=yelp_api_v3&utm_medium=api_v3_business_search&utm_source=BkJcGSdN3A98X2H7gLpQjA,mexican,"Mediterranean, Mexican, Breakfast & Brunch",4.5,4,Yelp,2026-07-02
Plazuelas Mexican Restaurant & Taqueria,(559) 658-7771,"40015 Hwy 49, Ste 203 & 204, Oakhurst, CA 93644",Oakhurst,CA,93644,https://www.yelp.com/biz/plazuelas-mexican-restaurant-and-taqueria-oakhurst?adjust_creative=BkJcGSdN3A98X2H7gLpQjA&utm_campaign=yelp_api_v3&utm_medium=api_v3_business_search&utm_source=BkJcGSdN3A98X2H7gLpQjA,mexican,Mexican,4.3,921,Yelp,2026-07-02
Hoi Polloi,+61432025129,"Denham Lane, Townsville City Queensland 4810, Australia",Townsville City,QLD,4810,https://www.yelp.com/biz/hoi-polloi-townsville-city?adjust_creative=BkJcGSdN3A98X2H7gLpQjA&utm_campaign=yelp_api_v3&utm_medium=api_v3_business_search&utm_source=BkJcGSdN3A98X2H7gLpQjA,cafe,"Bars, Cafes",5.0,1,Yelp,2026-07-02
Red’s Java House,(415) 777-5626,"Pier 30, San Francisco, CA 94105",San Francisco,CA,94105,https://www.yelp.com/biz/red-s-java-house-san-francisco?adjust_creative=BkJcGSdN3A98X2H7gLpQjA&utm_campaign=yelp_api_v3&utm_medium=api_v3_business_search&utm_source=BkJcGSdN3A98X2H7gLpQjA,bar,"Breakfast & Brunch, Burgers, Dive Bars",3.7,960,Yelp,2026-07-02
La Placita,(559) 394-7172,"5769 S Elm Ave, Fresno, CA 93706",Fresno,CA,93706,https://www.yelp.com/biz/la-placita-fresno-2?adjust_creative=BkJcGSdN3A98X2H7gLpQjA&utm_campaign=yelp_api_v3&utm_medium=api_v3_business_search&utm_source=BkJcGSdN3A98X2H7gLpQjA,mexican,"Mexican, Desserts",4.6,11,Yelp,2026-07-02
Antolina,+525552116845,"Aguascalientes 232, Col. Hipodromo, 06100 Ciudad de México, CDMX, Mexico",Ciudad De México,DIF,06100,https://www.yelp.com/biz/antolina-ciudad-de-m%C3%A9xico?adjust_creative=BkJcGSdN3A98X2H7gLpQjA&utm_campaign=yelp_api_v3&utm_medium=api_v3_business_search&utm_source=BkJcGSdN3A98X2H7gLpQjA,mexican,Mexican,4.5,42,Yelp,2026-07-02
Little Leaf Bar,(559) 261-2699,"6011 N Palm, Fresno, CA 93704",Fresno,CA,93704,https://www.yelp.com/biz/little-leaf-bar-fresno-2?adjust_creative=BkJcGSdN3A98X2H7gLpQjA&utm_campaign=yelp_api_v3&utm_medium=api_v3_business_search&utm_source=BkJcGSdN3A98X2H7gLpQjA,bar,"Lounges, Asian Fusion",4.3,79,Yelp,2026-07-02
Playas De Rosarito,(559) 896-7848,"1406 E Front St, Selma, CA 93662",Selma,CA,93662,https://www.yelp.com/biz/playas-de-rosarito-selma?adjust_creative=BkJcGSdN3A98X2H7gLpQjA&utm_campaign=yelp_api_v3&utm_medium=api_v3_business_search&utm_source=BkJcGSdN3A98X2H7gLpQjA,mexican,Mexican,4.2,58,Yelp,2026-07-02
Tacos Sinaloa,(559) 492-8581,"Clovis, CA 93619",Clovis,CA,93619,https://www.yelp.com/biz/tacos-sinaloa-clovis-2?adjust_creative=BkJcGSdN3A98X2H7gLpQjA&utm_campaign=yelp_api_v3&utm_medium=api_v3_business_search&utm_source=BkJcGSdN3A98X2H7gLpQjA,mexican,"Mexican, Food Trucks",2.9,8,Yelp,2026-07-02
Big Sky Bistro,(951) 328-1688,"1490 University Ave, Ste 101, Riverside, CA 92507",Riverside,CA,92507,https://www.yelp.com/biz/big-sky-bistro-riverside-3?adjust_creative=BkJcGSdN3A98X2H7gLpQjA&utm_campaign=yelp_api_v3&utm_medium=api_v3_business_search&utm_source=BkJcGSdN3A98X2H7gLpQjA,chinese,"Seafood, Dim Sum",4.1,635,Yelp,2026-07-02
Hot Shot Coffee Shack,(559) 877-6300,"33013 Rd 222, North Fork, CA 93643",North Fork,CA,93643,https://www.yelp.com/biz/hot-shot-coffee-shack-north-fork-2?adjust_creative=BkJcGSdN3A98X2H7gLpQjA&utm_campaign=yelp_api_v3&utm_medium=api_v3_business_search&utm_source=BkJcGSdN3A98X2H7gLpQjA,cafe,"Cafes, Breakfast & Brunch",4.6,40,Yelp,2026-07-02
Golden Grill,(559) 388-8001,"7975 N Cedar Ave, Ste 105, Fresno, CA 93720",Fresno,CA,93720,https://www.yelp.com/biz/golden-grill-fresno-3?adjust_creative=BkJcGSdN3A98X2H7gLpQjA&utm_campaign=yelp_api_v3&utm_medium=api_v3_business_search&utm_source=BkJcGSdN3A98X2H7gLpQjA,mediterranean,"Lebanese, Syrian, Mediterranean",4.6,227,Yelp,2026-07-02
Hoi Polloi,+61432025129,"Denham Lane, Townsville City Queensland 4810, Australia",Townsville City,QLD,4810,https://www.yelp.com/biz/hoi-polloi-townsville-city?adjust_creative=BkJcGSdN3A98X2H7gLpQjA&utm_campaign=yelp_api_v3&utm_medium=api_v3_business_search&utm_source=BkJcGSdN3A98X2H7gLpQjA,cafe,"Bars, Cafes",5.0,1,Yelp,2026-07-02
Asadero Acatlan de Juarez,+526865553243,"Calz. Independencia 698, Col. Nueva Esperanza, 21050 Mexicali, Baja California, Mexico",Mexicali,BCN,21050,https://www.yelp.com/biz/asadero-acatlan-de-juarez-mexicali?adjust_creative=BkJcGSdN3A98X2H7gLpQjA&utm_campaign=yelp_api_v3&utm_medium=api_v3_business_search&utm_source=BkJcGSdN3A98X2H7gLpQjA,mexican,Mexican,4.6,168,Yelp,2026-07-02
Cactus Jack's Saloon,+61747215705,"237 Flinders St, Townsville Queensland 4810, Australia",Townsville,QLD,4810,https://www.yelp.com/biz/cactus-jacks-saloon-townsville?adjust_creative=BkJcGSdN3A98X2H7gLpQjA&utm_campaign=yelp_api_v3&utm_medium=api_v3_business_search&utm_source=BkJcGSdN3A98X2H7gLpQjA,mexican,Mexican,5.0,1,Yelp,2026-07-02
Hoi Polloi,+61432025129,"Denham Lane, Townsville City Queensland 4810, Australia",Townsville City,QLD,4810,https://www.yelp.com/biz/hoi-polloi-townsville-city?adjust_creative=BkJcGSdN3A98X2H7gLpQjA&utm_campaign=yelp_api_v3&utm_medium=api_v3_business_search&utm_source=BkJcGSdN3A98X2H7gLpQjA,cafe,"Bars, Cafes",5.0,1,Yelp,2026-07-02
Cellar Bar,(559) 683-6860,"48644 Victoria Ln, Oakhurst, CA 93644",Oakhurst,CA,93644,https://www.yelp.com/biz/cellar-bar-oakhurst-2?adjust_creative=BkJcGSdN3A98X2H7gLpQjA&utm_campaign=yelp_api_v3&utm_medium=api_v3_business_search&utm_source=BkJcGSdN3A98X2H7gLpQjA,bar,"Cocktail Bars, New American",4.5,10,Yelp,2026-07-02
Golden Spoon Frozen Yogurt,(714) 777-1946,"5655 E La Palma Ave Anaheim, Ste 100, Anaheim, CA 92807",Anaheim,CA,92807,https://www.yelp.com/biz/golden-spoon-frozen-yogurt-anaheim-2?adjust_creative=BkJcGSdN3A98X2H7gLpQjA&utm_campaign=yelp_api_v3&utm_medium=api_v3_business_search&utm_source=BkJcGSdN3A98X2H7gLpQjA,bakery,Ice Cream & Frozen Yogurt,3.5,148,Yelp,2026-07-02
Cactus Jack's Saloon,+61747215705,"237 Flinders St, Townsville Queensland 4810, Australia",Townsville,QLD,4810,https://www.yelp.com/biz/cactus-jacks-saloon-townsville?adjust_creative=BkJcGSdN3A98X2H7gLpQjA&utm_campaign=yelp_api_v3&utm_medium=api_v3_business_search&utm_source=BkJcGSdN3A98X2H7gLpQjA,mexican,Mexican,5.0,1,Yelp,2026-07-02
Golden Grill,(559) 314-9094,"1365 North Willow Ave, Clovis, CA 93619",Clovis,CA,93619,https://www.yelp.com/biz/golden-grill-clovis-2?adjust_creative=BkJcGSdN3A98X2H7gLpQjA&utm_campaign=yelp_api_v3&utm_medium=api_v3_business_search&utm_source=BkJcGSdN3A98X2H7gLpQjA,mediterranean,"Mediterranean, Syrian, Lebanese",4.4,110,Yelp,2026-07-02
Hoi Polloi,+61432025129,"Denham Lane, Townsville City Queensland 4810, Australia",Townsville City,QLD,4810,https://www.yelp.com/biz/hoi-polloi-townsville-city?adjust_creative=BkJcGSdN3A98X2H7gLpQjA&utm_campaign=yelp_api_v3&utm_medium=api_v3_business_search&utm_source=BkJcGSdN3A98X2H7gLpQjA,cafe,"Bars, Cafes",5.0,1,Yelp,2026-07-02
Maria Isabel,(415) 275-0075,"500 Presidio Ave, San Francisco, CA 94115",San Francisco,CA,94115,https://www.yelp.com/biz/maria-isabel-san-francisco?adjust_creative=BkJcGSdN3A98X2H7gLpQjA&utm_campaign=yelp_api_v3&utm_medium=api_v3_business_search&utm_source=BkJcGSdN3A98X2H7gLpQjA,mexican,"Mexican, New Mexican Cuisine, Latin American",4.7,18,Yelp,2026-07-02
Cellar Bar,(559) 683-6860,"48644 Victoria Ln, Oakhurst, CA 93644",Oakhurst,CA,93644,https://www.yelp.com/biz/cellar-bar-oakhurst-2?adjust_creative=BkJcGSdN3A98X2H7gLpQjA&utm_campaign=yelp_api_v3&utm_medium=api_v3_business_search&utm_source=BkJcGSdN3A98X2H7gLpQjA,bar,"Cocktail Bars, New American",4.5,10,Yelp,2026-07-02
Phoenician Garden Mediterranean Bar and Grill,(559) 261-2747,"1025 E Herndon Ave, Ste 106, Fresno, CA 93720",Fresno,CA,93720,https://www.yelp.com/biz/phoenician-garden-mediterranean-bar-and-grill-fresno-2?adjust_creative=BkJcGSdN3A98X2H7gLpQjA&utm_campaign=yelp_api_v3&utm_medium=api_v3_business_search&utm_source=BkJcGSdN3A98X2H7gLpQjA,mediterranean,"Mediterranean, Greek, Lebanese",4.4,1103,Yelp,2026-07-02
La Fresita,(559) 940-8707,"1050 Shaw Ave, Clovis, CA 93612",Clovis,CA,93612,https://www.yelp.com/biz/la-fresita-clovis-3?adjust_creative=BkJcGSdN3A98X2H7gLpQjA&utm_campaign=yelp_api_v3&utm_medium=api_v3_business_search&utm_source=BkJcGSdN3A98X2H7gLpQjA,bakery,"Desserts, Waffles, Pancakes",5.0,2,Yelp,2026-07-02
La Bonfil,+525555740266,"Av. Álvaro Obregón 130, Col. Roma Norte, 06700 Ciudad de México, Aguascalientes, Mexico",Ciudad De México,AGU,06700,https://www.yelp.com/biz/la-bonfil-ciudad-de-m%C3%A9xico?adjust_creative=BkJcGSdN3A98X2H7gLpQjA&utm_campaign=yelp_api_v3&utm_medium=api_v3_business_search&utm_source=BkJcGSdN3A98X2H7gLpQjA,mexican,"Seafood, Mexican",5.0,3,Yelp,2026-07-02
Garden Grill,(818) 200-6584,"6006 Woodman Ave, Los Angeles, CA 91401",Los Angeles,CA,91401,https://www.yelp.com/biz/garden-grill-los-angeles-3?adjust_creative=BkJcGSdN3A98X2H7gLpQjA&utm_campaign=yelp_api_v3&utm_medium=api_v3_business_search&utm_source=BkJcGSdN3A98X2H7gLpQjA,bar,"Barbeque, Mediterranean",4.8,6,Yelp,2026-07-02
Sakana Sushi Bar and Restaurant,+61747210189,"373 Flinders St, Townsville City Queensland 4810, Australia",Townsville City,QLD,4810,https://www.yelp.com/biz/sakana-sushi-bar-and-restaurant-townsville-city?adjust_creative=BkJcGSdN3A98X2H7gLpQjA&utm_campaign=yelp_api_v3&utm_medium=api_v3_business_search&utm_source=BkJcGSdN3A98X2H7gLpQjA,japanese,"Sushi Bars, Japanese",5.0,3,Yelp,2026-07-02
Monsoons Bar & Grill,+61747720900,"194 Flinders St, Townsville City Queensland 4810, Australia",Townsville City,QLD,4810,https://www.yelp.com/biz/monsoons-bar-and-grill-townsville-city?adjust_creative=BkJcGSdN3A98X2H7gLpQjA&utm_campaign=yelp_api_v3&utm_medium=api_v3_business_search&utm_source=BkJcGSdN3A98X2H7gLpQjA,bar,"Bars, Restaurants",3.0,2,Yelp,2026-07-02
Red Pepper Bar and Grill,(408) 737-8588,"2310 Homestead Rd, Ste J, Los Altos, CA 94024",Los Altos,CA,94024,https://www.yelp.com/biz/red-pepper-bar-and-grill-los-altos?adjust_creative=BkJcGSdN3A98X2H7gLpQjA&utm_campaign=yelp_api_v3&utm_medium=api_v3_business_search&utm_source=BkJcGSdN3A98X2H7gLpQjA,mexican,Mexican,2.9,255,Yelp,2026-07-02
Hapa’s Brewing,(408) 438-7572,"59 Barack Obama Blvd, San Jose, CA 95110",San Jose,CA,95110,https://www.yelp.com/biz/hapa-s-brewing-san-jose?adjust_creative=BkJcGSdN3A98X2H7gLpQjA&utm_campaign=yelp_api_v3&utm_medium=api_v3_business_search&utm_source=BkJcGSdN3A98X2H7gLpQjA,bar,"Breweries, Beer Gardens, Beer Bar",4.1,16,Yelp,2026-07-02
Golden House Chinese Restaurant,(619) 690-2688,"4370 Palm Ave, Ste N, San Diego, CA 92154",San Diego,CA,92154,https://www.yelp.com/biz/golden-house-chinese-restaurant-san-diego-5?adjust_creative=BkJcGSdN3A98X2H7gLpQjA&utm_campaign=yelp_api_v3&utm_medium=api_v3_business_search&utm_source=BkJcGSdN3A98X2H7gLpQjA,chinese,Chinese,4.2,789,Yelp,2026-07-02
Hoi Polloi,+61432025129,"Denham Lane, Townsville City Queensland 4810, Australia",Townsville City,QLD,4810,https://www.yelp.com/biz/hoi-polloi-townsville-city?adjust_creative=BkJcGSdN3A98X2H7gLpQjA&utm_campaign=yelp_api_v3&utm_medium=api_v3_business_search&utm_source=BkJcGSdN3A98X2H7gLpQjA,cafe,"Bars, Cafes",5.0,1,Yelp,2026-07-02
La Casa Blanca,(559) 721-2812,"3848 East Belmont Ave, Fresno, CA 93702",Fresno,CA,93702,https://www.yelp.com/biz/la-casa-blanca-fresno?adjust_creative=BkJcGSdN3A98X2H7gLpQjA&utm_campaign=yelp_api_v3&utm_medium=api_v3_business_search&utm_source=BkJcGSdN3A98X2H7gLpQjA,bar,Sports Bars,5.0,2,Yelp,2026-07-02
Fahy Fog & Barrel,(650) 350-2636,"684 Commercial St, San Francisco, CA 94111",San Francisco,CA,94111,https://www.yelp.com/biz/fahy-fog-and-barrel-san-francisco?adjust_creative=BkJcGSdN3A98X2H7gLpQjA&utm_campaign=yelp_api_v3&utm_medium=api_v3_business_search&utm_source=BkJcGSdN3A98X2H7gLpQjA,bar,Sports Bars,5.0,3,Yelp,2026-07-02
Cactus Jack's Saloon,+61747215705,"237 Flinders St, Townsville Queensland 4810, Australia",Townsville,QLD,4810,https://www.yelp.com/biz/cactus-jacks-saloon-townsville?adjust_creative=BkJcGSdN3A98X2H7gLpQjA&utm_campaign=yelp_api_v3&utm_medium=api_v3_business_search&utm_source=BkJcGSdN3A98X2H7gLpQjA,mexican,Mexican,5.0,1,Yelp,2026-07-02
The Beet Bar,+61747240918,"358 Flinders St, Townsville City Queensland 4810, Australia",Townsville City,QLD,4810,https://www.yelp.com/biz/the-beet-bar-townsville-city?adjust_creative=BkJcGSdN3A98X2H7gLpQjA&utm_campaign=yelp_api_v3&utm_medium=api_v3_business_search&utm_source=BkJcGSdN3A98X2H7gLpQjA,cafe,"Juice Bars & Smoothies, Coffee & Tea, Acai Bowls",4.7,3,Yelp,2026-07-02
Martin's Grill,(559) 307-0460,"29533 Auberry Rd, Unit 104, Prather, CA 93651",Prather,CA,93651,https://www.yelp.com/biz/martins-grill-prather?adjust_creative=BkJcGSdN3A98X2H7gLpQjA&utm_campaign=yelp_api_v3&utm_medium=api_v3_business_search&utm_source=BkJcGSdN3A98X2H7gLpQjA,mexican,"Mediterranean, Mexican, Breakfast & Brunch",4.5,4,Yelp,2026-07-02
Luna Bistro Cafe,(562) 313-9313,"5755 Pacific Coast Hwy, Long Beach, CA 90803",Long Beach,CA,90803,https://www.yelp.com/biz/luna-bistro-cafe-long-beach-2?adjust_creative=BkJcGSdN3A98X2H7gLpQjA&utm_campaign=yelp_api_v3&utm_medium=api_v3_business_search&utm_source=BkJcGSdN3A98X2H7gLpQjA,cafe,"New American, Coffee & Tea, Cocktail Bars",4.3,526,Yelp,2026-07-02
La Cuisine Cafe,(415) 757-0133,"1145 Market St, San Francisco, CA 94103",San Francisco,CA,94103,https://www.yelp.com/biz/la-cuisine-cafe-san-francisco-4?adjust_creative=BkJcGSdN3A98X2H7gLpQjA&utm_campaign=yelp_api_v3&utm_medium=api_v3_business_search&utm_source=BkJcGSdN3A98X2H7gLpQjA,mediterranean,"Breakfast & Brunch, French, Mediterranean",4.5,148,Yelp,2026-07-02
Little Heaven,(415) 824-1293,"2348 Mission St, San Francisco, CA 94110",San Francisco,CA,94110,https://www.yelp.com/biz/little-heaven-san-francisco?adjust_creative=BkJcGSdN3A98X2H7gLpQjA&utm_campaign=yelp_api_v3&utm_medium=api_v3_business_search&utm_source=BkJcGSdN3A98X2H7gLpQjA,cafe,"Creperies, Bubble Tea, Juice Bars & Smoothies",4.7,243,Yelp,2026-07-02
Pan Hookah Lounge,(408) 770-2933,"1710 Berryessa Rd, Ste 108, San Jose, CA 95133",San Jose,CA,95133,https://www.yelp.com/biz/pan-hookah-lounge-san-jose-2?adjust_creative=BkJcGSdN3A98X2H7gLpQjA&utm_campaign=yelp_api_v3&utm_medium=api_v3_business_search&utm_source=BkJcGSdN3A98X2H7gLpQjA,bar,"Hookah Bars, Lounges",4.7,48,Yelp,2026-07-02
Sunset Bistro by Aromas,(818) 579-3550,"4867 Sunset Blvd, Los Angeles, CA 90027",Los Angeles,CA,90027,https://www.yelp.com/biz/sunset-bistro-by-aromas-los-angeles?adjust_creative=BkJcGSdN3A98X2H7gLpQjA&utm_campaign=yelp_api_v3&utm_medium=api_v3_business_search&utm_source=BkJcGSdN3A98X2H7gLpQjA,cafe,Cafeteria,2.8,27,Yelp,2026-07-02
Tortilleria Lily,(619) 281-2890,"4271 University Ave, San Diego, CA 92105",San Diego,CA,92105,https://www.yelp.com/biz/tortilleria-lily-san-diego?adjust_creative=BkJcGSdN3A98X2H7gLpQjA&utm_campaign=yelp_api_v3&utm_medium=api_v3_business_search&utm_source=BkJcGSdN3A98X2H7gLpQjA,mexican,Mexican,4.6,39,Yelp,2026-07-02
Hoi Polloi,+61432025129,"Denham Lane, Townsville City Queensland 4810, Australia",Townsville City,QLD,4810,https://www.yelp.com/biz/hoi-polloi-townsville-city?adjust_creative=BkJcGSdN3A98X2H7gLpQjA&utm_campaign=yelp_api_v3&utm_medium=api_v3_business_search&utm_source=BkJcGSdN3A98X2H7gLpQjA,cafe,"Bars, Cafes",5.0,1,Yelp,2026-07-02
Little Sam's Pizza,(858) 571-9900,"3250 Greyling Dr, San Diego, CA 92123",San Diego,CA,92123,https://www.yelp.com/biz/little-sams-pizza-san-diego?adjust_creative=BkJcGSdN3A98X2H7gLpQjA&utm_campaign=yelp_api_v3&utm_medium=api_v3_business_search&utm_source=BkJcGSdN3A98X2H7gLpQjA,pizza,Pizza,3.9,341,Yelp,2026-07-02
The Red Tail,(415) 571-8066,"545 Irving St, San Francisco, CA 94122",San Francisco,CA,94122,https://www.yelp.com/biz/the-red-tail-san-francisco?adjust_creative=BkJcGSdN3A98X2H7gLpQjA&utm_campaign=yelp_api_v3&utm_medium=api_v3_business_search&utm_source=BkJcGSdN3A98X2H7gLpQjA,bar,"Wine Bars, Beer Bar",4.4,41,Yelp,2026-07-02
Tortilleria Lily,(619) 281-2890,"4271 University Ave, San Diego, CA 92105",San Diego,CA,92105,https://www.yelp.com/biz/tortilleria-lily-san-diego?adjust_creative=BkJcGSdN3A98X2H7gLpQjA&utm_campaign=yelp_api_v3&utm_medium=api_v3_business_search&utm_source=BkJcGSdN3A98X2H7gLpQjA,mexican,Mexican,4.6,39,Yelp,2026-07-02
Criterion Tavern,+61747215777,"10 The Strand, Townsville Queensland 4810, Australia",Townsville,QLD,4810,https://www.yelp.com/biz/criterion-tavern-townsville?adjust_creative=BkJcGSdN3A98X2H7gLpQjA&utm_campaign=yelp_api_v3&utm_medium=api_v3_business_search&utm_source=BkJcGSdN3A98X2H7gLpQjA,bar,"Dance Clubs, Bars",,,Yelp,2026-07-02
Hoi Polloi,+61432025129,"Denham Lane, Townsville City Queensland 4810, Australia",Townsville City,QLD,4810,https://www.yelp.com/biz/hoi-polloi-townsville-city?adjust_creative=BkJcGSdN3A98X2H7gLpQjA&utm_campaign=yelp_api_v3&utm_medium=api_v3_business_search&utm_source=BkJcGSdN3A98X2H7gLpQjA,cafe,"Bars, Cafes",5.0,1,Yelp,2026-07-02
The Beet Bar,+61747240918,"358 Flinders St, Townsville City Queensland 4810, Australia",Townsville City,QLD,4810,https://www.yelp.com/biz/the-beet-bar-townsville-city?adjust_creative=BkJcGSdN3A98X2H7gLpQjA&utm_campaign=yelp_api_v3&utm_medium=api_v3_business_search&utm_source=BkJcGSdN3A98X2H7gLpQjA,cafe,"Juice Bars & Smoothies, Coffee & Tea, Acai Bowls",4.7,3,Yelp,2026-07-02
Jam Corner,+61747214900,"1 Palmer St, South Townsville Queensland 4810, Australia",South Townsville,QLD,4810,https://www.yelp.com/biz/jam-corner-south-townsville-2?adjust_creative=BkJcGSdN3A98X2H7gLpQjA&utm_campaign=yelp_api_v3&utm_medium=api_v3_business_search&utm_source=BkJcGSdN3A98X2H7gLpQjA,cafe,"Breakfast & Brunch, Coffee & Tea, Venues & Event Spaces",4.1,15,Yelp,2026-07-02
Calzone Life,(669) 239-4222,"1358 S Winchester Blvd, San Jose, CA 95128",San Jose,CA,95128,https://www.yelp.com/biz/calzone-life-san-jose?adjust_creative=BkJcGSdN3A98X2H7gLpQjA&utm_campaign=yelp_api_v3&utm_medium=api_v3_business_search&utm_source=BkJcGSdN3A98X2H7gLpQjA,pizza,"Food Delivery Services, Italian, Pizza",4.5,21,Yelp,2026-07-02
Song Wat,(415) 552-6881,"312 Divisadero St, San Francisco, CA 94117",San Francisco,CA,94117,https://www.yelp.com/biz/song-wat-san-francisco-2?adjust_creative=BkJcGSdN3A98X2H7gLpQjA&utm_campaign=yelp_api_v3&utm_medium=api_v3_business_search&utm_source=BkJcGSdN3A98X2H7gLpQjA,thai,"Thai, Desserts",4.8,6,Yelp,2026-07-02
The Grant Grill,(619) 744-2077,"326 Broadway, San Diego, CA 92101",San Diego,CA,92101,https://www.yelp.com/biz/grant-grill-san-diego?adjust_creative=BkJcGSdN3A98X2H7gLpQjA&utm_campaign=yelp_api_v3&utm_medium=api_v3_business_search&utm_source=BkJcGSdN3A98X2H7gLpQjA,bar,"Diners, Lounges, Breakfast & Brunch",4.1,591,Yelp,2026-07-02
Bird And The Biscuit,(760) 965-0058,"26 Old Mammoth Rd, Unit L1, Mammoth Lakes, CA 93546",Mammoth Lakes,CA,93546,https://www.yelp.com/biz/bird-and-the-biscuit-mammoth-lakes?adjust_creative=BkJcGSdN3A98X2H7gLpQjA&utm_campaign=yelp_api_v3&utm_medium=api_v3_business_search&utm_source=BkJcGSdN3A98X2H7gLpQjA,cafe,"Southern, American, Coffee & Tea",4.7,9,Yelp,2026-07-02
Hoi Polloi,+61432025129,"Denham Lane, Townsville City Queensland 4810, Australia",Townsville City,QLD,4810,https://www.yelp.com/biz/hoi-polloi-townsville-city?adjust_creative=BkJcGSdN3A98X2H7gLpQjA&utm_campaign=yelp_api_v3&utm_medium=api_v3_business_search&utm_source=BkJcGSdN3A98X2H7gLpQjA,cafe,"Bars, Cafes",5.0,1,Yelp,2026-07-02
Taphouse,+61747722301,"City Lane, 373 Flinders St, Townsville Queensland 4810, Australia",Townsville,QLD,4810,https://www.yelp.com/biz/taphouse-townsville?adjust_creative=BkJcGSdN3A98X2H7gLpQjA&utm_campaign=yelp_api_v3&utm_medium=api_v3_business_search&utm_source=BkJcGSdN3A98X2H7gLpQjA,bar,Beer Bar,5.0,6,Yelp,2026-07-02
The Studio Cannabis Smoking Lounge,(310) 362-1004,"8625 Santa Monica Blvd, Fl 2,3, West Hollywood, CA 90069",West Hollywood,CA,90069,https://www.yelp.com/biz/the-studio-cannabis-smoking-lounge-west-hollywood?adjust_creative=BkJcGSdN3A98X2H7gLpQjA&utm_campaign=yelp_api_v3&utm_medium=api_v3_business_search&utm_source=BkJcGSdN3A98X2H7gLpQjA,bar,"Lounges, Cannabis Dispensaries, Cocktail Bars",5.0,2,Yelp,2026-07-02
Jam Corner,+61747214900,"1 Palmer St, South Townsville Queensland 4810, Australia",South Townsville,QLD,4810,https://www.yelp.com/biz/jam-corner-south-townsville-2?adjust_creative=BkJcGSdN3A98X2H7gLpQjA&utm_campaign=yelp_api_v3&utm_medium=api_v3_business_search&utm_source=BkJcGSdN3A98X2H7gLpQjA,cafe,"Breakfast & Brunch, Coffee & Tea, Venues & Event Spaces",4.1,15,Yelp,2026-07-02
Bird And The Biscuit,(760) 965-0058,"26 Old Mammoth Rd, Unit L1, Mammoth Lakes, CA 93546",Mammoth Lakes,CA,93546,https://www.yelp.com/biz/bird-and-the-biscuit-mammoth-lakes?adjust_creative=BkJcGSdN3A98X2H7gLpQjA&utm_campaign=yelp_api_v3&utm_medium=api_v3_business_search&utm_source=BkJcGSdN3A98X2H7gLpQjA,cafe,"Southern, American, Coffee & Tea",4.7,9,Yelp,2026-07-02
Bird And The Biscuit,(760) 965-0058,"26 Old Mammoth Rd, Unit L1, Mammoth Lakes, CA 93546",Mammoth Lakes,CA,93546,https://www.yelp.com/biz/bird-and-the-biscuit-mammoth-lakes?adjust_creative=BkJcGSdN3A98X2H7gLpQjA&utm_campaign=yelp_api_v3&utm_medium=api_v3_business_search&utm_source=BkJcGSdN3A98X2H7gLpQjA,cafe,"Southern, American, Coffee & Tea",4.7,9,Yelp,2026-07-02
Capitol Regent Chinese Restaurant,+61747713838,"187 Flinders St, Townsville Queensland 4810, Australia",Townsville,QLD,4810,https://www.yelp.com/biz/capitol-regent-chinese-restaurant-townsville-3?adjust_creative=BkJcGSdN3A98X2H7gLpQjA&utm_campaign=yelp_api_v3&utm_medium=api_v3_business_search&utm_source=BkJcGSdN3A98X2H7gLpQjA,chinese,"Fast Food, Chinese",4.5,2,Yelp,2026-07-02
Frugatti's,(661) 836-2000,"8109 Brimhall Rd, Bakersfield, CA 93312",Bakersfield,CA,93312,https://www.yelp.com/biz/frugattis-bakersfield-2?adjust_creative=BkJcGSdN3A98X2H7gLpQjA&utm_campaign=yelp_api_v3&utm_medium=api_v3_business_search&utm_source=BkJcGSdN3A98X2H7gLpQjA,pizza,"Italian, Pizza",4.0,1644,Yelp,2026-07-02
Martin's Grill,(559) 307-0460,"29533 Auberry Rd, Unit 104, Prather, CA 93651",Prather,CA,93651,https://www.yelp.com/biz/martins-grill-prather?adjust_creative=BkJcGSdN3A98X2H7gLpQjA&utm_campaign=yelp_api_v3&utm_medium=api_v3_business_search&utm_source=BkJcGSdN3A98X2H7gLpQjA,mexican,"Mediterranean, Mexican, Breakfast & Brunch",4.5,4,Yelp,2026-07-02
Banh Mi Viet,(415) 865-0909,"518 Divisadero St, San Francisco, CA 94117",San Francisco,CA,94117,https://www.yelp.com/biz/banh-mi-viet-san-francisco?adjust_creative=BkJcGSdN3A98X2H7gLpQjA&utm_campaign=yelp_api_v3&utm_medium=api_v3_business_search&utm_source=BkJcGSdN3A98X2H7gLpQjA,vietnamese,Vietnamese,4.5,134,Yelp,2026-07-02
MoJo's Local Tap & Kitchen,(916) 573-3875,"1431 I St, Sacramento, CA 95814",Sacramento,CA,95814,https://www.yelp.com/biz/mojo-s-local-tap-and-kitchen-sacramento?adjust_creative=BkJcGSdN3A98X2H7gLpQjA&utm_campaign=yelp_api_v3&utm_medium=api_v3_business_search&utm_source=BkJcGSdN3A98X2H7gLpQjA,bar,"Beer Bar, American, Breweries",4.1,361,Yelp,2026-07-02
Martin's Grill,(559) 307-0460,"29533 Auberry Rd, Unit 104, Prather, CA 93651",Prather,CA,93651,https://www.yelp.com/biz/martins-grill-prather?adjust_creative=BkJcGSdN3A98X2H7gLpQjA&utm_campaign=yelp_api_v3&utm_medium=api_v3_business_search&utm_source=BkJcGSdN3A98X2H7gLpQjA,mexican,"Mediterranean, Mexican, Breakfast & Brunch",4.5,4,Yelp,2026-07-02
El Cartel,(323) 931-1281,"5515 Wilshire Blvd, Los Angeles, CA 90036",Los Angeles,CA,90036,https://www.yelp.com/biz/el-cartel-los-angeles?adjust_creative=BkJcGSdN3A98X2H7gLpQjA&utm_campaign=yelp_api_v3&utm_medium=api_v3_business_search&utm_source=BkJcGSdN3A98X2H7gLpQjA,mexican,Mexican,4.1,677,Yelp,2026-07-02
Hoi Polloi,+61432025129,"Denham Lane, Townsville City Queensland 4810, Australia",Townsville City,QLD,4810,https://www.yelp.com/biz/hoi-polloi-townsville-city?adjust_creative=BkJcGSdN3A98X2H7gLpQjA&utm_campaign=yelp_api_v3&utm_medium=api_v3_business_search&utm_source=BkJcGSdN3A98X2H7gLpQjA,cafe,"Bars, Cafes",5.0,1,Yelp,2026-07-02
Hoi Polloi,+61432025129,"Denham Lane, Townsville City Queensland 4810, Australia",Townsville City,QLD,4810,https://www.yelp.com/biz/hoi-polloi-townsville-city?adjust_creative=BkJcGSdN3A98X2H7gLpQjA&utm_campaign=yelp_api_v3&utm_medium=api_v3_business_search&utm_source=BkJcGSdN3A98X2H7gLpQjA,cafe,"Bars, Cafes",5.0,1,Yelp,2026-07-02
Jam Corner,+61747214900,"1 Palmer St, South Townsville Queensland 4810, Australia",South Townsville,QLD,4810,https://www.yelp.com/biz/jam-corner-south-townsville-2?adjust_creative=BkJcGSdN3A98X2H7gLpQjA&utm_campaign=yelp_api_v3&utm_medium=api_v3_business_search&utm_source=BkJcGSdN3A98X2H7gLpQjA,cafe,"Breakfast & Brunch, Coffee & Tea, Venues & Event Spaces",4.1,15,Yelp,2026-07-02
Local Vines,(925) 298-5109,"3393 Mount Diablo Blvd, Lafayette, CA 94549",Lafayette,CA,94549,https://www.yelp.com/biz/local-vines-lafayette?adjust_creative=BkJcGSdN3A98X2H7gLpQjA&utm_campaign=yelp_api_v3&utm_medium=api_v3_business_search&utm_source=BkJcGSdN3A98X2H7gLpQjA,bar,"Wine Tasting Room, Wine Bars",5.0,1,Yelp,2026-07-02
Carniceria La Carreta,(661) 588-2333,"3015 Calloway Dr, Ste 16, Bakersfield, CA 93312",Bakersfield,CA,93312,https://www.yelp.com/biz/carniceria-la-carreta-bakersfield-3?adjust_creative=BkJcGSdN3A98X2H7gLpQjA&utm_campaign=yelp_api_v3&utm_medium=api_v3_business_search&utm_source=BkJcGSdN3A98X2H7gLpQjA,mexican,"Meat Shops, Grocery, Mexican",3.9,206,Yelp,2026-07-02
Taco's El Rey,(562) 777-8919,"14215 Imperial Hwy, La Mirada, CA 90638",La Mirada,CA,90638,https://www.yelp.com/biz/tacos-el-rey-la-mirada-2?adjust_creative=BkJcGSdN3A98X2H7gLpQjA&utm_campaign=yelp_api_v3&utm_medium=api_v3_business_search&utm_source=BkJcGSdN3A98X2H7gLpQjA,mexican,"Mexican, Juice Bars & Smoothies, Breakfast & Brunch",4.4,389,Yelp,2026-07-02
Hoi Polloi,+61432025129,"Denham Lane, Townsville City Queensland 4810, Australia",Townsville City,QLD,4810,https://www.yelp.com/biz/hoi-polloi-townsville-city?adjust_creative=BkJcGSdN3A98X2H7gLpQjA&utm_campaign=yelp_api_v3&utm_medium=api_v3_business_search&utm_source=BkJcGSdN3A98X2H7gLpQjA,cafe,"Bars, Cafes",5.0,1,Yelp,2026-07-02
El Rosal Bar & Grill,(559) 749-0542,"3117 W Noble Ave, Visalia, CA 93277",Visalia,CA,93277,https://www.yelp.com/biz/el-rosal-bar-and-grill-visalia?adjust_creative=BkJcGSdN3A98X2H7gLpQjA&utm_campaign=yelp_api_v3&utm_medium=api_v3_business_search&utm_source=BkJcGSdN3A98X2H7gLpQjA,mexican,"Mexican, Bars",3.2,137,Yelp,2026-07-02
Jam Corner,+61747214900,"1 Palmer St, South Townsville Queensland 4810, Australia",South Townsville,QLD,4810,https://www.yelp.com/biz/jam-corner-south-townsville-2?adjust_creative=BkJcGSdN3A98X2H7gLpQjA&utm_campaign=yelp_api_v3&utm_medium=api_v3_business_search&utm_source=BkJcGSdN3A98X2H7gLpQjA,cafe,"Breakfast & Brunch, Coffee & Tea, Venues & Event Spaces",4.1,15,Yelp,2026-07-02
The Sage & Drifter,(415) 592-9488,"1368 Irving St, San Francisco, CA 94122",San Francisco,CA,94122,https://www.yelp.com/biz/the-sage-and-drifter-san-francisco?adjust_creative=BkJcGSdN3A98X2H7gLpQjA&utm_campaign=yelp_api_v3&utm_medium=api_v3_business_search&utm_source=BkJcGSdN3A98X2H7gLpQjA,bar,Cocktail Bars,4.8,68,Yelp,2026-07-02
Red House KBBQ,(562) 202-3865,"15925 Pioneer Blvd, Norwalk, CA 90650",Norwalk,CA,90650,https://www.yelp.com/biz/red-house-kbbq-norwalk?adjust_creative=BkJcGSdN3A98X2H7gLpQjA&utm_campaign=yelp_api_v3&utm_medium=api_v3_business_search&utm_source=BkJcGSdN3A98X2H7gLpQjA,bar,Barbeque,3.3,221,Yelp,2026-07-02
el fregoncito,(408) 775-3026,"CA, CA 93657",Ca,CA,93657,https://www.yelp.com/biz/el-fregoncito-no-title?adjust_creative=BkJcGSdN3A98X2H7gLpQjA&utm_campaign=yelp_api_v3&utm_medium=api_v3_business_search&utm_source=BkJcGSdN3A98X2H7gLpQjA,mexican,"Mexican, Food Trucks",4.6,8,Yelp,2026-07-02
La Luna Bakery and Cafe,(559) 230-1569,"2421 E Clinton Ave, Fresno, CA 93703",Fresno,CA,93703,https://www.yelp.com/biz/la-luna-bakery-and-cafe-fresno?adjust_creative=BkJcGSdN3A98X2H7gLpQjA&utm_campaign=yelp_api_v3&utm_medium=api_v3_business_search&utm_source=BkJcGSdN3A98X2H7gLpQjA,mexican,"Bakeries, Breakfast & Brunch, Mexican",3.6,70,Yelp,2026-07-02
Bikini Bartenders On Demand,(310) 307-0742,"Beverly Hills, CA 90212",Beverly Hills,CA,90212,https://www.yelp.com/biz/bikini-bartenders-on-demand-beverly-hills?adjust_creative=BkJcGSdN3A98X2H7gLpQjA&utm_campaign=yelp_api_v3&utm_medium=api_v3_business_search&utm_source=BkJcGSdN3A98X2H7gLpQjA,bar,Bartenders,5.0,1,Yelp,2026-07-02
Corner Cafe,(619) 542-9942,"3614 Fifth Ave, San Diego, CA 92103",San Diego,CA,92103,https://www.yelp.com/biz/corner-cafe-san-diego-9?adjust_creative=BkJcGSdN3A98X2H7gLpQjA&utm_campaign=yelp_api_v3&utm_medium=api_v3_business_search&utm_source=BkJcGSdN3A98X2H7gLpQjA,chinese,"Chinese, Asian Fusion",4.1,279,Yelp,2026-07-02
The Bistro,(559) 221-6000,"140 E Shaw Ave, Fresno, CA 93710",Fresno,CA,93710,https://www.yelp.com/biz/the-bistro-fresno?adjust_creative=BkJcGSdN3A98X2H7gLpQjA&utm_campaign=yelp_api_v3&utm_medium=api_v3_business_search&utm_source=BkJcGSdN3A98X2H7gLpQjA,bar,"American, Breakfast & Brunch, Cocktail Bars",,,Yelp,2026-07-02
Cactus Jack's Saloon,+61747215705,"237 Flinders St, Townsville Queensland 4810, Australia",Townsville,QLD,4810,https://www.yelp.com/biz/cactus-jacks-saloon-townsville?adjust_creative=BkJcGSdN3A98X2H7gLpQjA&utm_campaign=yelp_api_v3&utm_medium=api_v3_business_search&utm_source=BkJcGSdN3A98X2H7gLpQjA,mexican,Mexican,5.0,1,Yelp,2026-07-02
Capitol Regent Chinese Restaurant,+61747713838,"187 Flinders St, Townsville Queensland 4810, Australia",Townsville,QLD,4810,https://www.yelp.com/biz/capitol-regent-chinese-restaurant-townsville-3?adjust_creative=BkJcGSdN3A98X2H7gLpQjA&utm_campaign=yelp_api_v3&utm_medium=api_v3_business_search&utm_source=BkJcGSdN3A98X2H7gLpQjA,chinese,"Fast Food, Chinese",4.5,2,Yelp,2026-07-02
Velvet Rose,(310) 933-9113,"1301 Ocean Ave, Santa Monica, CA 90401",Santa Monica,CA,90401,https://www.yelp.com/biz/velvet-rose-santa-monica?adjust_creative=BkJcGSdN3A98X2H7gLpQjA&utm_campaign=yelp_api_v3&utm_medium=api_v3_business_search&utm_source=BkJcGSdN3A98X2H7gLpQjA,bar,Lounges,,,Yelp,2026-07-02
Vignette,(818) 747-2479,"12023 Ventura Blvd, Los Angeles, CA 91604",Los Angeles,CA,91604,https://www.yelp.com/biz/vignette-los-angeles?adjust_creative=BkJcGSdN3A98X2H7gLpQjA&utm_campaign=yelp_api_v3&utm_medium=api_v3_business_search&utm_source=BkJcGSdN3A98X2H7gLpQjA,bar,"New American, Wine Bars",4.3,3,Yelp,2026-07-02
Sunset Bistro by Aromas,(818) 579-3550,"4867 Sunset Blvd, Los Angeles, CA 90027",Los Angeles,CA,90027,https://www.yelp.com/biz/sunset-bistro-by-aromas-los-angeles?adjust_creative=BkJcGSdN3A98X2H7gLpQjA&utm_campaign=yelp_api_v3&utm_medium=api_v3_business_search&utm_source=BkJcGSdN3A98X2H7gLpQjA,cafe,Cafeteria,2.8,27,Yelp,2026-07-02
Hera Bar & Karaoke,(213) 568-3224,"3514 W 8th St, Los Angeles, CA 90005",Los Angeles,CA,90005,https://www.yelp.com/biz/hera-bar-and-karaoke-los-angeles?adjust_creative=BkJcGSdN3A98X2H7gLpQjA&utm_campaign=yelp_api_v3&utm_medium=api_v3_business_search&utm_source=BkJcGSdN3A98X2H7gLpQjA,bar,"Bars, Karaoke",4.8,28,Yelp,2026-07-02
Harmony Cuisine 2B1,(858) 737-4777,"3904 Convoy St, Ste 117, San Diego, CA 92111",San Diego,CA,92111,https://www.yelp.com/biz/harmony-cuisine-2b1-san-diego-5?adjust_creative=BkJcGSdN3A98X2H7gLpQjA&utm_campaign=yelp_api_v3&utm_medium=api_v3_business_search&utm_source=BkJcGSdN3A98X2H7gLpQjA,japanese,"Japanese, Sushi Bars, Asian Fusion",4.7,321,Yelp,2026-07-02
Golden Spoon,(661) 374-0864,"27748 Mcbean Pkwy, Valencia, CA 91354",Valencia,CA,91354,https://www.yelp.com/biz/golden-spoon-frozen-yogurt-valencia-4?adjust_creative=BkJcGSdN3A98X2H7gLpQjA&utm_campaign=yelp_api_v3&utm_medium=api_v3_business_search&utm_source=BkJcGSdN3A98X2H7gLpQjA,bakery,Ice Cream & Frozen Yogurt,4.6,85,Yelp,2026-07-02
La Fe,(323) 505-8673,"1525 Sunset Blvd, Los Angeles, CA 90026",Los Angeles,CA,90026,https://www.yelp.com/biz/la-fe-los-angeles-2?adjust_creative=BkJcGSdN3A98X2H7gLpQjA&utm_campaign=yelp_api_v3&utm_medium=api_v3_business_search&utm_source=BkJcGSdN3A98X2H7gLpQjA,bar,Lounges,4.5,73,Yelp,2026-07-02
West Hollywood Haunted Pub Crawl,(323) 590-7284,"8225 Sunset Strip, West Hollywood, CA 90046",West Hollywood,CA,90046,https://www.yelp.com/biz/west-hollywood-haunted-pub-crawl-west-hollywood?adjust_creative=BkJcGSdN3A98X2H7gLpQjA&utm_campaign=yelp_api_v3&utm_medium=api_v3_business_search&utm_source=BkJcGSdN3A98X2H7gLpQjA,bar,Pubs,5.0,2,Yelp,2026-07-02
La Lupita Mexican Eatery,(510) 680-5410,"2167 Meeker Ave Richmond California, Richmond, CA 94804",Richmond,CA,94804,https://www.yelp.com/biz/la-lupita-mexican-eatery-richmond-3?adjust_creative=BkJcGSdN3A98X2H7gLpQjA&utm_campaign=yelp_api_v3&utm_medium=api_v3_business_search&utm_source=BkJcGSdN3A98X2H7gLpQjA,mexican,"Mexican, Breakfast & Brunch",3.9,201,Yelp,2026-07-02
Jam Corner,+61747214900,"1 Palmer St, South Townsville Queensland 4810, Australia",South Townsville,QLD,4810,https://www.yelp.com/biz/jam-corner-south-townsville-2?adjust_creative=BkJcGSdN3A98X2H7gLpQjA&utm_campaign=yelp_api_v3&utm_medium=api_v3_business_search&utm_source=BkJcGSdN3A98X2H7gLpQjA,cafe,"Breakfast & Brunch, Coffee & Tea, Venues & Event Spaces",4.1,15,Yelp,2026-07-02
Garden Grille,(510) 658-9300,"1800 Powell St, Emeryville, CA 94608",Emeryville,CA,94608,https://www.yelp.com/biz/garden-grille-emeryville?adjust_creative=BkJcGSdN3A98X2H7gLpQjA&utm_campaign=yelp_api_v3&utm_medium=api_v3_business_search&utm_source=BkJcGSdN3A98X2H7gLpQjA,bar,"Wine Bars, American, Cocktail Bars",4.0,4,Yelp,2026-07-02
El Cardenal,+525555218815,"Calle de la Palma 23, Col. Centro Histórico, 06000 Ciudad de México, CDMX, Mexico",Ciudad De México,DIF,06000,https://www.yelp.com/biz/el-cardenal-ciudad-de-m%C3%A9xico-2?adjust_creative=BkJcGSdN3A98X2H7gLpQjA&utm_campaign=yelp_api_v3&utm_medium=api_v3_business_search&utm_source=BkJcGSdN3A98X2H7gLpQjA,mexican,Mexican,4.5,495,Yelp,2026-07-02
Temporal,+525552115477,"Saltillo 1, Col. Hipódromo, 06140 México, D.F., Mexico","México, D.F.",DIF,06140,https://www.yelp.com/biz/temporal-m%C3%A9xico?adjust_creative=BkJcGSdN3A98X2H7gLpQjA&utm_campaign=yelp_api_v3&utm_medium=api_v3_business_search&utm_source=BkJcGSdN3A98X2H7gLpQjA,mexican,"Nightlife, Mexican, Gastropubs",4.5,131,Yelp,2026-07-02
Bird And The Biscuit,(760) 965-0058,"26 Old Mammoth Rd, Unit L1, Mammoth Lakes, CA 93546",Mammoth Lakes,CA,93546,https://www.yelp.com/biz/bird-and-the-biscuit-mammoth-lakes?adjust_creative=BkJcGSdN3A98X2H7gLpQjA&utm_campaign=yelp_api_v3&utm_medium=api_v3_business_search&utm_source=BkJcGSdN3A98X2H7gLpQjA,cafe,"Southern, American, Coffee & Tea",4.9,10,Yelp,2026-07-02
Uptown Tavern,(619) 241-2710,"1236 University Ave, San Diego, CA 92103",San Diego,CA,92103,https://www.yelp.com/biz/uptown-tavern-san-diego?adjust_creative=BkJcGSdN3A98X2H7gLpQjA&utm_campaign=yelp_api_v3&utm_medium=api_v3_business_search&utm_source=BkJcGSdN3A98X2H7gLpQjA,bar,"New American, Lounges, Gay Bars",4.1,694,Yelp,2026-07-02
Bird And The Biscuit,(760) 965-0058,"26 Old Mammoth Rd, Unit L1, Mammoth Lakes, CA 93546",Mammoth Lakes,CA,93546,https://www.yelp.com/biz/bird-and-the-biscuit-mammoth-lakes?adjust_creative=BkJcGSdN3A98X2H7gLpQjA&utm_campaign=yelp_api_v3&utm_medium=api_v3_business_search&utm_source=BkJcGSdN3A98X2H7gLpQjA,cafe,"Southern, American, Coffee & Tea",4.9,10,Yelp,2026-07-02
Taphouse,+61747722301,"City Lane, 373 Flinders St, Townsville Queensland 4810, Australia",Townsville,QLD,4810,https://www.yelp.com/biz/taphouse-townsville?adjust_creative=BkJcGSdN3A98X2H7gLpQjA&utm_campaign=yelp_api_v3&utm_medium=api_v3_business_search&utm_source=BkJcGSdN3A98X2H7gLpQjA,bar,Beer Bar,5.0,6,Yelp,2026-07-02
Feral Kitchen & Lounge,(805) 465-2211,"725 Higuera St, San Luis Obispo, CA 93401",San Luis Obispo,CA,93401,https://www.yelp.com/biz/feral-kitchen-and-lounge-san-luis-obispo?adjust_creative=BkJcGSdN3A98X2H7gLpQjA&utm_campaign=yelp_api_v3&utm_medium=api_v3_business_search&utm_source=BkJcGSdN3A98X2H7gLpQjA,bar,Lounges,4.5,131,Yelp,2026-07-02
Lava Lounge and Grill,(650) 392-5012,"6192 Mission St, Daly City, CA 94014",Daly City,CA,94014,https://www.yelp.com/biz/lava-lounge-and-grill-daly-city-6?adjust_creative=BkJcGSdN3A98X2H7gLpQjA&utm_campaign=yelp_api_v3&utm_medium=api_v3_business_search&utm_source=BkJcGSdN3A98X2H7gLpQjA,bar,"Hookah Bars, Lounges, Mediterranean",4.5,55,Yelp,2026-07-02
Golden Wok Bistro,(650) 347-1228,"570 South Norfolk St, San Mateo, CA 94401",San Mateo,CA,94401,https://www.yelp.com/biz/golden-wok-bistro-san-mateo-2?adjust_creative=BkJcGSdN3A98X2H7gLpQjA&utm_campaign=yelp_api_v3&utm_medium=api_v3_business_search&utm_source=BkJcGSdN3A98X2H7gLpQjA,cafe,"Hong Kong Style Cafe, Seafood, Cantonese",4.2,150,Yelp,2026-07-02
Happy Goat Farm To Table,(209) 966-5038,"5038 Central Yosemite Hwy, Mariposa, CA 95338",Mariposa,CA,95338,https://www.yelp.com/biz/happy-goat-farm-to-table-mariposa?adjust_creative=BkJcGSdN3A98X2H7gLpQjA&utm_campaign=yelp_api_v3&utm_medium=api_v3_business_search&utm_source=BkJcGSdN3A98X2H7gLpQjA,cafe,"Breakfast & Brunch, Coffee & Tea, Burgers",3.9,115,Yelp,2026-07-02
Ka Kai,(415) 660-7912,"4133 18th St, San Francisco, CA 94114",San Francisco,CA,94114,https://www.yelp.com/biz/ka-kai-san-francisco?adjust_creative=BkJcGSdN3A98X2H7gLpQjA&utm_campaign=yelp_api_v3&utm_medium=api_v3_business_search&utm_source=BkJcGSdN3A98X2H7gLpQjA,thai,Thai,3.8,32,Yelp,2026-07-02
Two Pitchers Brewing,(510) 999-4939,"3821 Noriega St, San Francisco, CA 94122",San Francisco,CA,94122,https://www.yelp.com/biz/two-pitchers-brewing-san-francisco?adjust_creative=BkJcGSdN3A98X2H7gLpQjA&utm_campaign=yelp_api_v3&utm_medium=api_v3_business_search&utm_source=BkJcGSdN3A98X2H7gLpQjA,bar,"Bars, Breweries, Burgers",4.8,10,Yelp,2026-07-02
Sonoratown,(213) 222-5071,"5610 San Vicente Blvd, Los Angeles, CA 90019",Los Angeles,CA,90019,https://www.yelp.com/biz/sonoratown-los-angeles-2?adjust_creative=BkJcGSdN3A98X2H7gLpQjA&utm_campaign=yelp_api_v3&utm_medium=api_v3_business_search&utm_source=BkJcGSdN3A98X2H7gLpQjA,mexican,Mexican,4.4,440,Yelp,2026-07-02
Golden Spoon,(209) 665-4725,"439 N Main St, Manteca, CA 95336",Manteca,CA,95336,https://www.yelp.com/biz/golden-spoon-manteca-2?adjust_creative=BkJcGSdN3A98X2H7gLpQjA&utm_campaign=yelp_api_v3&utm_medium=api_v3_business_search&utm_source=BkJcGSdN3A98X2H7gLpQjA,thai,"Thai, Noodles, Seafood",4.4,333,Yelp,2026-07-02
Papa Guapo,(858) 900-8900,"2541 San Diego Ave, San Diego, CA 92110",San Diego,CA,92110,https://www.yelp.com/biz/papa-guapo-san-diego?adjust_creative=BkJcGSdN3A98X2H7gLpQjA&utm_campaign=yelp_api_v3&utm_medium=api_v3_business_search&utm_source=BkJcGSdN3A98X2H7gLpQjA,mexican,Mexican,4.6,9,Yelp,2026-07-02
Cellar Bar,(559) 683-6860,"48644 Victoria Ln, Oakhurst, CA 93644",Oakhurst,CA,93644,https://www.yelp.com/biz/cellar-bar-oakhurst-2?adjust_creative=BkJcGSdN3A98X2H7gLpQjA&utm_campaign=yelp_api_v3&utm_medium=api_v3_business_search&utm_source=BkJcGSdN3A98X2H7gLpQjA,bar,"Cocktail Bars, New American",4.5,10,Yelp,2026-07-02
Cellar Bar,(559) 683-6860,"48644 Victoria Ln, Oakhurst, CA 93644",Oakhurst,CA,93644,https://www.yelp.com/biz/cellar-bar-oakhurst-2?adjust_creative=BkJcGSdN3A98X2H7gLpQjA&utm_campaign=yelp_api_v3&utm_medium=api_v3_business_search&utm_source=BkJcGSdN3A98X2H7gLpQjA,bar,"Cocktail Bars, New American",4.5,10,Yelp,2026-07-02
Morton's The Steakhouse,(408) 947-7000,"184 S Market St, Ste 100, San Jose, CA 95113",San Jose,CA,95113,https://www.yelp.com/biz/mortons-the-steakhouse-san-jose?adjust_creative=BkJcGSdN3A98X2H7gLpQjA&utm_campaign=yelp_api_v3&utm_medium=api_v3_business_search&utm_source=BkJcGSdN3A98X2H7gLpQjA,bakery,"Steakhouses, Desserts, Seafood",3.4,1428,Yelp,2026-07-02
RUBS American BBQ,(450) 937-5558,"699 Boulevard Curé-Labelle, Laval, QC H7L 5R7, Canada",Laval,QC,H7L 5R7,https://www.yelp.com/biz/rubs-american-bbq-laval?adjust_creative=BkJcGSdN3A98X2H7gLpQjA&utm_campaign=yelp_api_v3&utm_medium=api_v3_business_search&utm_source=BkJcGSdN3A98X2H7gLpQjA,bar,"Barbeque, Southern",4.0,156,Yelp,2026-07-02
La Bonfil,+525555740266,"Av. Álvaro Obregón 130, Col. Roma Norte, 06700 Ciudad de México, Aguascalientes, Mexico",Ciudad De México,AGU,06700,https://www.yelp.com/biz/la-bonfil-ciudad-de-m%C3%A9xico?adjust_creative=BkJcGSdN3A98X2H7gLpQjA&utm_campaign=yelp_api_v3&utm_medium=api_v3_business_search&utm_source=BkJcGSdN3A98X2H7gLpQjA,mexican,"Seafood, Mexican",5.0,3,Yelp,2026-07-02
Bulle,(559) 375-1288,"7045 N Marks Ave, Fresno, CA 93711",Fresno,CA,93711,https://www.yelp.com/biz/bulle-fresno?adjust_creative=BkJcGSdN3A98X2H7gLpQjA&utm_campaign=yelp_api_v3&utm_medium=api_v3_business_search&utm_source=BkJcGSdN3A98X2H7gLpQjA,bar,Wine Bars,4.3,29,Yelp,2026-07-02
Caló Kitchen + Tequila - El Segundo,(424) 269-2322,"2191 Rosecrans Ave, Ste B, El Segundo, CA 90245",El Segundo,CA,90245,https://www.yelp.com/biz/cal%C3%B3-kitchen-tequila-el-segundo-el-segundo?adjust_creative=BkJcGSdN3A98X2H7gLpQjA&utm_campaign=yelp_api_v3&utm_medium=api_v3_business_search&utm_source=BkJcGSdN3A98X2H7gLpQjA,mexican,"Mexican, Breakfast & Brunch, Cocktail Bars",4.5,2523,Yelp,2026-07-02
Crearee,(760) 873-4546,"276 S Warren St, Bishop, CA 93514",Bishop,CA,93514,https://www.yelp.com/biz/crearee-bishop-5?adjust_creative=BkJcGSdN3A98X2H7gLpQjA&utm_campaign=yelp_api_v3&utm_medium=api_v3_business_search&utm_source=BkJcGSdN3A98X2H7gLpQjA,mexican,"Mexican, International Grocery",4.7,357,Yelp,2026-07-02
Taphouse,+61747722301,"City Lane, 373 Flinders St, Townsville Queensland 4810, Australia",Townsville,QLD,4810,https://www.yelp.com/biz/taphouse-townsville?adjust_creative=BkJcGSdN3A98X2H7gLpQjA&utm_campaign=yelp_api_v3&utm_medium=api_v3_business_search&utm_source=BkJcGSdN3A98X2H7gLpQjA,bar,Beer Bar,5.0,6,Yelp,2026-07-02
Chip Shots Cafe,(760) 924-2200,"2001 Sierra Star Pkwy, Sierra Star Golf Club, Mammoth Lakes, CA 93546",Mammoth Lakes,CA,93546,https://www.yelp.com/biz/chip-shots-cafe-mammoth-lakes-3?adjust_creative=BkJcGSdN3A98X2H7gLpQjA&utm_campaign=yelp_api_v3&utm_medium=api_v3_business_search&utm_source=BkJcGSdN3A98X2H7gLpQjA,cafe,"Cafes, Burgers, Breakfast & Brunch",4.7,3,Yelp,2026-07-02
Sunset Bistro by Aromas,(818) 579-3550,"4867 Sunset Blvd, Los Angeles, CA 90027",Los Angeles,CA,90027,https://www.yelp.com/biz/sunset-bistro-by-aromas-los-angeles?adjust_creative=BkJcGSdN3A98X2H7gLpQjA&utm_campaign=yelp_api_v3&utm_medium=api_v3_business_search&utm_source=BkJcGSdN3A98X2H7gLpQjA,cafe,Cafeteria,2.8,27,Yelp,2026-07-02
Martin's Grill,(559) 307-0460,"29533 Auberry Rd, Unit 104, Prather, CA 93651",Prather,CA,93651,https://www.yelp.com/biz/martins-grill-prather?adjust_creative=BkJcGSdN3A98X2H7gLpQjA&utm_campaign=yelp_api_v3&utm_medium=api_v3_business_search&utm_source=BkJcGSdN3A98X2H7gLpQjA,mexican,"Mediterranean, Mexican, Breakfast & Brunch",4.5,4,Yelp,2026-07-02
Pollos Asados,(858) 430-7589,"2434 Ulric St, San Diego, CA 92111",San Diego,CA,92111,https://www.yelp.com/biz/pollos-asados-san-diego?adjust_creative=BkJcGSdN3A98X2H7gLpQjA&utm_campaign=yelp_api_v3&utm_medium=api_v3_business_search&utm_source=BkJcGSdN3A98X2H7gLpQjA,mexican,"Chicken Shop, Mexican",4.5,2,Yelp,2026-07-02
HAIBU,(415) 922-3100,"1625 Post St, San Francisco, CA 94115",San Francisco,CA,94115,https://www.yelp.com/biz/haibu-san-francisco?adjust_creative=BkJcGSdN3A98X2H7gLpQjA&utm_campaign=yelp_api_v3&utm_medium=api_v3_business_search&utm_source=BkJcGSdN3A98X2H7gLpQjA,bar,"Lounges, Cocktail Bars",4.4,42,Yelp,2026-07-02
Cactus Jack's Saloon,+61747215705,"237 Flinders St, Townsville Queensland 4810, Australia",Townsville,QLD,4810,https://www.yelp.com/biz/cactus-jacks-saloon-townsville?adjust_creative=BkJcGSdN3A98X2H7gLpQjA&utm_campaign=yelp_api_v3&utm_medium=api_v3_business_search&utm_source=BkJcGSdN3A98X2H7gLpQjA,mexican,Mexican,5.0,1,Yelp,2026-07-02
Jam Corner,+61747214900,"1 Palmer St, South Townsville Queensland 4810, Australia",South Townsville,QLD,4810,https://www.yelp.com/biz/jam-corner-south-townsville-2?adjust_creative=BkJcGSdN3A98X2H7gLpQjA&utm_campaign=yelp_api_v3&utm_medium=api_v3_business_search&utm_source=BkJcGSdN3A98X2H7gLpQjA,cafe,"Breakfast & Brunch, Coffee & Tea, Venues & Event Spaces",4.1,15,Yelp,2026-07-02
El Patron Taqueria,(559) 897-5579,"1961 Simpson St, Kingsburg, CA 93631",Kingsburg,CA,93631,https://www.yelp.com/biz/el-patron-taqueria-kingsburg-2?adjust_creative=BkJcGSdN3A98X2H7gLpQjA&utm_campaign=yelp_api_v3&utm_medium=api_v3_business_search&utm_source=BkJcGSdN3A98X2H7gLpQjA,mexican,Mexican,3.9,56,Yelp,2026-07-02
Bird And The Biscuit,(760) 965-0058,"26 Old Mammoth Rd, Unit L1, Mammoth Lakes, CA 93546",Mammoth Lakes,CA,93546,https://www.yelp.com/biz/bird-and-the-biscuit-mammoth-lakes?adjust_creative=BkJcGSdN3A98X2H7gLpQjA&utm_campaign=yelp_api_v3&utm_medium=api_v3_business_search&utm_source=BkJcGSdN3A98X2H7gLpQjA,cafe,"Southern, American, Coffee & Tea",4.9,10,Yelp,2026-07-02
Golden State Pizza & Grill,(415) 780-0778,"3349 Mission St, San Francisco, CA 94110",San Francisco,CA,94110,https://www.yelp.com/biz/golden-state-pizza-and-grill-san-francisco-4?adjust_creative=BkJcGSdN3A98X2H7gLpQjA&utm_campaign=yelp_api_v3&utm_medium=api_v3_business_search&utm_source=BkJcGSdN3A98X2H7gLpQjA,pizza,"Pizza, Cheesesteaks, Burgers",4.2,67,Yelp,2026-07-02
Big Tomy's,(310) 479-0601,"11289 W Pico Blvd, Los Angeles, CA 90064",Los Angeles,CA,90064,https://www.yelp.com/biz/big-tomys-los-angeles?adjust_creative=BkJcGSdN3A98X2H7gLpQjA&utm_campaign=yelp_api_v3&utm_medium=api_v3_business_search&utm_source=BkJcGSdN3A98X2H7gLpQjA,mexican,"Burgers, Mexican, American",3.9,493,Yelp,2026-07-02
Matilda's Diner,+61747712986,"Castletown Shopping World, Pimlico Queensland 4812, Australia",Pimlico,QLD,4812,https://www.yelp.com/biz/matildas-diner-pimlico-2?adjust_creative=BkJcGSdN3A98X2H7gLpQjA&utm_campaign=yelp_api_v3&utm_medium=api_v3_business_search&utm_source=BkJcGSdN3A98X2H7gLpQjA,cafe,"Coffee & Tea, Restaurants",,,Yelp,2026-07-02
Smokehouse BBQ Bar Sports Complex,(209) 772-2727,"126 Quail Oaks Rd, Valley Springs, CA 95252",Valley Springs,CA,95252,https://www.yelp.com/biz/smokehouse-bbq-bar-sports-complex-valley-springs-2?adjust_creative=BkJcGSdN3A98X2H7gLpQjA&utm_campaign=yelp_api_v3&utm_medium=api_v3_business_search&utm_source=BkJcGSdN3A98X2H7gLpQjA,bar,"Hot Dogs, Barbeque, Sports Bars",3.3,22,Yelp,2026-07-02
Hemlock Restaurant & Bar,(559) 566-2323,"48800 Royal Oaks Dr, Oakhurst, CA 93644",Oakhurst,CA,93644,https://www.yelp.com/biz/hemlock-restaurant-and-bar-oakhurst?adjust_creative=BkJcGSdN3A98X2H7gLpQjA&utm_campaign=yelp_api_v3&utm_medium=api_v3_business_search&utm_source=BkJcGSdN3A98X2H7gLpQjA,bar,"Bars, New American",4.4,32,Yelp,2026-07-02
Jam Corner,+61747214900,"1 Palmer St, South Townsville Queensland 4810, Australia",South Townsville,QLD,4810,https://www.yelp.com/biz/jam-corner-south-townsville-2?adjust_creative=BkJcGSdN3A98X2H7gLpQjA&utm_campaign=yelp_api_v3&utm_medium=api_v3_business_search&utm_source=BkJcGSdN3A98X2H7gLpQjA,cafe,"Breakfast & Brunch, Coffee & Tea, Venues & Event Spaces",4.1,15,Yelp,2026-07-02
Cellar Bar,(559) 683-6860,"48644 Victoria Ln, Oakhurst, CA 93644",Oakhurst,CA,93644,https://www.yelp.com/biz/cellar-bar-oakhurst-2?adjust_creative=BkJcGSdN3A98X2H7gLpQjA&utm_campaign=yelp_api_v3&utm_medium=api_v3_business_search&utm_source=BkJcGSdN3A98X2H7gLpQjA,bar,"Cocktail Bars, New American",4.5,10,Yelp,2026-07-02
Martin's Grill,(559) 307-0460,"29533 Auberry Rd, Unit 104, Prather, CA 93651",Prather,CA,93651,https://www.yelp.com/biz/martins-grill-prather?adjust_creative=BkJcGSdN3A98X2H7gLpQjA&utm_campaign=yelp_api_v3&utm_medium=api_v3_business_search&utm_source=BkJcGSdN3A98X2H7gLpQjA,mexican,"Mediterranean, Mexican, Breakfast & Brunch",4.5,4,Yelp,2026-07-02
Terrene,(415) 278-3777,"8 Mission St, San Francisco, CA 94105",San Francisco,CA,94105,https://www.yelp.com/biz/terrene-san-francisco-2?adjust_creative=BkJcGSdN3A98X2H7gLpQjA&utm_campaign=yelp_api_v3&utm_medium=api_v3_business_search&utm_source=BkJcGSdN3A98X2H7gLpQjA,bar,"Cocktail Bars, Breakfast & Brunch, American",4.1,200,Yelp,2026-07-02
Bird And The Biscuit,(760) 965-0058,"26 Old Mammoth Rd, Unit L1, Mammoth Lakes, CA 93546",Mammoth Lakes,CA,93546,https://www.yelp.com/biz/bird-and-the-biscuit-mammoth-lakes?adjust_creative=BkJcGSdN3A98X2H7gLpQjA&utm_campaign=yelp_api_v3&utm_medium=api_v3_business_search&utm_source=BkJcGSdN3A98X2H7gLpQjA,cafe,"Southern, American, Coffee & Tea",4.9,10,Yelp,2026-07-02
Focaccia Boi,(714) 798-4512,"Anaheim, CA 92801",Anaheim,CA,92801,https://www.yelp.com/biz/focaccia-boi-anaheim-2?adjust_creative=BkJcGSdN3A98X2H7gLpQjA&utm_campaign=yelp_api_v3&utm_medium=api_v3_business_search&utm_source=BkJcGSdN3A98X2H7gLpQjA,pizza,"Pizza, Sandwiches",5.0,4,Yelp,2026-07-02
La Gruta,+525555314877,"Circuito Arqueologico S/N, 55820 Teotihuacán de Arista, México, Mexico",Teotihuacán De Arista,MEX,55820,https://www.yelp.com/biz/la-gruta-teotihuac%C3%A1n-de-arista?adjust_creative=BkJcGSdN3A98X2H7gLpQjA&utm_campaign=yelp_api_v3&utm_medium=api_v3_business_search&utm_source=BkJcGSdN3A98X2H7gLpQjA,mexican,Mexican,3.8,330,Yelp,2026-07-02
Garden Grille & Lounge,(949) 224-3900,"2381 Morse Ave, Irvine, CA 92614",Irvine,CA,92614,https://www.yelp.com/biz/garden-grille-and-lounge-irvine?adjust_creative=BkJcGSdN3A98X2H7gLpQjA&utm_campaign=yelp_api_v3&utm_medium=api_v3_business_search&utm_source=BkJcGSdN3A98X2H7gLpQjA,bar,"American, Breakfast & Brunch, Lounges",4.8,4,Yelp,2026-07-02
El Cardenal,+525555218815,"Calle de la Palma 23, Col. Centro Histórico, 06000 Ciudad de México, CDMX, Mexico",Ciudad De México,DIF,06000,https://www.yelp.com/biz/el-cardenal-ciudad-de-m%C3%A9xico-2?adjust_creative=BkJcGSdN3A98X2H7gLpQjA&utm_campaign=yelp_api_v3&utm_medium=api_v3_business_search&utm_source=BkJcGSdN3A98X2H7gLpQjA,mexican,Mexican,4.5,495,Yelp,2026-07-02
Eden Garden Bar & Grill,(626) 440-1422,"175 E Holly St, Pasadena, CA 91103",Pasadena,CA,91103,https://www.yelp.com/biz/eden-garden-bar-and-grill-pasadena?adjust_creative=BkJcGSdN3A98X2H7gLpQjA&utm_campaign=yelp_api_v3&utm_medium=api_v3_business_search&utm_source=BkJcGSdN3A98X2H7gLpQjA,bar,"Mediterranean, Lounges, Halal",4.1,681,Yelp,2026-07-02
Golden Dragon,(509) 925-2272,"1302 S Ruby St, Ellensburg, WA 98926",Ellensburg,WA,98926,https://www.yelp.com/biz/golden-dragon-ellensburg?adjust_creative=BkJcGSdN3A98X2H7gLpQjA&utm_campaign=yelp_api_v3&utm_medium=api_v3_business_search&utm_source=BkJcGSdN3A98X2H7gLpQjA,chinese,Chinese,3.3,94,Yelp,2026-07-02
Paradise Lounge,(916) 594-7773,"6481 Stockton Blvd, Sacramento, CA 95823",Sacramento,CA,95823,https://www.yelp.com/biz/paradise-lounge-sacramento?adjust_creative=BkJcGSdN3A98X2H7gLpQjA&utm_campaign=yelp_api_v3&utm_medium=api_v3_business_search&utm_source=BkJcGSdN3A98X2H7gLpQjA,bar,"Karaoke, Lounges",4.4,29,Yelp,2026-07-02
LA Kitchen,(559) 515-6157,"6105 E Kings Canyon Rd, Ste 102, Fresno, CA 93727",Fresno,CA,93727,https://www.yelp.com/biz/la-kitchen-fresno?adjust_creative=BkJcGSdN3A98X2H7gLpQjA&utm_campaign=yelp_api_v3&utm_medium=api_v3_business_search&utm_source=BkJcGSdN3A98X2H7gLpQjA,thai,"Chinese, Laotian, Thai",4.1,406,Yelp,2026-07-02
Chicago Pizza,(209) 581-0163,"1825 Mitchell Rd, Ceres, CA 95307",Ceres,CA,95307,https://www.yelp.com/biz/chicago-pizza-ceres?adjust_creative=BkJcGSdN3A98X2H7gLpQjA&utm_campaign=yelp_api_v3&utm_medium=api_v3_business_search&utm_source=BkJcGSdN3A98X2H7gLpQjA,pizza,Pizza,3.2,70,Yelp,2026-07-02
Latin Market,(760) 934-7120,"1566 Tavern Rd, Mammoth Lakes, CA 93546",Mammoth Lakes,CA,93546,https://www.yelp.com/biz/latin-market-mammoth-lakes-2?adjust_creative=BkJcGSdN3A98X2H7gLpQjA&utm_campaign=yelp_api_v3&utm_medium=api_v3_business_search&utm_source=BkJcGSdN3A98X2H7gLpQjA,mexican,"Mexican, Grocery",4.5,489,Yelp,2026-07-02
Urban Comfort Foods Kitchen,(323) 986-5700,"17948 Avalon Blvd, Carson, CA 90746",Carson,CA,90746,https://www.yelp.com/biz/urban-comfort-foods-kitchen-carson-4?adjust_creative=BkJcGSdN3A98X2H7gLpQjA&utm_campaign=yelp_api_v3&utm_medium=api_v3_business_search&utm_source=BkJcGSdN3A98X2H7gLpQjA,caribbean,"Caribbean, Comfort Food",4.2,65,Yelp,2026-07-02
Treylor Park,(912) 495-5557,"115 E Bay St, Savannah, GA 31401",Savannah,GA,31401,https://www.yelp.com/biz/treylor-park-savannah?adjust_creative=BkJcGSdN3A98X2H7gLpQjA&utm_campaign=yelp_api_v3&utm_medium=api_v3_business_search&utm_source=BkJcGSdN3A98X2H7gLpQjA,bar,"New American, Bars, Breakfast & Brunch",4.3,4796,Yelp,2026-07-02
Mountain Oaks Bar & Grill,(559) 641-5300,"35364 CA-41, Coarsegold, CA 93614",Coarsegold,CA,93614,https://www.yelp.com/biz/mountain-oaks-bar-and-grill-coarsegold?adjust_creative=BkJcGSdN3A98X2H7gLpQjA&utm_campaign=yelp_api_v3&utm_medium=api_v3_business_search&utm_source=BkJcGSdN3A98X2H7gLpQjA,cafe,"American, Breakfast & Brunch, Cafes",5.0,2,Yelp,2026-07-02
Urban Comfort Foods Kitchen,(323) 986-5700,"17948 Avalon Blvd, Carson, CA 90746",Carson,CA,90746,https://www.yelp.com/biz/urban-comfort-foods-kitchen-carson-4?adjust_creative=BkJcGSdN3A98X2H7gLpQjA&utm_campaign=yelp_api_v3&utm_medium=api_v3_business_search&utm_source=BkJcGSdN3A98X2H7gLpQjA,caribbean,"Caribbean, Comfort Food",4.2,65,Yelp,2026-07-02
El Rey Taquiza Artesanal,(415) 796-2139,"2491 Mission St, San Francisco, CA 94110",San Francisco,CA,94110,https://www.yelp.com/biz/el-rey-taquiza-artesanal-san-francisco?adjust_creative=BkJcGSdN3A98X2H7gLpQjA&utm_campaign=yelp_api_v3&utm_medium=api_v3_business_search&utm_source=BkJcGSdN3A98X2H7gLpQjA,bar,"Tacos, Beer Bar, Gastropubs",4.4,157,Yelp,2026-07-02
On The Vine,(661) 695-8545,"10711 Rosedale Hwy, Bakersfield, CA 93312",Bakersfield,CA,93312,https://www.yelp.com/biz/on-the-vine-bakersfield?adjust_creative=BkJcGSdN3A98X2H7gLpQjA&utm_campaign=yelp_api_v3&utm_medium=api_v3_business_search&utm_source=BkJcGSdN3A98X2H7gLpQjA,bar,"Wine Bars, Wine Tasting Room, Sports Bars",4.7,18,Yelp,2026-07-02
Red Apple Cafe,(559) 261-1505,"488 W Herndon Ave, Fresno, CA 93650",Fresno,CA,93650,https://www.yelp.com/biz/red-apple-cafe-fresno?adjust_creative=BkJcGSdN3A98X2H7gLpQjA&utm_campaign=yelp_api_v3&utm_medium=api_v3_business_search&utm_source=BkJcGSdN3A98X2H7gLpQjA,cafe,"Breakfast & Brunch, Cafes, Sandwiches",4.4,1503,Yelp,2026-07-02
Basement Tavern,(310) 396-2469,"2640 Main St, Santa Monica, CA 90405",Santa Monica,CA,90405,https://www.yelp.com/biz/basement-tavern-santa-monica?adjust_creative=BkJcGSdN3A98X2H7gLpQjA&utm_campaign=yelp_api_v3&utm_medium=api_v3_business_search&utm_source=BkJcGSdN3A98X2H7gLpQjA,bar,"New American, Lounges",3.5,474,Yelp,2026-07-02
Taco's El Rey,(562) 777-8919,"14215 Imperial Hwy, La Mirada, CA 90638",La Mirada,CA,90638,https://www.yelp.com/biz/tacos-el-rey-la-mirada-2?adjust_creative=BkJcGSdN3A98X2H7gLpQjA&utm_campaign=yelp_api_v3&utm_medium=api_v3_business_search&utm_source=BkJcGSdN3A98X2H7gLpQjA,mexican,"Mexican, Juice Bars & Smoothies, Breakfast & Brunch",4.4,390,Yelp,2026-07-02
Red Cloak,(213) 908-7368,"3525 W 3rd St, Ste 2, Los Angeles, CA 90020",Los Angeles,CA,90020,https://www.yelp.com/biz/red-cloak-los-angeles?adjust_creative=BkJcGSdN3A98X2H7gLpQjA&utm_campaign=yelp_api_v3&utm_medium=api_v3_business_search&utm_source=BkJcGSdN3A98X2H7gLpQjA,korean,"Korean, Asian Fusion",4.2,5,Yelp,2026-07-02
Jeannine's Bakery & Restaurant,(805) 687-8701,"1 State St, Santa Barbara, CA 93101",Santa Barbara,CA,93101,https://www.yelp.com/biz/jeannines-bakery-and-restaurant-santa-barbara?adjust_creative=BkJcGSdN3A98X2H7gLpQjA&utm_campaign=yelp_api_v3&utm_medium=api_v3_business_search&utm_source=BkJcGSdN3A98X2H7gLpQjA,cafe,"Coffee & Tea, Patisserie/Cake Shop, Breakfast & Brunch",4.4,691,Yelp,2026-07-02
Urban Comfort Foods Kitchen,(323) 986-5700,"17948 Avalon Blvd, Carson, CA 90746",Carson,CA,90746,https://www.yelp.com/biz/urban-comfort-foods-kitchen-carson-4?adjust_creative=BkJcGSdN3A98X2H7gLpQjA&utm_campaign=yelp_api_v3&utm_medium=api_v3_business_search&utm_source=BkJcGSdN3A98X2H7gLpQjA,caribbean,"Caribbean, Comfort Food",4.2,65,Yelp,2026-07-02
McConnell's Fine Ice Creams,(805) 439-5055,"868 Monterey St, San Luis Obispo, CA 93401",San Luis Obispo,CA,93401,https://www.yelp.com/biz/mcconnells-fine-ice-creams-san-luis-obispo?adjust_creative=BkJcGSdN3A98X2H7gLpQjA&utm_campaign=yelp_api_v3&utm_medium=api_v3_business_search&utm_source=BkJcGSdN3A98X2H7gLpQjA,bakery,Ice Cream & Frozen Yogurt,4.5,252,Yelp,2026-07-02
Hoi Polloi,+61432025129,"Denham Lane, Townsville City Queensland 4810, Australia",Townsville City,QLD,4810,https://www.yelp.com/biz/hoi-polloi-townsville-city?adjust_creative=BkJcGSdN3A98X2H7gLpQjA&utm_campaign=yelp_api_v3&utm_medium=api_v3_business_search&utm_source=BkJcGSdN3A98X2H7gLpQjA,cafe,"Bars, Cafes",5.0,1,Yelp,2026-07-02
Golden Spoon,(619) 299-7766,"1254 University Ave, San Diego, CA 92103",San Diego,CA,92103,https://www.yelp.com/biz/golden-spoon-san-diego-2?adjust_creative=BkJcGSdN3A98X2H7gLpQjA&utm_campaign=yelp_api_v3&utm_medium=api_v3_business_search&utm_source=BkJcGSdN3A98X2H7gLpQjA,bakery,Ice Cream & Frozen Yogurt,3.9,323,Yelp,2026-07-02
Hoi Polloi,+61432025129,"Denham Lane, Townsville City Queensland 4810, Australia",Townsville City,QLD,4810,https://www.yelp.com/biz/hoi-polloi-townsville-city?adjust_creative=BkJcGSdN3A98X2H7gLpQjA&utm_campaign=yelp_api_v3&utm_medium=api_v3_business_search&utm_source=BkJcGSdN3A98X2H7gLpQjA,cafe,"Bars, Cafes",5.0,1,Yelp,2026-07-02
Ishtar Mediterranean Market And Grill,(209) 250-1237,"2340 W Monta Vista Ave, Turlock, CA 95382",Turlock,CA,95382,https://www.yelp.com/biz/ishtar-mediterranean-market-and-grill-turlock?adjust_creative=BkJcGSdN3A98X2H7gLpQjA&utm_campaign=yelp_api_v3&utm_medium=api_v3_business_search&utm_source=BkJcGSdN3A98X2H7gLpQjA,mediterranean,"Grocery, Mediterranean",4.4,54,Yelp,2026-07-02
Urban Comfort Foods Kitchen,(323) 986-5700,"17948 Avalon Blvd, Carson, CA 90746",Carson,CA,90746,https://www.yelp.com/biz/urban-comfort-foods-kitchen-carson-4?adjust_creative=BkJcGSdN3A98X2H7gLpQjA&utm_campaign=yelp_api_v3&utm_medium=api_v3_business_search&utm_source=BkJcGSdN3A98X2H7gLpQjA,caribbean,"Caribbean, Comfort Food",4.2,65,Yelp,2026-07-02
Channel 2 Sports Bar,(858) 430-6442,"3232 Greyling Dr, San Diego, CA 92123",San Diego,CA,92123,https://www.yelp.com/biz/channel-2-sports-bar-san-diego?adjust_creative=BkJcGSdN3A98X2H7gLpQjA&utm_campaign=yelp_api_v3&utm_medium=api_v3_business_search&utm_source=BkJcGSdN3A98X2H7gLpQjA,bar,"Sports Bars, Dive Bars, Cocktail Bars",4.4,85,Yelp,2026-07-02
Antolina,+525552116845,"Aguascalientes 232, Col. Hipodromo, 06100 Ciudad de México, CDMX, Mexico",Ciudad De México,DIF,06100,https://www.yelp.com/biz/antolina-ciudad-de-m%C3%A9xico?adjust_creative=BkJcGSdN3A98X2H7gLpQjA&utm_campaign=yelp_api_v3&utm_medium=api_v3_business_search&utm_source=BkJcGSdN3A98X2H7gLpQjA,mexican,Mexican,4.5,42,Yelp,2026-07-02
Living Room Lounge,(619) 398-3100,"421 W B St, W San Diego, San Diego, CA 92101",San Diego,CA,92101,https://www.yelp.com/biz/living-room-lounge-san-diego-2?adjust_creative=BkJcGSdN3A98X2H7gLpQjA&utm_campaign=yelp_api_v3&utm_medium=api_v3_business_search&utm_source=BkJcGSdN3A98X2H7gLpQjA,bar,Lounges,4.5,2,Yelp,2026-07-02
The Craftsman - Brews & Bites,(424) 400-7562,"1817 S Catalina Ave, Redondo Beach, CA 90277",Redondo Beach,CA,90277,https://www.yelp.com/biz/the-craftsman-brews-and-bites-redondo-beach?adjust_creative=BkJcGSdN3A98X2H7gLpQjA&utm_campaign=yelp_api_v3&utm_medium=api_v3_business_search&utm_source=BkJcGSdN3A98X2H7gLpQjA,bar,"Brewpubs, American, Mediterranean",4.5,108,Yelp,2026-07-02
Bubba's Smokehouse BBQ,(858) 551-4227,"1051 Garnett Ave, San Diego, CA 92109",San Diego,CA,92109,https://www.yelp.com/biz/bubbas-smokehouse-bbq-san-diego-5?adjust_creative=BkJcGSdN3A98X2H7gLpQjA&utm_campaign=yelp_api_v3&utm_medium=api_v3_business_search&utm_source=BkJcGSdN3A98X2H7gLpQjA,bar,"Barbeque, American, Sports Bars",4.2,1189,Yelp,2026-07-02
Bulle,(559) 375-1288,"7045 N Marks Ave, Fresno, CA 93711",Fresno,CA,93711,https://www.yelp.com/biz/bulle-fresno?adjust_creative=BkJcGSdN3A98X2H7gLpQjA&utm_campaign=yelp_api_v3&utm_medium=api_v3_business_search&utm_source=BkJcGSdN3A98X2H7gLpQjA,bar,Wine Bars,4.4,34,Yelp,2026-07-02
Mariscos Roberto,(323) 787-8916,"2338 Venice Blvd, Los Angeles, CA 90019",Los Angeles,CA,90019,https://www.yelp.com/biz/mariscos-roberto-los-angeles-2?adjust_creative=BkJcGSdN3A98X2H7gLpQjA&utm_campaign=yelp_api_v3&utm_medium=api_v3_business_search&utm_source=BkJcGSdN3A98X2H7gLpQjA,mexican,"Seafood, Mexican, Food Stands",5.0,1,Yelp,2026-07-02
Blue Luna Cafe & Deli,(619) 800-6909,"4070 Bonita Rd, Ste 200, Bonita, CA 91902",Bonita,CA,91902,https://www.yelp.com/biz/blue-luna-cafe-and-deli-bonita?adjust_creative=BkJcGSdN3A98X2H7gLpQjA&utm_campaign=yelp_api_v3&utm_medium=api_v3_business_search&utm_source=BkJcGSdN3A98X2H7gLpQjA,cafe,"Cafes, Delis, Coffee & Tea",4.1,69,Yelp,2026-07-02
Urban Kitchen,(510) 509-9100,"6221 Jarvis Ave, Newark, CA 94560",Newark,CA,94560,https://www.yelp.com/biz/urban-kitchen-newark-2?adjust_creative=BkJcGSdN3A98X2H7gLpQjA&utm_campaign=yelp_api_v3&utm_medium=api_v3_business_search&utm_source=BkJcGSdN3A98X2H7gLpQjA,indian,"Indian, Burgers, Pizza",3.9,413,Yelp,2026-07-02
D.Lounge,(213) 322-2559,"4001 W 6th St, Los Angeles, CA 90020",Los Angeles,CA,90020,https://www.yelp.com/biz/d-lounge-los-angeles?adjust_creative=BkJcGSdN3A98X2H7gLpQjA&utm_campaign=yelp_api_v3&utm_medium=api_v3_business_search&utm_source=BkJcGSdN3A98X2H7gLpQjA,bar,"Karaoke, Bars",5.0,4,Yelp,2026-07-02
The Botanist,(661) 374-4807,"930 18th St, Bakersfield, CA 93301",Bakersfield,CA,93301,https://www.yelp.com/biz/the-botanist-bakersfield?adjust_creative=BkJcGSdN3A98X2H7gLpQjA&utm_campaign=yelp_api_v3&utm_medium=api_v3_business_search&utm_source=BkJcGSdN3A98X2H7gLpQjA,bar,"Cocktail Bars, American",4.4,427,Yelp,2026-07-02
Blue Hummingbird Coffee,(949) 988-8870,"530 Technology, Ste 100, Irvine, CA 92618",Irvine,CA,92618,https://www.yelp.com/biz/blue-hummingbird-coffee-irvine-24?adjust_creative=BkJcGSdN3A98X2H7gLpQjA&utm_campaign=yelp_api_v3&utm_medium=api_v3_business_search&utm_source=BkJcGSdN3A98X2H7gLpQjA,cafe,Coffee & Tea,4.9,11,Yelp,2026-07-02
Garden Grille,(510) 658-9300,"1800 Powell St, Emeryville, CA 94608",Emeryville,CA,94608,https://www.yelp.com/biz/garden-grille-emeryville?adjust_creative=BkJcGSdN3A98X2H7gLpQjA&utm_campaign=yelp_api_v3&utm_medium=api_v3_business_search&utm_source=BkJcGSdN3A98X2H7gLpQjA,bar,"Wine Bars, American, Cocktail Bars",4.0,4,Yelp,2026-07-02
Butcher Paper Food Truck,(858) 263-9835,"2750 Wheatstone St, San Diego, CA 92111",San Diego,CA,92111,https://www.yelp.com/biz/butcher-paper-food-truck-san-diego?adjust_creative=BkJcGSdN3A98X2H7gLpQjA&utm_campaign=yelp_api_v3&utm_medium=api_v3_business_search&utm_source=BkJcGSdN3A98X2H7gLpQjA,food_truck,"Food Trucks, Sandwiches, Burgers",4.5,10,Yelp,2026-07-02
Paradise Garden Grill,(714) 781-4636,"1313 S Disneyland Dr, Anaheim, CA 92802",Anaheim,CA,92802,https://www.yelp.com/biz/paradise-garden-grill-anaheim-4?adjust_creative=BkJcGSdN3A98X2H7gLpQjA&utm_campaign=yelp_api_v3&utm_medium=api_v3_business_search&utm_source=BkJcGSdN3A98X2H7gLpQjA,mexican,Mexican,3.9,275,Yelp,2026-07-02
Lardo,+525552117731,"Agustín Melgar 6, Col. Condesa, 06140 Ciudad de México, CDMX, Mexico",Ciudad De México,DIF,06140,https://www.yelp.com/biz/lardo-ciudad-de-m%C3%A9xico?adjust_creative=BkJcGSdN3A98X2H7gLpQjA&utm_campaign=yelp_api_v3&utm_medium=api_v3_business_search&utm_source=BkJcGSdN3A98X2H7gLpQjA,cafe,"Breakfast & Brunch, French, Cafeteria",4.4,496,Yelp,2026-07-02
House of Prime Rib,(415) 885-4605,"1906 Van Ness Ave, San Francisco, CA 94109",San Francisco,CA,94109,https://www.yelp.com/biz/house-of-prime-rib-san-francisco?adjust_creative=BkJcGSdN3A98X2H7gLpQjA&utm_campaign=yelp_api_v3&utm_medium=api_v3_business_search&utm_source=BkJcGSdN3A98X2H7gLpQjA,bar,"American, Steakhouses, Wine Bars",4.2,10139,Yelp,2026-07-02
